sale_id,store_id,category_id,sale_month,year,month_num,units_sold,transactions,revenue_gbp,cost_gbp,discount_gbp,gross_profit_gbp
SL-0000001,STR-001,CAT-01,2023-01-01,2023,1,605,334,21678.05,12652.93,266.22,9025.12
SL-0000002,STR-001,CAT-02,2023-01-01,2023,1,776,447,21366.84,18382.52,1176.16,2984.32
SL-0000003,STR-001,CAT-03,2023-01-01,2023,1,1066,526,28677.03,17307.91,1258.95,11369.12
SL-0000004,STR-001,CAT-04,2023-01-01,2023,1,892,570,24490.87,15954.0,706.51,8536.87
SL-0000005,STR-001,CAT-05,2023-01-01,2023,1,861,421,17787.34,8161.72,837.25,9625.62
SL-0000006,STR-001,CAT-06,2023-01-01,2023,1,631,295,27026.13,21024.53,1554.82,6001.6
SL-0000007,STR-001,CAT-07,2023-01-01,2023,1,1054,426,20208.36,11319.44,276.22,8888.92
SL-0000008,STR-001,CAT-08,2023-01-01,2023,1,833,498,25470.71,17683.99,547.05,7786.72
SL-0000009,STR-001,CAT-01,2023-02-01,2023,2,421,207,7798.47,4675.74,279.86,3122.73
SL-0000010,STR-001,CAT-02,2023-02-01,2023,2,656,396,11212.59,8812.83,642.03,2399.76
SL-0000011,STR-001,CAT-03,2023-02-01,2023,2,893,573,14141.34,8740.68,290.07,5400.66
SL-0000012,STR-001,CAT-04,2023-02-01,2023,2,418,270,10038.31,6587.36,419.09,3450.95
SL-0000013,STR-001,CAT-05,2023-02-01,2023,2,527,315,9920.41,4570.09,557.43,5350.32
SL-0000014,STR-001,CAT-06,2023-02-01,2023,2,366,195,9196.01,7239.64,527.14,1956.37
SL-0000015,STR-001,CAT-07,2023-02-01,2023,2,418,318,9609.61,6095.54,179.58,3514.07
SL-0000016,STR-001,CAT-08,2023-02-01,2023,2,305,174,8147.35,5757.59,280.29,2389.76
SL-0000017,STR-001,CAT-01,2023-03-01,2023,3,446,240,17643.67,10228.73,881.24,7414.94
SL-0000018,STR-001,CAT-02,2023-03-01,2023,3,809,536,20206.13,15514.29,368.83,4691.84
SL-0000019,STR-001,CAT-03,2023-03-01,2023,3,906,496,24808.43,14963.54,355.74,9844.89
SL-0000020,STR-001,CAT-04,2023-03-01,2023,3,1515,880,34663.3,23380.61,1417.36,11282.69
SL-0000021,STR-001,CAT-05,2023-03-01,2023,3,1677,944,30031.42,13410.4,1518.67,16621.02
SL-0000022,STR-001,CAT-06,2023-03-01,2023,3,782,429,22886.06,17581.11,908.77,5304.95
SL-0000023,STR-001,CAT-07,2023-03-01,2023,3,608,416,13525.06,7913.61,684.69,5611.45
SL-0000024,STR-001,CAT-08,2023-03-01,2023,3,1093,603,29252.25,20523.63,1176.42,8728.62
SL-0000025,STR-001,CAT-01,2023-04-01,2023,4,867,553,24089.83,13405.12,277.25,10684.71
SL-0000026,STR-001,CAT-02,2023-04-01,2023,4,31858,34606,20201.95,16761.83,311.07,3440.12
SL-0000027,STR-001,CAT-03,2023-04-01,2023,4,1005,496,21384.68,12949.38,406.13,8435.3
SL-0000028,STR-001,CAT-04,2023-04-01,2023,4,1041,615,30552.61,20954.31,1372.3,9598.3
SL-0000029,STR-001,CAT-05,2023-04-01,2023,4,560,305,24694.24,10680.54,247.52,14013.7
SL-0000030,STR-001,CAT-06,2023-04-01,2023,4,1051,781,34177.18,26388.42,821.89,7788.76
SL-0000031,STR-001,CAT-07,2023-04-01,2023,4,912,579,21685.38,13255.63,414.46,8429.75
SL-0000032,STR-001,CAT-08,2023-04-01,2023,4,2366,1167,37716.91,26001.41,572.92,11715.5
SL-0000033,STR-001,CAT-01,2023-05-01,2023,5,769,436,19408.51,10833.76,1026.08,8574.75
SL-0000034,STR-001,CAT-02,2023-05-01,2023,5,1182,641,17823.2,14070.31,778.38,3752.89
SL-0000035,STR-001,CAT-03,2023-05-01,2023,5,765,547,24537.58,15663.36,1146.17,8874.22
SL-0000036,STR-001,CAT-04,2023-05-01,2023,5,588,310,20196.45,13463.71,786.82,6732.74
SL-0000037,STR-001,CAT-05,2023-05-01,2023,5,2764,1751,41484.95,18182.15,1751.81,23302.8
SL-0000038,STR-001,CAT-06,2023-05-01,2023,5,1785,998,34841.2,27238.96,1151.46,7602.24
SL-0000039,STR-001,CAT-07,2023-05-01,2023,5,1353,582,20420.3,11646.28,687.12,8774.02
SL-0000040,STR-001,CAT-08,2023-05-01,2023,5,826,491,23322.0,16622.39,551.22,6699.61
SL-0000041,STR-001,CAT-01,2023-06-01,2023,6,1107,511,32889.73,18822.64,1075.31,14067.09
SL-0000042,STR-001,CAT-02,2023-06-01,2023,6,544,265,15817.49,13815.28,505.46,2002.21
SL-0000043,STR-001,CAT-03,2023-06-01,2023,6,781,295,24319.4,15100.67,1113.77,9218.73
SL-0000044,STR-001,CAT-04,2023-06-01,2023,6,625,337,22944.56,15828.88,1174.77,7115.68
SL-0000045,STR-001,CAT-05,2023-06-01,2023,6,1482,909,20222.36,9510.91,606.88,10711.45
SL-0000046,STR-001,CAT-06,2023-06-01,2023,6,1352,733,24838.35,19776.21,1324.75,5062.14
SL-0000047,STR-001,CAT-07,2023-06-01,2023,6,766,373,17936.5,11022.83,953.97,6913.67
SL-0000048,STR-001,CAT-08,2023-06-01,2023,6,836,413,29080.59,20127.45,1155.06,8953.14
SL-0000049,STR-001,CAT-01,2023-07-01,2023,7,892,478,32196.73,19565.4,537.33,12631.33
SL-0000050,STR-001,CAT-02,2023-07-01,2023,7,1449,889,25454.86,21685.26,521.15,3769.6
SL-0000051,STR-001,CAT-03,2023-07-01,2023,7,548,465,17310.09,10125.77,442.83,7184.32
SL-0000052,STR-001,CAT-04,2023-07-01,2023,7,413,189,16605.92,11251.93,329.57,5353.99
SL-0000053,STR-001,CAT-05,2023-07-01,2023,7,590,318,13450.27,5972.83,255.17,7477.44
SL-0000054,STR-001,CAT-06,2023-07-01,2023,7,835,490,23368.26,18586.43,765.69,4781.83
SL-0000055,STR-001,CAT-07,2023-07-01,2023,7,825,408,18185.38,11138.17,195.39,7047.21
SL-0000056,STR-001,CAT-08,2023-07-01,2023,7,886,579,20952.28,15401.06,560.84,5551.22
SL-0000057,STR-001,CAT-01,2023-08-01,2023,8,795,501,32581.34,19170.48,330.58,13410.86
SL-0000058,STR-001,CAT-02,2023-08-01,2023,8,1049,550,20214.87,16182.01,427.48,4032.86
SL-0000059,STR-001,CAT-03,2023-08-01,2023,8,748,589,25630.12,16513.37,905.88,9116.75
SL-0000060,STR-001,CAT-04,2023-08-01,2023,8,1261,549,37023.99,23134.03,1589.4,13889.96
SL-0000061,STR-001,CAT-05,2023-08-01,2023,8,870,545,26394.21,11877.76,313.55,14516.45
SL-0000062,STR-001,CAT-06,2023-08-01,2023,8,2946,1570,27830.48,22028.86,1125.07,5801.62
SL-0000063,STR-001,CAT-07,2023-08-01,2023,8,1728,1005,30413.38,18539.62,1147.42,11873.76
SL-0000064,STR-001,CAT-08,2023-08-01,2023,8,1206,419,29632.05,20297.65,1107.07,9334.4
SL-0000065,STR-001,CAT-01,2023-09-01,2023,9,809,423,23861.78,14294.09,298.21,9567.69
SL-0000066,STR-001,CAT-02,2023-09-01,2023,9,1204,655,35459.44,27639.8,943.3,7819.64
SL-0000067,STR-001,CAT-03,2023-09-01,2023,9,979,605,25489.37,15826.27,904.63,9663.1
SL-0000068,STR-001,CAT-04,2023-09-01,2023,9,763,339,30175.92,19330.02,1136.19,10845.9
SL-0000069,STR-001,CAT-05,2023-09-01,2023,9,1030,480,26015.38,11669.52,1430.87,14345.86
SL-0000070,STR-001,CAT-06,2023-09-01,2023,9,1239,744,31422.4,24700.19,1694.31,6722.21
SL-0000071,STR-001,CAT-07,2023-09-01,2023,9,969,475,18436.22,11268.76,798.38,7167.46
SL-0000072,STR-001,CAT-08,2023-09-01,2023,9,1656,1007,27980.6,19601.11,500.37,8379.49
SL-0000073,STR-001,CAT-01,2023-10-01,2023,10,997,451,30272.54,17318.45,1217.67,12954.09
SL-0000074,STR-001,CAT-02,2023-10-01,2023,10,1524,781,30394.23,25466.81,467.3,4927.42
SL-0000075,STR-001,CAT-03,2023-10-01,2023,10,547,285,15675.34,9221.58,780.19,6453.76
SL-0000076,STR-001,CAT-04,2023-10-01,2023,10,672,368,25960.84,16679.15,819.06,9281.69
SL-0000077,STR-001,CAT-05,2023-10-01,2023,10,566,286,21054.07,9757.65,1218.09,11296.42
SL-0000078,STR-001,CAT-06,2023-10-01,2023,10,630,423,21699.66,16694.78,361.54,5004.88
SL-0000079,STR-001,CAT-07,2023-10-01,2023,10,3677,2086,29357.24,17609.27,330.69,11747.97
SL-0000080,STR-001,CAT-08,2023-10-01,2023,10,613,388,19744.3,13220.75,531.25,6523.55
SL-0000081,STR-001,CAT-01,2023-11-01,2023,11,2040,1089,33685.29,20610.25,1932.27,13075.04
SL-0000082,STR-001,CAT-02,2023-11-01,2023,11,2038,975,56202.22,45810.82,1271.36,10391.4
SL-0000083,STR-001,CAT-03,2023-11-01,2023,11,995,500,28510.7,17807.21,515.18,10703.49
SL-0000084,STR-001,CAT-04,2023-11-01,2023,11,1563,680,23060.15,14779.63,1190.53,8280.52
SL-0000085,STR-001,CAT-05,2023-11-01,2023,11,1418,656,45788.41,20250.12,2578.16,25538.29
SL-0000086,STR-001,CAT-06,2023-11-01,2023,11,1141,593,37341.15,28766.02,2136.56,8575.13
SL-0000087,STR-001,CAT-07,2023-11-01,2023,11,1314,923,38704.18,23741.98,1573.9,14962.2
SL-0000088,STR-001,CAT-08,2023-11-01,2023,11,1179,773,30846.82,21055.11,555.27,9791.71
SL-0000089,STR-001,CAT-01,2023-12-01,2023,12,728,358,21332.62,12541.71,1034.91,8790.91
SL-0000090,STR-001,CAT-02,2023-12-01,2023,12,1853,1119,45648.71,36351.79,728.66,9296.92
SL-0000091,STR-001,CAT-03,2023-12-01,2023,12,1770,922,31132.85,19165.31,974.0,11967.54
SL-0000092,STR-001,CAT-04,2023-12-01,2023,12,682,465,18769.77,12027.37,1084.2,6742.4
SL-0000093,STR-001,CAT-05,2023-12-01,2023,12,1169,521,34470.77,14237.8,1215.56,20232.97
SL-0000094,STR-001,CAT-06,2023-12-01,2023,12,1046,586,29870.51,23126.85,441.0,6743.66
SL-0000095,STR-001,CAT-07,2023-12-01,2023,12,1884,1005,47833.19,28852.28,2055.96,18980.91
SL-0000096,STR-001,CAT-08,2023-12-01,2023,12,834,647,29965.3,21101.31,1638.18,8863.99
SL-0000097,STR-001,CAT-01,2024-01-01,2024,1,815,330,17337.37,10383.07,875.76,6954.3
SL-0000098,STR-001,CAT-02,2024-01-01,2024,1,507,375,12636.16,10401.19,688.57,2234.97
SL-0000099,STR-001,CAT-03,2024-01-01,2024,1,392,273,9591.41,5712.1,227.04,3879.31
SL-0000100,STR-001,CAT-04,2024-01-01,2024,1,675,360,22635.58,14993.66,359.49,7641.92
SL-0000101,STR-001,CAT-05,2024-01-01,2024,1,821,479,18688.25,8112.03,694.65,10576.22
SL-0000102,STR-001,CAT-06,2024-01-01,2024,1,1204,553,27037.55,20497.87,1037.1,6539.68
SL-0000103,STR-001,CAT-07,2024-01-01,2024,1,454,224,11848.92,6830.83,244.3,5018.09
SL-0000104,STR-001,CAT-08,2024-01-01,2024,1,1036,898,18400.18,13082.92,721.11,5317.26
SL-0000105,STR-001,CAT-01,2024-02-01,2024,2,631,305,17019.61,9941.79,537.29,7077.82
SL-0000106,STR-001,CAT-02,2024-02-01,2024,2,432,265,16631.01,13730.6,950.69,2900.41
SL-0000107,STR-001,CAT-03,2024-02-01,2024,2,961,541,30357.53,17960.5,1374.97,12397.03
SL-0000108,STR-001,CAT-04,2024-02-01,2024,2,535,280,19540.87,13087.07,455.25,6453.8
SL-0000109,STR-001,CAT-05,2024-02-01,2024,2,808,415,21555.77,10429.8,817.89,11125.97
SL-0000110,STR-001,CAT-06,2024-02-01,2024,2,691,317,20973.76,16449.04,1010.72,4524.72
SL-0000111,STR-001,CAT-07,2024-02-01,2024,2,244,150,13646.47,7860.76,777.47,5785.71
SL-0000112,STR-001,CAT-08,2024-02-01,2024,2,1017,502,28904.54,20413.85,1032.35,8490.69
SL-0000113,STR-001,CAT-01,2024-03-01,2024,3,563,340,16330.4,9441.63,325.64,6888.77
SL-0000114,STR-001,CAT-02,2024-03-01,2024,3,417,245,12794.42,11020.8,470.43,1773.62
SL-0000115,STR-001,CAT-03,2024-03-01,2024,3,1014,550,34967.98,21778.36,1061.19,13189.62
SL-0000116,STR-001,CAT-04,2024-03-01,2024,3,934,528,27694.34,19381.42,1070.18,8312.92
SL-0000117,STR-001,CAT-05,2024-03-01,2024,3,1481,828,29766.2,13501.44,554.84,16264.76
SL-0000118,STR-001,CAT-06,2024-03-01,2024,3,791,432,29745.82,22960.61,1256.32,6785.21
SL-0000119,STR-001,CAT-07,2024-03-01,2024,3,719,347,18573.39,10948.88,415.4,7624.51
SL-0000120,STR-001,CAT-08,2024-03-01,2024,3,1214,777,25464.01,18773.96,1424.54,6690.05
SL-0000121,STR-001,CAT-01,2024-04-01,2024,4,791,569,24724.34,14215.35,608.01,10508.99
SL-0000122,STR-001,CAT-02,2024-04-01,2024,4,607,432,19373.33,15828.95,983.3,3544.38
SL-0000123,STR-001,CAT-03,2024-04-01,2024,4,1265,1000,33646.56,22008.26,1331.47,11638.3
SL-0000124,STR-001,CAT-04,2024-04-01,2024,4,1262,651,31458.38,20051.92,1022.27,11406.46
SL-0000125,STR-001,CAT-05,2024-04-01,2024,4,723,464,20742.5,8956.89,322.94,11785.61
SL-0000126,STR-001,CAT-06,2024-04-01,2024,4,1771,907,27593.0,21396.09,825.22,6196.91
SL-0000127,STR-001,CAT-07,2024-04-01,2024,4,742,426,17958.65,10471.91,432.5,7486.74
SL-0000128,STR-001,CAT-08,2024-04-01,2024,4,503,295,19254.59,13746.58,675.22,5508.01
SL-0000129,STR-001,CAT-01,2024-05-01,2024,5,1309,766,31023.98,17068.15,664.2,13955.83
SL-0000130,STR-001,CAT-02,2024-05-01,2024,5,1067,445,27833.99,22483.25,1423.27,5350.74
SL-0000131,STR-001,CAT-03,2024-05-01,2024,5,703,536,25938.87,16266.44,1303.67,9672.43
SL-0000132,STR-001,CAT-04,2024-05-01,2024,5,2105,995,40849.25,27942.89,871.93,12906.36
SL-0000133,STR-001,CAT-05,2024-05-01,2024,5,604,252,20990.35,9526.04,1037.78,11464.31
SL-0000134,STR-001,CAT-06,2024-05-01,2024,5,570,269,19806.91,15387.8,765.56,4419.11
SL-0000135,STR-001,CAT-07,2024-05-01,2024,5,527,303,21482.92,13168.18,522.37,8314.74
SL-0000136,STR-001,CAT-08,2024-05-01,2024,5,1101,513,29112.29,19856.3,1274.24,9255.99
SL-0000137,STR-001,CAT-01,2024-06-01,2024,6,561,288,16342.55,9770.76,918.18,6571.79
SL-0000138,STR-001,CAT-02,2024-06-01,2024,6,682,463,21917.85,17630.67,732.44,4287.18
SL-0000139,STR-001,CAT-03,2024-06-01,2024,6,821,402,23868.41,14146.02,884.29,9722.39
SL-0000140,STR-001,CAT-04,2024-06-01,2024,6,1246,737,30285.76,18925.88,684.78,11359.88
SL-0000141,STR-001,CAT-05,2024-06-01,2024,6,989,537,28674.79,12745.71,1472.77,15929.08
SL-0000142,STR-001,CAT-06,2024-06-01,2024,6,906,415,27626.87,21654.65,565.66,5972.22
SL-0000143,STR-001,CAT-07,2024-06-01,2024,6,645,424,25809.33,15366.97,791.78,10442.36
SL-0000144,STR-001,CAT-08,2024-06-01,2024,6,426,224,16585.66,11257.62,277.48,5328.04
SL-0000145,STR-001,CAT-01,2024-07-01,2024,7,635,336,15647.84,8901.96,403.96,6745.88
SL-0000146,STR-001,CAT-02,2024-07-01,2024,7,918,623,20413.4,16933.42,906.53,3479.98
SL-0000147,STR-001,CAT-03,2024-07-01,2024,7,691,353,18273.07,11448.69,918.54,6824.38
SL-0000148,STR-001,CAT-04,2024-07-01,2024,7,366,213,15781.64,10102.45,263.72,5679.19
SL-0000149,STR-001,CAT-05,2024-07-01,2024,7,430,212,14981.87,6842.49,219.58,8139.38
SL-0000150,STR-001,CAT-06,2024-07-01,2024,7,487,210,15425.77,12187.37,324.14,3238.4
SL-0000151,STR-001,CAT-07,2024-07-01,2024,7,651,355,26290.17,15789.67,1061.42,10500.5
SL-0000152,STR-001,CAT-08,2024-07-01,2024,7,1607,905,25359.44,17182.31,629.78,8177.13
SL-0000153,STR-001,CAT-01,2024-08-01,2024,8,594,283,16347.7,9532.03,693.05,6815.67
SL-0000154,STR-001,CAT-02,2024-08-01,2024,8,601,413,23339.75,18462.74,687.84,4877.01
SL-0000155,STR-001,CAT-03,2024-08-01,2024,8,1236,721,35808.95,22381.12,862.78,13427.83
SL-0000156,STR-001,CAT-04,2024-08-01,2024,8,751,410,29596.39,19648.36,567.98,9948.03
SL-0000157,STR-001,CAT-05,2024-08-01,2024,8,615,403,24756.54,10763.43,1350.58,13993.11
SL-0000158,STR-001,CAT-06,2024-08-01,2024,8,1338,739,24001.63,18744.93,1401.0,5256.7
SL-0000159,STR-001,CAT-07,2024-08-01,2024,8,667,512,17012.62,9920.21,856.93,7092.41
SL-0000160,STR-001,CAT-08,2024-08-01,2024,8,715,289,25014.05,17399.4,1460.35,7614.65
SL-0000161,STR-001,CAT-01,2024-09-01,2024,9,757,505,24951.06,14040.1,995.06,10910.96
SL-0000162,STR-001,CAT-02,2024-09-01,2024,9,977,638,29284.62,24556.26,842.09,4728.36
SL-0000163,STR-001,CAT-03,2024-09-01,2024,9,3458,2304,28933.39,18619.1,382.03,10314.29
SL-0000164,STR-001,CAT-04,2024-09-01,2024,9,677,369,18958.53,12417.36,874.67,6541.17
SL-0000165,STR-001,CAT-05,2024-09-01,2024,9,768,537,27078.68,12366.03,451.87,14712.65
SL-0000166,STR-001,CAT-06,2024-09-01,2024,9,851,432,18364.55,14137.87,572.53,4226.68
SL-0000167,STR-001,CAT-07,2024-09-01,2024,9,1843,1200,30676.5,18003.7,803.38,12672.8
SL-0000168,STR-001,CAT-08,2024-09-01,2024,9,839,519,18968.12,13036.01,1135.2,5932.11
SL-0000169,STR-001,CAT-01,2024-10-01,2024,10,1937,1690,38462.42,22697.0,2222.6,15765.42
SL-0000170,STR-001,CAT-02,2024-10-01,2024,10,1089,608,29288.43,24141.18,404.38,5147.25
SL-0000171,STR-001,CAT-03,2024-10-01,2024,10,727,399,20094.56,13277.83,782.32,6816.73
SL-0000172,STR-001,CAT-04,2024-10-01,2024,10,693,330,22662.06,15098.68,263.79,7563.38
SL-0000173,STR-001,CAT-05,2024-10-01,2024,10,422,299,23408.84,10502.53,983.25,12906.31
SL-0000174,STR-001,CAT-06,2024-10-01,2024,10,1007,605,32618.52,25645.61,752.63,6972.91
SL-0000175,STR-001,CAT-07,2024-10-01,2024,10,719,416,18826.04,11171.71,986.91,7654.33
SL-0000176,STR-001,CAT-08,2024-10-01,2024,10,966,409,20360.4,14343.95,396.4,6016.45
SL-0000177,STR-001,CAT-01,2024-11-01,2024,11,1698,632,40169.02,23236.37,2115.59,16932.65
SL-0000178,STR-001,CAT-02,2024-11-01,2024,11,1396,800,32180.53,26310.85,1020.34,5869.68
SL-0000179,STR-001,CAT-03,2024-11-01,2024,11,931,792,27809.0,17266.0,545.83,10543.0
SL-0000180,STR-001,CAT-04,2024-11-01,2024,11,686,561,15777.28,9705.22,530.34,6072.06
SL-0000181,STR-001,CAT-05,2024-11-01,2024,11,553,294,16766.91,7482.91,390.82,9284.0
SL-0000182,STR-001,CAT-06,2024-11-01,2024,11,869,506,23665.99,18650.78,783.31,5015.21
SL-0000183,STR-001,CAT-07,2024-11-01,2024,11,830,429,31349.15,17774.58,470.6,13574.57
SL-0000184,STR-001,CAT-08,2024-11-01,2024,11,886,499,25341.74,17810.58,592.92,7531.16
SL-0000185,STR-001,CAT-01,2024-12-01,2024,12,1553,1026,32523.4,18626.09,1544.35,13897.31
SL-0000186,STR-001,CAT-02,2024-12-01,2024,12,1051,555,33714.66,28934.34,1657.23,4780.32
SL-0000187,STR-001,CAT-03,2024-12-01,2024,12,640,323,19936.14,12427.98,786.71,7508.16
SL-0000188,STR-001,CAT-04,2024-12-01,2024,12,927,542,17444.17,11338.94,737.0,6105.23
SL-0000189,STR-001,CAT-05,2024-12-01,2024,12,1540,916,41511.25,18690.9,877.29,22820.35
SL-0000190,STR-001,CAT-06,2024-12-01,2024,12,1435,937,38809.23,31072.11,1521.32,7737.12
SL-0000191,STR-001,CAT-07,2024-12-01,2024,12,1791,932,53559.2,31487.55,975.74,22071.65
SL-0000192,STR-001,CAT-08,2024-12-01,2024,12,737,392,18973.18,13304.5,806.28,5668.68
SL-0000193,STR-002,CAT-01,2023-01-01,2023,1,656,387,19764.85,11511.45,333.73,8253.4
SL-0000194,STR-002,CAT-02,2023-01-01,2023,1,1713,1123,21821.28,18371.48,975.75,3449.8
SL-0000195,STR-002,CAT-03,2023-01-01,2023,1,498,290,10712.4,6553.86,539.91,4158.54
SL-0000196,STR-002,CAT-04,2023-01-01,2023,1,1365,600,19906.05,12567.55,882.55,7338.5
SL-0000197,STR-002,CAT-05,2023-01-01,2023,1,531,301,16652.2,7336.93,979.32,9315.27
SL-0000198,STR-002,CAT-06,2023-01-01,2023,1,642,573,22024.74,17641.02,593.05,4383.72
SL-0000199,STR-002,CAT-07,2023-01-01,2023,1,473,342,15672.86,9510.52,414.23,6162.34
SL-0000200,STR-002,CAT-08,2023-01-01,2023,1,621,353,21388.13,14374.57,963.4,7013.56
SL-0000201,STR-002,CAT-01,2023-02-01,2023,2,967,586,27957.23,16234.37,1044.21,11722.86
SL-0000202,STR-002,CAT-02,2023-02-01,2023,2,495,260,14684.39,12109.52,698.92,2574.87
SL-0000203,STR-002,CAT-03,2023-02-01,2023,2,657,403,25304.32,16113.46,278.46,9190.86
SL-0000204,STR-002,CAT-04,2023-02-01,2023,2,840,454,22890.65,15473.44,547.96,7417.21
SL-0000205,STR-002,CAT-05,2023-02-01,2023,2,1568,844,36373.46,15734.12,617.22,20639.34
SL-0000206,STR-002,CAT-06,2023-02-01,2023,2,1130,524,33794.92,24639.05,789.68,9155.87
SL-0000207,STR-002,CAT-07,2023-02-01,2023,2,658,352,20463.86,12503.39,722.32,7960.47
SL-0000208,STR-002,CAT-08,2023-02-01,2023,2,794,424,25937.31,18030.24,1426.47,7907.07
SL-0000209,STR-002,CAT-01,2023-03-01,2023,3,1191,726,33019.45,19363.48,690.12,13655.97
SL-0000210,STR-002,CAT-02,2023-03-01,2023,3,418,215,15718.09,13264.45,863.31,2453.64
SL-0000211,STR-002,CAT-03,2023-03-01,2023,3,1244,607,37832.55,22711.56,627.99,15120.99
SL-0000212,STR-002,CAT-04,2023-03-01,2023,3,2888,1785,39023.07,25937.91,1226.37,13085.16
SL-0000213,STR-002,CAT-05,2023-03-01,2023,3,1136,707,27579.03,12035.46,1023.47,15543.57
SL-0000214,STR-002,CAT-06,2023-03-01,2023,3,1161,648,36939.67,30587.34,601.33,6352.33
SL-0000215,STR-002,CAT-07,2023-03-01,2023,3,1399,812,28966.42,16644.23,478.73,12322.19
SL-0000216,STR-002,CAT-08,2023-03-01,2023,3,2095,1192,27319.78,20229.19,1218.43,7090.59
SL-0000217,STR-002,CAT-01,2023-04-01,2023,4,1041,627,27693.87,15953.86,627.0,11740.01
SL-0000218,STR-002,CAT-02,2023-04-01,2023,4,1762,1060,32212.16,25533.61,1349.75,6678.55
SL-0000219,STR-002,CAT-03,2023-04-01,2023,4,1440,654,40521.61,25315.15,1778.77,15206.46
SL-0000220,STR-002,CAT-04,2023-04-01,2023,4,1319,741,35516.45,23274.59,2102.36,12241.86
SL-0000221,STR-002,CAT-05,2023-04-01,2023,4,3604,2156,27922.78,12006.56,1020.8,15916.22
SL-0000222,STR-002,CAT-06,2023-04-01,2023,4,896,584,26085.68,20387.18,304.76,5698.5
SL-0000223,STR-002,CAT-07,2023-04-01,2023,4,1196,603,36912.16,22453.38,656.67,14458.78
SL-0000224,STR-002,CAT-08,2023-04-01,2023,4,712,363,33718.25,24525.26,1539.03,9192.99
SL-0000225,STR-002,CAT-01,2023-05-01,2023,5,604,604,22687.37,13248.73,749.79,9438.64
SL-0000226,STR-002,CAT-02,2023-05-01,2023,5,630,345,22937.02,19057.08,563.28,3879.94
SL-0000227,STR-002,CAT-03,2023-05-01,2023,5,737,389,24269.36,15144.72,1318.77,9124.64
SL-0000228,STR-002,CAT-04,2023-05-01,2023,5,1416,915,28916.67,18642.32,1129.99,10274.35
SL-0000229,STR-002,CAT-05,2023-05-01,2023,5,768,484,24447.95,10656.54,1353.12,13791.41
SL-0000230,STR-002,CAT-06,2023-05-01,2023,5,455,328,22062.25,17072.32,933.75,4989.93
SL-0000231,STR-002,CAT-07,2023-05-01,2023,5,984,468,19576.65,11275.31,862.49,8301.34
SL-0000232,STR-002,CAT-08,2023-05-01,2023,5,457,297,13273.68,9299.7,321.0,3973.98
SL-0000233,STR-002,CAT-01,2023-06-01,2023,6,1124,722,19547.59,11001.65,569.68,8545.94
SL-0000234,STR-002,CAT-02,2023-06-01,2023,6,776,618,21042.07,17128.64,1154.58,3913.43
SL-0000235,STR-002,CAT-03,2023-06-01,2023,6,580,364,20916.72,13423.13,876.21,7493.59
SL-0000236,STR-002,CAT-04,2023-06-01,2023,6,854,466,34889.1,22516.85,1226.64,12372.25
SL-0000237,STR-002,CAT-05,2023-06-01,2023,6,694,394,22977.9,10693.83,647.68,12284.07
SL-0000238,STR-002,CAT-06,2023-06-01,2023,6,733,378,22520.9,17817.44,403.26,4703.46
SL-0000239,STR-002,CAT-07,2023-06-01,2023,6,1163,600,22126.23,13333.31,782.79,8792.92
SL-0000240,STR-002,CAT-08,2023-06-01,2023,6,1090,651,36738.2,26758.27,2153.98,9979.93
SL-0000241,STR-002,CAT-01,2023-07-01,2023,7,2112,1024,41026.64,22793.51,1541.51,18233.13
SL-0000242,STR-002,CAT-02,2023-07-01,2023,7,1051,601,32601.93,27290.65,647.07,5311.28
SL-0000243,STR-002,CAT-03,2023-07-01,2023,7,653,374,22288.2,13630.66,712.8,8657.54
SL-0000244,STR-002,CAT-04,2023-07-01,2023,7,1682,872,47080.72,28383.76,1239.12,18696.96
SL-0000245,STR-002,CAT-05,2023-07-01,2023,7,737,374,23165.34,10379.39,239.43,12785.95
SL-0000246,STR-002,CAT-06,2023-07-01,2023,7,515,270,23535.98,18133.49,1100.51,5402.49
SL-0000247,STR-002,CAT-07,2023-07-01,2023,7,802,384,23479.66,14209.38,731.49,9270.28
SL-0000248,STR-002,CAT-08,2023-07-01,2023,7,1553,1004,28544.4,19653.36,687.52,8891.04
SL-0000249,STR-002,CAT-01,2023-08-01,2023,8,926,541,31614.03,18443.04,1355.8,13170.99
SL-0000250,STR-002,CAT-02,2023-08-01,2023,8,641,454,19767.26,15632.24,278.29,4135.02
SL-0000251,STR-002,CAT-03,2023-08-01,2023,8,797,500,28587.2,17383.04,1539.95,11204.16
SL-0000252,STR-002,CAT-04,2023-08-01,2023,8,1833,1165,29408.2,18649.45,1280.8,10758.75
SL-0000253,STR-002,CAT-05,2023-08-01,2023,8,623,288,24929.66,11308.93,825.86,13620.73
SL-0000254,STR-002,CAT-06,2023-08-01,2023,8,822,436,18881.11,15389.19,387.36,3491.92
SL-0000255,STR-002,CAT-07,2023-08-01,2023,8,805,408,15737.81,9411.6,552.64,6326.21
SL-0000256,STR-002,CAT-08,2023-08-01,2023,8,791,451,19349.22,13299.31,918.52,6049.91
SL-0000257,STR-002,CAT-01,2023-09-01,2023,9,1034,457,28567.04,16693.55,617.8,11873.49
SL-0000258,STR-002,CAT-02,2023-09-01,2023,9,1185,615,19697.02,16186.73,824.88,3510.29
SL-0000259,STR-002,CAT-03,2023-09-01,2023,9,1467,928,38487.65,22448.96,987.92,16038.69
SL-0000260,STR-002,CAT-04,2023-09-01,2023,9,3322,1342,28507.17,19544.63,1016.04,8962.54
SL-0000261,STR-002,CAT-05,2023-09-01,2023,9,832,479,23320.57,10583.84,586.14,12736.73
SL-0000262,STR-002,CAT-06,2023-09-01,2023,9,502,329,19820.43,14984.97,488.92,4835.46
SL-0000263,STR-002,CAT-07,2023-09-01,2023,9,686,414,18950.76,11089.48,242.45,7861.28
SL-0000264,STR-002,CAT-08,2023-09-01,2023,9,1155,636,35559.04,23550.07,730.81,12008.97
SL-0000265,STR-002,CAT-01,2023-10-01,2023,10,816,481,21937.92,12932.83,1017.23,9005.09
SL-0000266,STR-002,CAT-02,2023-10-01,2023,10,1290,610,31874.02,25873.14,1074.19,6000.88
SL-0000267,STR-002,CAT-03,2023-10-01,2023,10,1014,472,22590.21,13413.23,503.86,9176.98
SL-0000268,STR-002,CAT-04,2023-10-01,2023,10,691,359,20626.01,13388.37,875.01,7237.64
SL-0000269,STR-002,CAT-05,2023-10-01,2023,10,787,400,18003.18,7751.25,462.49,10251.93
SL-0000270,STR-002,CAT-06,2023-10-01,2023,10,1045,650,20064.76,14761.84,530.82,5302.92
SL-0000271,STR-002,CAT-07,2023-10-01,2023,10,1341,723,19318.29,11336.7,328.46,7981.59
SL-0000272,STR-002,CAT-08,2023-10-01,2023,10,573,295,27336.58,18976.89,1005.57,8359.69
SL-0000273,STR-002,CAT-01,2023-11-01,2023,11,669,470,37988.24,22688.28,1404.34,15299.96
SL-0000274,STR-002,CAT-02,2023-11-01,2023,11,999,838,36726.93,29471.6,1002.46,7255.33
SL-0000275,STR-002,CAT-03,2023-11-01,2023,11,1716,817,38495.08,23730.61,675.43,14764.47
SL-0000276,STR-002,CAT-04,2023-11-01,2023,11,904,557,20382.08,13110.96,560.08,7271.12
SL-0000277,STR-002,CAT-05,2023-11-01,2023,11,703,555,22085.01,10462.59,906.51,11622.42
SL-0000278,STR-002,CAT-06,2023-11-01,2023,11,917,655,25745.95,20322.76,1223.75,5423.19
SL-0000279,STR-002,CAT-07,2023-11-01,2023,11,2021,1012,51229.06,31196.79,1013.77,20032.27
SL-0000280,STR-002,CAT-08,2023-11-01,2023,11,2428,1287,28591.41,20539.98,1622.85,8051.43
SL-0000281,STR-002,CAT-01,2023-12-01,2023,12,1925,830,37745.07,22021.28,1899.86,15723.79
SL-0000282,STR-002,CAT-02,2023-12-01,2023,12,2604,994,61315.15,50192.93,2240.39,11122.22
SL-0000283,STR-002,CAT-03,2023-12-01,2023,12,2225,1260,39395.86,25084.15,2332.72,14311.71
SL-0000284,STR-002,CAT-04,2023-12-01,2023,12,441,275,12991.59,8099.38,194.67,4892.21
SL-0000285,STR-002,CAT-05,2023-12-01,2023,12,753,358,25118.68,11838.89,858.27,13279.79
SL-0000286,STR-002,CAT-06,2023-12-01,2023,12,2500,1508,40012.88,30860.96,927.11,9151.92
SL-0000287,STR-002,CAT-07,2023-12-01,2023,12,4006,1782,68574.57,41317.68,870.06,27256.89
SL-0000288,STR-002,CAT-08,2023-12-01,2023,12,1050,461,28028.83,20010.03,560.63,8018.8
SL-0000289,STR-002,CAT-01,2024-01-01,2024,1,456,298,20142.0,11466.67,335.51,8675.33
SL-0000290,STR-002,CAT-02,2024-01-01,2024,1,502,301,15508.16,12478.08,436.79,3030.08
SL-0000291,STR-002,CAT-03,2024-01-01,2024,1,874,515,29686.55,19573.6,968.27,10112.95
SL-0000292,STR-002,CAT-04,2024-01-01,2024,1,483,242,16930.99,10746.07,804.35,6184.92
SL-0000293,STR-002,CAT-05,2024-01-01,2024,1,633,410,13413.45,6021.71,741.67,7391.74
SL-0000294,STR-002,CAT-06,2024-01-01,2024,1,411,220,20663.85,15733.97,335.64,4929.88
SL-0000295,STR-002,CAT-07,2024-01-01,2024,1,511,293,19861.41,12266.18,1046.78,7595.23
SL-0000296,STR-002,CAT-08,2024-01-01,2024,1,740,411,26239.96,19289.49,853.07,6950.47
SL-0000297,STR-002,CAT-01,2024-02-01,2024,2,387,210,14842.12,8498.83,153.58,6343.29
SL-0000298,STR-002,CAT-02,2024-02-01,2024,2,421,177,15405.73,12502.71,672.79,2903.02
SL-0000299,STR-002,CAT-03,2024-02-01,2024,2,664,273,20538.47,12286.12,1057.09,8252.35
SL-0000300,STR-002,CAT-04,2024-02-01,2024,2,550,285,19965.0,13375.93,719.78,6589.07
SL-0000301,STR-002,CAT-05,2024-02-01,2024,2,673,436,24403.76,10968.06,1116.33,13435.7
SL-0000302,STR-002,CAT-06,2024-02-01,2024,2,669,370,19887.48,16020.86,969.4,3866.62
SL-0000303,STR-002,CAT-07,2024-02-01,2024,2,461,244,18273.97,10450.3,367.74,7823.67
SL-0000304,STR-002,CAT-08,2024-02-01,2024,2,1040,537,20415.3,14763.11,1057.14,5652.19
SL-0000305,STR-002,CAT-01,2024-03-01,2024,3,1013,524,33198.94,19650.79,1176.13,13548.15
SL-0000306,STR-002,CAT-02,2024-03-01,2024,3,775,403,27645.79,21484.75,1215.82,6161.04
SL-0000307,STR-002,CAT-03,2024-03-01,2024,3,834,461,32749.69,20012.79,1896.58,12736.9
SL-0000308,STR-002,CAT-04,2024-03-01,2024,3,902,533,25994.87,17063.67,903.61,8931.2
SL-0000309,STR-002,CAT-05,2024-03-01,2024,3,1479,828,40847.97,18722.77,1217.91,22125.2
SL-0000310,STR-002,CAT-06,2024-03-01,2024,3,976,463,29547.2,22250.34,964.5,7296.86
SL-0000311,STR-002,CAT-07,2024-03-01,2024,3,1438,660,29207.02,17672.06,614.83,11534.96
SL-0000312,STR-002,CAT-08,2024-03-01,2024,3,829,382,18694.46,13150.36,228.28,5544.1
SL-0000313,STR-002,CAT-01,2024-04-01,2024,4,1429,1048,35273.07,20152.93,1585.37,15120.14
SL-0000314,STR-002,CAT-02,2024-04-01,2024,4,529,254,21308.0,17734.8,691.29,3573.2
SL-0000315,STR-002,CAT-03,2024-04-01,2024,4,916,674,24768.36,15102.17,1065.07,9666.19
SL-0000316,STR-002,CAT-04,2024-04-01,2024,4,805,427,22043.65,13801.25,799.65,8242.4
SL-0000317,STR-002,CAT-05,2024-04-01,2024,4,1362,923,34908.23,16341.95,481.44,18566.28
SL-0000318,STR-002,CAT-06,2024-04-01,2024,4,1037,556,38780.72,32120.15,907.47,6660.57
SL-0000319,STR-002,CAT-07,2024-04-01,2024,4,525,280,19376.36,11136.34,975.28,8240.02
SL-0000320,STR-002,CAT-08,2024-04-01,2024,4,839,513,29322.1,20270.64,464.73,9051.46
SL-0000321,STR-002,CAT-01,2024-05-01,2024,5,1187,564,30473.96,17672.93,1261.92,12801.03
SL-0000322,STR-002,CAT-02,2024-05-01,2024,5,817,375,28153.37,22596.06,1035.34,5557.31
SL-0000323,STR-002,CAT-03,2024-05-01,2024,5,748,529,28392.11,17156.07,796.74,11236.04
SL-0000324,STR-002,CAT-04,2024-05-01,2024,5,1699,936,34455.25,21146.93,908.32,13308.32
SL-0000325,STR-002,CAT-05,2024-05-01,2024,5,416,208,15307.49,6923.76,759.7,8383.73
SL-0000326,STR-002,CAT-06,2024-05-01,2024,5,1058,564,32424.91,25010.74,1311.75,7414.17
SL-0000327,STR-002,CAT-07,2024-05-01,2024,5,766,370,23199.41,13560.79,783.42,9638.62
SL-0000328,STR-002,CAT-08,2024-05-01,2024,5,1207,554,16531.61,11428.42,783.23,5103.19
SL-0000329,STR-002,CAT-01,2024-06-01,2024,6,972,547,18553.1,10454.41,918.9,8098.69
SL-0000330,STR-002,CAT-02,2024-06-01,2024,6,1285,695,27187.21,21127.32,1364.92,6059.89
SL-0000331,STR-002,CAT-03,2024-06-01,2024,6,1292,522,30280.74,18843.19,717.92,11437.55
SL-0000332,STR-002,CAT-04,2024-06-01,2024,6,2113,1472,38972.04,24580.32,1183.11,14391.72
SL-0000333,STR-002,CAT-05,2024-06-01,2024,6,1023,674,41869.18,17654.76,2145.13,24214.42
SL-0000334,STR-002,CAT-06,2024-06-01,2024,6,611,330,23310.94,18573.6,816.6,4737.34
SL-0000335,STR-002,CAT-07,2024-06-01,2024,6,699,422,26446.8,15909.02,604.74,10537.78
SL-0000336,STR-002,CAT-08,2024-06-01,2024,6,582,414,21286.41,14366.98,331.91,6919.43
SL-0000337,STR-002,CAT-01,2024-07-01,2024,7,1394,866,40451.1,22972.12,909.79,17478.98
SL-0000338,STR-002,CAT-02,2024-07-01,2024,7,1553,773,31941.68,26858.95,1157.14,5082.73
SL-0000339,STR-002,CAT-03,2024-07-01,2024,7,900,454,28530.68,17853.2,1608.04,10677.48
SL-0000340,STR-002,CAT-04,2024-07-01,2024,7,1996,1801,31531.62,20305.65,1435.63,11225.97
SL-0000341,STR-002,CAT-05,2024-07-01,2024,7,1177,545,22225.79,9720.31,698.87,12505.48
SL-0000342,STR-002,CAT-06,2024-07-01,2024,7,1827,1312,33082.18,25454.98,1577.19,7627.2
SL-0000343,STR-002,CAT-07,2024-07-01,2024,7,1044,530,22655.72,13328.48,440.47,9327.24
SL-0000344,STR-002,CAT-08,2024-07-01,2024,7,1119,897,30531.58,20884.12,1529.83,9647.46
SL-0000345,STR-002,CAT-01,2024-08-01,2024,8,1079,618,36082.93,20708.15,847.69,15374.78
SL-0000346,STR-002,CAT-02,2024-08-01,2024,8,489,296,14605.29,12606.31,224.25,1998.98
SL-0000347,STR-002,CAT-03,2024-08-01,2024,8,482,348,15776.58,9600.26,286.07,6176.32
SL-0000348,STR-002,CAT-04,2024-08-01,2024,8,786,325,23989.88,15738.73,515.02,8251.15
SL-0000349,STR-002,CAT-05,2024-08-01,2024,8,631,358,20773.18,9413.7,1136.94,11359.48
SL-0000350,STR-002,CAT-06,2024-08-01,2024,8,529,278,21292.11,16422.03,504.16,4870.08
SL-0000351,STR-002,CAT-07,2024-08-01,2024,8,771,457,19253.61,11861.69,265.63,7391.92
SL-0000352,STR-002,CAT-08,2024-08-01,2024,8,1019,484,17915.56,12349.25,1043.92,5566.31
SL-0000353,STR-002,CAT-01,2024-09-01,2024,9,1370,829,33797.6,20142.51,1763.75,13655.09
SL-0000354,STR-002,CAT-02,2024-09-01,2024,9,1380,725,21007.94,17893.99,473.06,3113.95
SL-0000355,STR-002,CAT-03,2024-09-01,2024,9,1224,674,45377.68,27169.36,2496.27,18208.32
SL-0000356,STR-002,CAT-04,2024-09-01,2024,9,806,505,37605.46,23828.58,2215.45,13776.88
SL-0000357,STR-002,CAT-05,2024-09-01,2024,9,769,460,24528.59,11809.32,347.11,12719.27
SL-0000358,STR-002,CAT-06,2024-09-01,2024,9,1051,476,33535.31,27389.14,956.0,6146.17
SL-0000359,STR-002,CAT-07,2024-09-01,2024,9,1201,762,27523.93,16339.58,509.25,11184.35
SL-0000360,STR-002,CAT-08,2024-09-01,2024,9,973,664,25696.35,17930.04,719.75,7766.31
SL-0000361,STR-002,CAT-01,2024-10-01,2024,10,946,574,22147.93,13363.94,1089.85,8783.99
SL-0000362,STR-002,CAT-02,2024-10-01,2024,10,1037,498,21611.37,18124.82,1089.41,3486.55
SL-0000363,STR-002,CAT-03,2024-10-01,2024,10,742,329,17250.43,11083.12,669.95,6167.31
SL-0000364,STR-002,CAT-04,2024-10-01,2024,10,729,435,21219.56,13771.91,1017.75,7447.65
SL-0000365,STR-002,CAT-05,2024-10-01,2024,10,733,464,28167.1,13201.58,891.67,14965.52
SL-0000366,STR-002,CAT-06,2024-10-01,2024,10,739,434,29880.08,22212.49,1226.7,7667.59
SL-0000367,STR-002,CAT-07,2024-10-01,2024,10,626,377,21953.62,13655.11,486.04,8298.51
SL-0000368,STR-002,CAT-08,2024-10-01,2024,10,2375,1213,39045.45,27939.03,460.92,11106.42
SL-0000369,STR-002,CAT-01,2024-11-01,2024,11,749,375,24608.44,14588.73,1195.34,10019.71
SL-0000370,STR-002,CAT-02,2024-11-01,2024,11,676,326,25191.78,20484.06,1213.28,4707.72
SL-0000371,STR-002,CAT-03,2024-11-01,2024,11,1403,654,20578.65,12244.3,568.27,8334.35
SL-0000372,STR-002,CAT-04,2024-11-01,2024,11,323,212,11814.26,7678.49,441.08,4135.77
SL-0000373,STR-002,CAT-05,2024-11-01,2024,11,575,367,19922.68,9301.74,657.88,10620.94
SL-0000374,STR-002,CAT-06,2024-11-01,2024,11,709,338,22876.35,17820.8,1262.72,5055.55
SL-0000375,STR-002,CAT-07,2024-11-01,2024,11,2278,1164,45027.47,27542.46,1276.02,17485.01
SL-0000376,STR-002,CAT-08,2024-11-01,2024,11,660,274,31008.61,21398.22,399.97,9610.39
SL-0000377,STR-002,CAT-01,2024-12-01,2024,12,972,709,39950.78,22382.35,816.98,17568.43
SL-0000378,STR-002,CAT-02,2024-12-01,2024,12,1876,836,49738.43,41239.42,666.06,8499.01
SL-0000379,STR-002,CAT-03,2024-12-01,2024,12,627,364,28714.65,17989.06,1405.52,10725.59
SL-0000380,STR-002,CAT-04,2024-12-01,2024,12,420,216,20716.49,13023.72,683.44,7692.77
SL-0000381,STR-002,CAT-05,2024-12-01,2024,12,1377,1074,33877.02,14674.23,1666.25,19202.79
SL-0000382,STR-002,CAT-06,2024-12-01,2024,12,1823,1587,34984.72,27082.88,500.01,7901.84
SL-0000383,STR-002,CAT-07,2024-12-01,2024,12,1824,918,60420.64,35415.98,612.88,25004.66
SL-0000384,STR-002,CAT-08,2024-12-01,2024,12,1446,1040,39731.52,28123.99,556.67,11607.53
SL-0000385,STR-003,CAT-01,2023-01-01,2023,1,861,510,16754.24,9348.35,855.18,7405.89
SL-0000386,STR-003,CAT-02,2023-01-01,2023,1,588,416,11244.11,9321.63,466.4,1922.48
SL-0000387,STR-003,CAT-03,2023-01-01,2023,1,576,343,16350.76,10082.32,335.17,6268.44
SL-0000388,STR-003,CAT-04,2023-01-01,2023,1,532,261,14316.92,9046.48,645.22,5270.44
SL-0000389,STR-003,CAT-05,2023-01-01,2023,1,602,343,17131.43,8045.69,369.34,9085.74
SL-0000390,STR-003,CAT-06,2023-01-01,2023,1,235,147,11179.45,8602.6,574.95,2576.85
SL-0000391,STR-003,CAT-07,2023-01-01,2023,1,651,351,18081.61,10682.2,1039.95,7399.41
SL-0000392,STR-003,CAT-08,2023-01-01,2023,1,399,185,11843.25,8486.52,462.41,3356.73
SL-0000393,STR-003,CAT-01,2023-02-01,2023,2,642,406,19773.5,11749.2,959.4,8024.3
SL-0000394,STR-003,CAT-02,2023-02-01,2023,2,354,177,11086.38,9447.51,342.35,1638.87
SL-0000395,STR-003,CAT-03,2023-02-01,2023,2,302,150,11991.19,7384.15,436.49,4607.04
SL-0000396,STR-003,CAT-04,2023-02-01,2023,2,614,282,16055.9,10226.41,468.79,5829.49
SL-0000397,STR-003,CAT-05,2023-02-01,2023,2,824,435,23302.8,10692.41,543.24,12610.39
SL-0000398,STR-003,CAT-06,2023-02-01,2023,2,1330,689,25270.76,19632.07,1289.33,5638.69
SL-0000399,STR-003,CAT-07,2023-02-01,2023,2,360,157,15770.27,9596.64,857.53,6173.63
SL-0000400,STR-003,CAT-08,2023-02-01,2023,2,1016,583,18630.64,12797.74,852.27,5832.9
SL-0000401,STR-003,CAT-01,2023-03-01,2023,3,360,237,12727.02,7338.56,218.6,5388.46
SL-0000402,STR-003,CAT-02,2023-03-01,2023,3,835,438,13781.99,11378.48,386.62,2403.51
SL-0000403,STR-003,CAT-03,2023-03-01,2023,3,407,219,15629.91,9784.34,309.4,5845.57
SL-0000404,STR-003,CAT-04,2023-03-01,2023,3,1013,832,25541.42,16670.43,868.27,8870.99
SL-0000405,STR-003,CAT-05,2023-03-01,2023,3,843,670,17064.53,7645.56,763.89,9418.97
SL-0000406,STR-003,CAT-06,2023-03-01,2023,3,650,376,19826.35,15009.45,1186.76,4816.9
SL-0000407,STR-003,CAT-07,2023-03-01,2023,3,549,459,16980.23,10486.93,279.13,6493.3
SL-0000408,STR-003,CAT-08,2023-03-01,2023,3,624,344,23752.2,16949.36,727.47,6802.84
SL-0000409,STR-003,CAT-01,2023-04-01,2023,4,640,355,19181.67,10772.67,1066.31,8409.0
SL-0000410,STR-003,CAT-02,2023-04-01,2023,4,1124,565,19207.56,15874.12,422.07,3333.44
SL-0000411,STR-003,CAT-03,2023-04-01,2023,4,356,174,14478.91,9259.68,460.36,5219.23
SL-0000412,STR-003,CAT-04,2023-04-01,2023,4,1664,1031,33581.35,22143.04,1728.21,11438.31
SL-0000413,STR-003,CAT-05,2023-04-01,2023,4,503,231,13376.09,5945.94,239.25,7430.15
SL-0000414,STR-003,CAT-06,2023-04-01,2023,4,931,584,20298.04,15571.39,585.15,4726.65
SL-0000415,STR-003,CAT-07,2023-04-01,2023,4,728,367,16339.86,10255.4,921.35,6084.46
SL-0000416,STR-003,CAT-08,2023-04-01,2023,4,910,572,25257.8,16786.94,1056.99,8470.86
SL-0000417,STR-003,CAT-01,2023-05-01,2023,5,498,252,12000.15,6872.17,556.58,5127.98
SL-0000418,STR-003,CAT-02,2023-05-01,2023,5,418,217,18947.45,15310.72,703.88,3636.73
SL-0000419,STR-003,CAT-03,2023-05-01,2023,5,675,482,13959.12,9475.05,568.6,4484.07
SL-0000420,STR-003,CAT-04,2023-05-01,2023,5,1573,756,27128.82,18072.0,713.4,9056.82
SL-0000421,STR-003,CAT-05,2023-05-01,2023,5,727,361,19864.59,8722.68,825.33,11141.91
SL-0000422,STR-003,CAT-06,2023-05-01,2023,5,827,424,25707.76,20552.18,721.15,5155.58
SL-0000423,STR-003,CAT-07,2023-05-01,2023,5,426,328,11480.52,6574.26,313.86,4906.26
SL-0000424,STR-003,CAT-08,2023-05-01,2023,5,619,299,16508.86,11740.59,266.34,4768.27
SL-0000425,STR-003,CAT-01,2023-06-01,2023,6,621,344,20961.55,11744.3,410.46,9217.25
SL-0000426,STR-003,CAT-02,2023-06-01,2023,6,604,332,17172.05,14819.31,620.0,2352.74
SL-0000427,STR-003,CAT-03,2023-06-01,2023,6,1105,743,21560.73,13403.25,1085.84,8157.48
SL-0000428,STR-003,CAT-04,2023-06-01,2023,6,651,354,19607.52,13247.05,299.29,6360.47
SL-0000429,STR-003,CAT-05,2023-06-01,2023,6,827,387,22264.45,10142.06,896.25,12122.39
SL-0000430,STR-003,CAT-06,2023-06-01,2023,6,770,424,24120.69,18806.78,802.15,5313.91
SL-0000431,STR-003,CAT-07,2023-06-01,2023,6,521,321,19668.86,11499.44,951.09,8169.42
SL-0000432,STR-003,CAT-08,2023-06-01,2023,6,579,334,16688.92,11233.89,644.47,5455.03
SL-0000433,STR-003,CAT-01,2023-07-01,2023,7,1019,500,30704.06,18080.45,1435.61,12623.61
SL-0000434,STR-003,CAT-02,2023-07-01,2023,7,491,369,18452.19,15782.17,1077.67,2670.02
SL-0000435,STR-003,CAT-03,2023-07-01,2023,7,706,568,18470.99,11653.06,634.52,6817.93
SL-0000436,STR-003,CAT-04,2023-07-01,2023,7,836,404,22690.25,14235.75,1281.07,8454.5
SL-0000437,STR-003,CAT-05,2023-07-01,2023,7,630,372,28528.58,13202.09,741.54,15326.49
SL-0000438,STR-003,CAT-06,2023-07-01,2023,7,677,438,29177.73,22908.16,1189.53,6269.57
SL-0000439,STR-003,CAT-07,2023-07-01,2023,7,602,463,23692.7,13962.31,518.5,9730.39
SL-0000440,STR-003,CAT-08,2023-07-01,2023,7,891,393,22691.75,15244.96,423.22,7446.79
SL-0000441,STR-003,CAT-01,2023-08-01,2023,8,825,425,19845.03,11063.22,419.02,8781.81
SL-0000442,STR-003,CAT-02,2023-08-01,2023,8,792,328,20283.88,16457.72,1004.64,3826.16
SL-0000443,STR-003,CAT-03,2023-08-01,2023,8,965,540,18943.14,11761.87,1064.92,7181.27
SL-0000444,STR-003,CAT-04,2023-08-01,2023,8,2413,1466,15751.34,10646.34,178.88,5105.0
SL-0000445,STR-003,CAT-05,2023-08-01,2023,8,1158,524,23766.81,11038.34,784.4,12728.47
SL-0000446,STR-003,CAT-06,2023-08-01,2023,8,843,525,22143.94,17270.83,790.47,4873.11
SL-0000447,STR-003,CAT-07,2023-08-01,2023,8,539,254,11519.79,6924.08,140.73,4595.71
SL-0000448,STR-003,CAT-08,2023-08-01,2023,8,982,511,27841.53,18987.3,1313.03,8854.23
SL-0000449,STR-003,CAT-01,2023-09-01,2023,9,859,367,27954.96,15955.92,507.16,11999.04
SL-0000450,STR-003,CAT-02,2023-09-01,2023,9,568,348,20909.31,17027.46,1163.73,3881.85
SL-0000451,STR-003,CAT-03,2023-09-01,2023,9,715,312,20761.15,13075.06,806.52,7686.09
SL-0000452,STR-003,CAT-04,2023-09-01,2023,9,483,339,15645.57,10371.65,336.78,5273.92
SL-0000453,STR-003,CAT-05,2023-09-01,2023,9,485,308,13291.13,5906.07,510.58,7385.06
SL-0000454,STR-003,CAT-06,2023-09-01,2023,9,460,211,12824.11,9510.15,565.78,3313.96
SL-0000455,STR-003,CAT-07,2023-09-01,2023,9,1175,738,10923.54,6999.12,347.84,3924.42
SL-0000456,STR-003,CAT-08,2023-09-01,2023,9,728,331,23163.69,16967.87,958.09,6195.82
SL-0000457,STR-003,CAT-01,2023-10-01,2023,10,265,163,10744.87,6240.8,530.13,4504.07
SL-0000458,STR-003,CAT-02,2023-10-01,2023,10,647,455,13553.22,11020.66,448.09,2532.56
SL-0000459,STR-003,CAT-03,2023-10-01,2023,10,382,217,11111.16,6899.36,399.67,4211.8
SL-0000460,STR-003,CAT-04,2023-10-01,2023,10,730,490,8307.74,5500.02,373.26,2807.72
SL-0000461,STR-003,CAT-05,2023-10-01,2023,10,221,98,6834.43,3185.29,225.38,3649.14
SL-0000462,STR-003,CAT-06,2023-10-01,2023,10,301,159,13240.51,9995.88,478.25,3244.63
SL-0000463,STR-003,CAT-07,2023-10-01,2023,10,359,213,11098.5,6586.24,277.73,4512.26
SL-0000464,STR-003,CAT-08,2023-10-01,2023,10,457,216,10338.69,7413.95,588.92,2924.74
SL-0000465,STR-003,CAT-01,2023-11-01,2023,11,456,224,15920.9,9008.17,925.64,6912.73
SL-0000466,STR-003,CAT-02,2023-11-01,2023,11,1498,951,30767.09,25852.54,616.79,4914.55
SL-0000467,STR-003,CAT-03,2023-11-01,2023,11,307,130,9583.47,5898.31,324.17,3685.16
SL-0000468,STR-003,CAT-04,2023-11-01,2023,11,409,172,8399.66,5617.91,169.31,2781.75
SL-0000469,STR-003,CAT-05,2023-11-01,2023,11,546,259,15544.54,6735.01,374.89,8809.53
SL-0000470,STR-003,CAT-06,2023-11-01,2023,11,444,296,13077.64,10210.32,410.06,2867.32
SL-0000471,STR-003,CAT-07,2023-11-01,2023,11,560,286,15510.89,9690.8,902.45,5820.09
SL-0000472,STR-003,CAT-08,2023-11-01,2023,11,670,263,19464.89,13307.22,336.47,6157.67
SL-0000473,STR-003,CAT-01,2023-12-01,2023,12,861,451,25537.58,14646.06,1087.36,10891.52
SL-0000474,STR-003,CAT-02,2023-12-01,2023,12,757,381,24316.53,18963.36,752.17,5353.17
SL-0000475,STR-003,CAT-03,2023-12-01,2023,12,925,343,28597.49,17780.93,672.05,10816.56
SL-0000476,STR-003,CAT-04,2023-12-01,2023,12,370,152,13697.49,9212.71,629.88,4484.78
SL-0000477,STR-003,CAT-05,2023-12-01,2023,12,1087,582,25702.29,11415.95,1264.43,14286.34
SL-0000478,STR-003,CAT-06,2023-12-01,2023,12,1342,654,37309.69,29365.56,659.08,7944.13
SL-0000479,STR-003,CAT-07,2023-12-01,2023,12,878,551,29911.04,18489.39,423.33,11421.65
SL-0000480,STR-003,CAT-08,2023-12-01,2023,12,1096,663,28566.5,19680.48,1670.54,8886.02
SL-0000481,STR-003,CAT-01,2024-01-01,2024,1,1150,815,24152.56,13841.72,905.83,10310.84
SL-0000482,STR-003,CAT-02,2024-01-01,2024,1,390,161,12039.69,9803.11,476.89,2236.58
SL-0000483,STR-003,CAT-03,2024-01-01,2024,1,721,346,9906.94,6019.19,345.04,3887.75
SL-0000484,STR-003,CAT-04,2024-01-01,2024,1,1082,462,19579.86,12364.87,409.62,7214.99
SL-0000485,STR-003,CAT-05,2024-01-01,2024,1,734,427,10946.08,5063.29,549.05,5882.79
SL-0000486,STR-003,CAT-06,2024-01-01,2024,1,1255,848,21876.7,17394.3,1035.82,4482.4
SL-0000487,STR-003,CAT-07,2024-01-01,2024,1,395,261,9441.72,5895.89,168.41,3545.83
SL-0000488,STR-003,CAT-08,2024-01-01,2024,1,440,201,11190.85,8151.22,256.14,3039.63
SL-0000489,STR-003,CAT-01,2024-02-01,2024,2,424,225,14943.53,9113.29,262.37,5830.24
SL-0000490,STR-003,CAT-02,2024-02-01,2024,2,289,159,9077.43,7542.94,526.16,1534.49
SL-0000491,STR-003,CAT-03,2024-02-01,2024,2,416,249,16364.49,10085.32,601.57,6279.17
SL-0000492,STR-003,CAT-04,2024-02-01,2024,2,453,204,14606.37,9482.49,373.39,5123.88
SL-0000493,STR-003,CAT-05,2024-02-01,2024,2,799,537,19270.6,8627.23,1020.04,10643.37
SL-0000494,STR-003,CAT-06,2024-02-01,2024,2,434,209,11365.45,8708.44,299.54,2657.01
SL-0000495,STR-003,CAT-07,2024-02-01,2024,2,242,113,7707.89,4838.72,350.11,2869.17
SL-0000496,STR-003,CAT-08,2024-02-01,2024,2,732,370,12179.41,8344.01,421.4,3835.4
SL-0000497,STR-003,CAT-01,2024-03-01,2024,3,430,218,20215.19,11287.44,390.2,8927.75
SL-0000498,STR-003,CAT-02,2024-03-01,2024,3,304,185,11620.86,9789.5,256.18,1831.36
SL-0000499,STR-003,CAT-03,2024-03-01,2024,3,428,238,10331.85,6145.49,304.13,4186.36
SL-0000500,STR-003,CAT-04,2024-03-01,2024,3,321,164,13959.14,9059.97,194.7,4899.17
SL-0000501,STR-003,CAT-05,2024-03-01,2024,3,371,223,12059.3,5470.02,558.71,6589.28
SL-0000502,STR-003,CAT-06,2024-03-01,2024,3,394,245,12634.56,9265.44,153.74,3369.12
SL-0000503,STR-003,CAT-07,2024-03-01,2024,3,511,312,12644.8,7297.39,388.24,5347.41
SL-0000504,STR-003,CAT-08,2024-03-01,2024,3,491,300,11390.05,7760.26,209.58,3629.79
SL-0000505,STR-003,CAT-01,2024-04-01,2024,4,429,347,15295.08,8938.67,308.83,6356.41
SL-0000506,STR-003,CAT-02,2024-04-01,2024,4,302,138,8708.95,7346.02,106.87,1362.93
SL-0000507,STR-003,CAT-03,2024-04-01,2024,4,1411,700,26292.06,16546.6,1533.79,9745.46
SL-0000508,STR-003,CAT-04,2024-04-01,2024,4,845,598,30586.81,20331.67,1212.4,10255.14
SL-0000509,STR-003,CAT-05,2024-04-01,2024,4,462,206,15214.24,6887.1,634.63,8327.14
SL-0000510,STR-003,CAT-06,2024-04-01,2024,4,970,513,22602.02,17304.1,1273.58,5297.92
SL-0000511,STR-003,CAT-07,2024-04-01,2024,4,329,158,10414.88,6038.2,528.82,4376.68
SL-0000512,STR-003,CAT-08,2024-04-01,2024,4,1198,734,14405.34,10367.21,278.63,4038.13
SL-0000513,STR-003,CAT-01,2024-05-01,2024,5,741,363,15439.3,9032.66,245.81,6406.64
SL-0000514,STR-003,CAT-02,2024-05-01,2024,5,970,542,23828.73,19116.68,641.38,4712.05
SL-0000515,STR-003,CAT-03,2024-05-01,2024,5,1195,538,30594.28,18877.39,1414.93,11716.89
SL-0000516,STR-003,CAT-04,2024-05-01,2024,5,653,349,25008.16,15641.85,948.04,9366.31
SL-0000517,STR-003,CAT-05,2024-05-01,2024,5,392,198,14016.77,6441.42,826.02,7575.35
SL-0000518,STR-003,CAT-06,2024-05-01,2024,5,309,231,15926.43,12792.34,841.04,3134.09
SL-0000519,STR-003,CAT-07,2024-05-01,2024,5,495,220,16543.11,10224.63,884.73,6318.48
SL-0000520,STR-003,CAT-08,2024-05-01,2024,5,804,502,16142.94,11523.81,652.39,4619.13
SL-0000521,STR-003,CAT-01,2024-06-01,2024,6,639,382,21397.47,12532.8,706.48,8864.67
SL-0000522,STR-003,CAT-02,2024-06-01,2024,6,311,168,11373.15,9514.66,385.03,1858.49
SL-0000523,STR-003,CAT-03,2024-06-01,2024,6,550,361,15810.93,9945.31,167.31,5865.62
SL-0000524,STR-003,CAT-04,2024-06-01,2024,6,665,358,14825.39,9755.08,692.02,5070.31
SL-0000525,STR-003,CAT-05,2024-06-01,2024,6,519,328,12758.25,5693.06,665.8,7065.19
SL-0000526,STR-003,CAT-06,2024-06-01,2024,6,436,213,16753.81,12371.66,492.07,4382.15
SL-0000527,STR-003,CAT-07,2024-06-01,2024,6,236,125,8299.12,4795.66,496.86,3503.46
SL-0000528,STR-003,CAT-08,2024-06-01,2024,6,427,238,15950.06,11099.41,182.37,4850.65
SL-0000529,STR-003,CAT-01,2024-07-01,2024,7,583,390,13439.84,7770.65,708.9,5669.19
SL-0000530,STR-003,CAT-02,2024-07-01,2024,7,849,700,15585.33,13290.36,735.42,2294.97
SL-0000531,STR-003,CAT-03,2024-07-01,2024,7,744,415,14988.02,9459.19,774.95,5528.83
SL-0000532,STR-003,CAT-04,2024-07-01,2024,7,616,337,23630.2,14973.91,1127.71,8656.29
SL-0000533,STR-003,CAT-05,2024-07-01,2024,7,596,400,18633.16,7969.73,531.7,10663.43
SL-0000534,STR-003,CAT-06,2024-07-01,2024,7,352,298,11579.32,8903.83,351.39,2675.49
SL-0000535,STR-003,CAT-07,2024-07-01,2024,7,738,544,20360.73,12396.59,754.95,7964.14
SL-0000536,STR-003,CAT-08,2024-07-01,2024,7,579,340,18875.58,13843.01,1127.1,5032.57
SL-0000537,STR-003,CAT-01,2024-08-01,2024,8,576,264,13508.32,7664.0,235.7,5844.32
SL-0000538,STR-003,CAT-02,2024-08-01,2024,8,406,201,12583.02,10555.18,306.58,2027.84
SL-0000539,STR-003,CAT-03,2024-08-01,2024,8,534,297,23062.84,14572.66,1198.75,8490.18
SL-0000540,STR-003,CAT-04,2024-08-01,2024,8,844,463,24907.23,15822.08,404.66,9085.15
SL-0000541,STR-003,CAT-05,2024-08-01,2024,8,937,606,20962.05,9294.2,381.04,11667.85
SL-0000542,STR-003,CAT-06,2024-08-01,2024,8,684,476,18083.46,13651.29,789.53,4432.17
SL-0000543,STR-003,CAT-07,2024-08-01,2024,8,432,206,18405.66,11096.76,390.27,7308.9
SL-0000544,STR-003,CAT-08,2024-08-01,2024,8,795,448,21503.94,16166.41,606.17,5337.53
SL-0000545,STR-003,CAT-01,2024-09-01,2024,9,434,288,12758.67,6963.99,623.9,5794.68
SL-0000546,STR-003,CAT-02,2024-09-01,2024,9,574,288,20160.78,15910.96,1065.22,4249.82
SL-0000547,STR-003,CAT-03,2024-09-01,2024,9,1043,799,25677.07,15356.64,767.09,10320.43
SL-0000548,STR-003,CAT-04,2024-09-01,2024,9,984,615,27374.63,17992.43,1462.59,9382.2
SL-0000549,STR-003,CAT-05,2024-09-01,2024,9,474,365,16081.64,7330.85,766.69,8750.79
SL-0000550,STR-003,CAT-06,2024-09-01,2024,9,636,318,24931.87,20381.01,413.31,4550.86
SL-0000551,STR-003,CAT-07,2024-09-01,2024,9,397,214,12920.9,7430.78,561.51,5490.12
SL-0000552,STR-003,CAT-08,2024-09-01,2024,9,1083,599,26366.0,18645.46,360.54,7720.54
SL-0000553,STR-003,CAT-01,2024-10-01,2024,10,531,308,15818.94,9069.29,353.94,6749.65
SL-0000554,STR-003,CAT-02,2024-10-01,2024,10,2274,1238,20330.4,16510.05,1022.44,3820.35
SL-0000555,STR-003,CAT-03,2024-10-01,2024,10,597,330,15983.29,9509.31,399.52,6473.98
SL-0000556,STR-003,CAT-04,2024-10-01,2024,10,539,278,13295.59,8281.48,206.3,5014.11
SL-0000557,STR-003,CAT-05,2024-10-01,2024,10,751,581,17338.07,7751.81,684.33,9586.26
SL-0000558,STR-003,CAT-06,2024-10-01,2024,10,608,393,18163.34,13803.62,728.85,4359.72
SL-0000559,STR-003,CAT-07,2024-10-01,2024,10,505,292,19487.31,11607.62,679.16,7879.69
SL-0000560,STR-003,CAT-08,2024-10-01,2024,10,524,352,18033.25,12391.8,780.55,5641.45
SL-0000561,STR-003,CAT-01,2024-11-01,2024,11,676,400,17767.38,10216.33,552.03,7551.05
SL-0000562,STR-003,CAT-02,2024-11-01,2024,11,1458,926,30260.04,25304.52,628.68,4955.52
SL-0000563,STR-003,CAT-03,2024-11-01,2024,11,838,474,17298.33,10834.62,1028.99,6463.71
SL-0000564,STR-003,CAT-04,2024-11-01,2024,11,516,312,15440.17,10289.56,200.48,5150.61
SL-0000565,STR-003,CAT-05,2024-11-01,2024,11,872,575,23531.61,9969.32,490.82,13562.29
SL-0000566,STR-003,CAT-06,2024-11-01,2024,11,723,450,26606.61,20250.22,684.35,6356.39
SL-0000567,STR-003,CAT-07,2024-11-01,2024,11,1808,816,44592.43,26988.78,1826.37,17603.65
SL-0000568,STR-003,CAT-08,2024-11-01,2024,11,529,253,22483.67,15893.63,1201.12,6590.04
SL-0000569,STR-003,CAT-01,2024-12-01,2024,12,1196,604,29446.79,17570.53,1218.29,11876.26
SL-0000570,STR-003,CAT-02,2024-12-01,2024,12,843,528,22956.25,19201.69,239.08,3754.56
SL-0000571,STR-003,CAT-03,2024-12-01,2024,12,1085,1224,32494.54,19870.7,701.51,12623.84
SL-0000572,STR-003,CAT-04,2024-12-01,2024,12,407,295,16827.72,10828.84,617.92,5998.88
SL-0000573,STR-003,CAT-05,2024-12-01,2024,12,1104,772,37056.01,17037.82,1284.09,20018.19
SL-0000574,STR-003,CAT-06,2024-12-01,2024,12,490,295,21520.52,16290.51,1027.27,5230.01
SL-0000575,STR-003,CAT-07,2024-12-01,2024,12,1448,754,38104.13,22670.97,1364.79,15433.16
SL-0000576,STR-003,CAT-08,2024-12-01,2024,12,1123,679,27550.76,18467.37,1651.83,9083.39
SL-0000577,STR-004,CAT-01,2023-01-01,2023,1,985,487,35806.05,23783.87,1491.31,12022.18
SL-0000578,STR-004,CAT-02,2023-01-01,2023,1,1092,508,23789.42,20969.97,674.9,2819.45
SL-0000579,STR-004,CAT-03,2023-01-01,2023,1,729,365,22052.5,15157.42,836.58,6895.08
SL-0000580,STR-004,CAT-04,2023-01-01,2023,1,1623,731,32607.43,22152.36,387.26,10455.07
SL-0000581,STR-004,CAT-05,2023-01-01,2023,1,763,587,23566.21,11342.34,998.87,12223.87
SL-0000582,STR-004,CAT-06,2023-01-01,2023,1,1098,650,29248.39,25594.57,759.34,3653.82
SL-0000583,STR-004,CAT-07,2023-01-01,2023,1,625,352,14071.44,8879.19,417.66,5192.25
SL-0000584,STR-004,CAT-08,2023-01-01,2023,1,740,445,19744.8,15301.84,277.05,4442.96
SL-0000585,STR-004,CAT-01,2023-02-01,2023,2,691,419,13333.71,8340.85,342.89,4992.86
SL-0000586,STR-004,CAT-02,2023-02-01,2023,2,664,457,18125.4,16626.37,923.63,1499.03
SL-0000587,STR-004,CAT-03,2023-02-01,2023,2,1037,670,26252.49,16656.75,1193.7,9595.74
SL-0000588,STR-004,CAT-04,2023-02-01,2023,2,906,549,17575.0,11828.8,407.75,5746.2
SL-0000589,STR-004,CAT-05,2023-02-01,2023,2,1046,653,36579.09,17919.19,1979.2,18659.9
SL-0000590,STR-004,CAT-06,2023-02-01,2023,2,951,555,30616.7,25851.24,506.48,4765.46
SL-0000591,STR-004,CAT-07,2023-02-01,2023,2,568,301,22915.39,14063.62,995.32,8851.77
SL-0000592,STR-004,CAT-08,2023-02-01,2023,2,1367,641,31942.97,24717.02,1289.36,7225.95
SL-0000593,STR-004,CAT-01,2023-03-01,2023,3,741,312,21255.23,13081.02,317.48,8174.21
SL-0000594,STR-004,CAT-02,2023-03-01,2023,3,944,526,18891.41,17016.12,744.49,1875.29
SL-0000595,STR-004,CAT-03,2023-03-01,2023,3,1334,761,44481.24,30359.39,1929.23,14121.85
SL-0000596,STR-004,CAT-04,2023-03-01,2023,3,2320,1348,40843.44,28995.13,1161.61,11848.31
SL-0000597,STR-004,CAT-05,2023-03-01,2023,3,1143,832,24119.55,11786.48,1377.98,12333.07
SL-0000598,STR-004,CAT-06,2023-03-01,2023,3,1168,686,32874.66,26224.95,357.12,6649.71
SL-0000599,STR-004,CAT-07,2023-03-01,2023,3,682,353,22327.86,14444.62,932.33,7883.24
SL-0000600,STR-004,CAT-08,2023-03-01,2023,3,762,441,25561.1,19894.79,1126.09,5666.31
SL-0000601,STR-004,CAT-01,2023-04-01,2023,4,490,268,18763.79,11694.48,539.07,7069.31
SL-0000602,STR-004,CAT-02,2023-04-01,2023,4,791,458,19619.95,17843.89,255.9,1776.06
SL-0000603,STR-004,CAT-03,2023-04-01,2023,4,1274,777,35140.4,24316.09,1895.7,10824.31
SL-0000604,STR-004,CAT-04,2023-04-01,2023,4,1656,776,36969.53,24656.05,2021.4,12313.48
SL-0000605,STR-004,CAT-05,2023-04-01,2023,4,1055,461,33938.17,15955.12,1771.99,17983.05
SL-0000606,STR-004,CAT-06,2023-04-01,2023,4,680,479,24149.45,20802.82,1328.5,3346.63
SL-0000607,STR-004,CAT-07,2023-04-01,2023,4,943,658,20449.17,13711.3,818.04,6737.87
SL-0000608,STR-004,CAT-08,2023-04-01,2023,4,838,454,21109.06,16995.72,1118.93,4113.34
SL-0000609,STR-004,CAT-01,2023-05-01,2023,5,1247,862,39493.89,23176.02,2302.17,16317.87
SL-0000610,STR-004,CAT-02,2023-05-01,2023,5,1319,617,33737.49,30319.17,715.84,3418.32
SL-0000611,STR-004,CAT-03,2023-05-01,2023,5,1012,674,25534.36,17412.0,1096.68,8122.36
SL-0000612,STR-004,CAT-04,2023-05-01,2023,5,640,375,24269.33,16607.08,1362.25,7662.25
SL-0000613,STR-004,CAT-05,2023-05-01,2023,5,3387,1797,41987.65,21397.61,1001.2,20590.04
SL-0000614,STR-004,CAT-06,2023-05-01,2023,5,574,293,20554.19,16964.94,519.4,3589.25
SL-0000615,STR-004,CAT-07,2023-05-01,2023,5,877,624,17200.76,10808.16,178.01,6392.6
SL-0000616,STR-004,CAT-08,2023-05-01,2023,5,575,332,23002.68,17471.05,657.35,5531.63
SL-0000617,STR-004,CAT-01,2023-06-01,2023,6,514,356,21688.03,12674.74,673.67,9013.29
SL-0000618,STR-004,CAT-02,2023-06-01,2023,6,905,522,26141.93,22947.62,1061.59,3194.31
SL-0000619,STR-004,CAT-03,2023-06-01,2023,6,415,318,14829.98,9990.26,158.81,4839.72
SL-0000620,STR-004,CAT-04,2023-06-01,2023,6,1158,713,31653.31,21881.69,381.46,9771.62
SL-0000621,STR-004,CAT-05,2023-06-01,2023,6,362,198,14575.7,7053.59,806.71,7522.11
SL-0000622,STR-004,CAT-06,2023-06-01,2023,6,1962,1118,28875.99,22996.86,1504.28,5879.13
SL-0000623,STR-004,CAT-07,2023-06-01,2023,6,729,364,16507.43,11019.42,209.95,5488.01
SL-0000624,STR-004,CAT-08,2023-06-01,2023,6,801,537,25903.85,20041.55,503.83,5862.3
SL-0000625,STR-004,CAT-01,2023-07-01,2023,7,510,235,15582.4,9903.81,302.91,5678.59
SL-0000626,STR-004,CAT-02,2023-07-01,2023,7,1044,447,21883.04,18499.61,482.2,3383.43
SL-0000627,STR-004,CAT-03,2023-07-01,2023,7,692,710,23241.25,15734.71,782.34,7506.54
SL-0000628,STR-004,CAT-04,2023-07-01,2023,7,1488,632,31539.78,22311.31,1228.67,9228.47
SL-0000629,STR-004,CAT-05,2023-07-01,2023,7,794,456,28733.61,14163.5,1011.59,14570.11
SL-0000630,STR-004,CAT-06,2023-07-01,2023,7,777,457,27429.16,21886.37,293.17,5542.79
SL-0000631,STR-004,CAT-07,2023-07-01,2023,7,895,596,15516.86,10033.65,815.27,5483.21
SL-0000632,STR-004,CAT-08,2023-07-01,2023,7,326,166,13219.32,10565.41,196.76,2653.91
SL-0000633,STR-004,CAT-01,2023-08-01,2023,8,547,304,16303.85,10376.28,256.01,5927.57
SL-0000634,STR-004,CAT-02,2023-08-01,2023,8,667,395,20359.13,18605.04,919.98,1754.09
SL-0000635,STR-004,CAT-03,2023-08-01,2023,8,895,604,31130.89,21246.15,1562.37,9884.74
SL-0000636,STR-004,CAT-04,2023-08-01,2023,8,745,476,23363.19,16378.71,1246.96,6984.48
SL-0000637,STR-004,CAT-05,2023-08-01,2023,8,659,391,22524.79,10631.98,1097.01,11892.81
SL-0000638,STR-004,CAT-06,2023-08-01,2023,8,1431,715,27899.33,23588.13,1401.13,4311.2
SL-0000639,STR-004,CAT-07,2023-08-01,2023,8,1120,466,25077.16,16680.56,1010.76,8396.6
SL-0000640,STR-004,CAT-08,2023-08-01,2023,8,1049,631,31208.35,23091.77,1711.64,8116.58
SL-0000641,STR-004,CAT-01,2023-09-01,2023,9,887,639,27931.6,17638.56,1348.25,10293.04
SL-0000642,STR-004,CAT-02,2023-09-01,2023,9,522,289,20457.27,17448.06,718.64,3009.21
SL-0000643,STR-004,CAT-03,2023-09-01,2023,9,854,407,29613.37,18562.02,352.24,11051.35
SL-0000644,STR-004,CAT-04,2023-09-01,2023,9,949,470,30013.44,20534.34,476.99,9479.1
SL-0000645,STR-004,CAT-05,2023-09-01,2023,9,643,334,24293.61,11495.51,936.71,12798.1
SL-0000646,STR-004,CAT-06,2023-09-01,2023,9,1306,600,38808.92,34261.02,2083.8,4547.9
SL-0000647,STR-004,CAT-07,2023-09-01,2023,9,1267,591,22735.51,15767.05,308.8,6968.46
SL-0000648,STR-004,CAT-08,2023-09-01,2023,9,675,428,28206.5,21693.25,371.17,6513.25
SL-0000649,STR-004,CAT-01,2023-10-01,2023,10,771,434,20422.13,12604.05,1209.53,7818.08
SL-0000650,STR-004,CAT-02,2023-10-01,2023,10,831,387,23590.09,21180.66,350.87,2409.43
SL-0000651,STR-004,CAT-03,2023-10-01,2023,10,1090,584,26189.09,18569.63,820.64,7619.46
SL-0000652,STR-004,CAT-04,2023-10-01,2023,10,1154,809,30399.35,22114.6,1490.3,8284.75
SL-0000653,STR-004,CAT-05,2023-10-01,2023,10,1523,872,25303.84,11848.26,353.79,13455.58
SL-0000654,STR-004,CAT-06,2023-10-01,2023,10,1261,746,34366.41,29827.12,529.76,4539.29
SL-0000655,STR-004,CAT-07,2023-10-01,2023,10,1240,889,35187.16,23221.97,1820.32,11965.19
SL-0000656,STR-004,CAT-08,2023-10-01,2023,10,990,509,26465.59,20393.07,1358.37,6072.52
SL-0000657,STR-004,CAT-01,2023-11-01,2023,11,1494,689,29229.25,18821.14,917.97,10408.11
SL-0000658,STR-004,CAT-02,2023-11-01,2023,11,3017,1523,41020.55,37289.3,2039.0,3731.25
SL-0000659,STR-004,CAT-03,2023-11-01,2023,11,1217,639,36194.8,24112.56,1750.42,12082.24
SL-0000660,STR-004,CAT-04,2023-11-01,2023,11,473,184,12980.49,9034.56,632.66,3945.93
SL-0000661,STR-004,CAT-05,2023-11-01,2023,11,1053,638,32225.57,14953.79,1906.61,17271.78
SL-0000662,STR-004,CAT-06,2023-11-01,2023,11,835,430,28114.47,24210.62,342.62,3903.85
SL-0000663,STR-004,CAT-07,2023-11-01,2023,11,1627,913,50840.06,32681.38,1728.18,18158.68
SL-0000664,STR-004,CAT-08,2023-11-01,2023,11,1447,851,40215.59,30588.44,2398.26,9627.15
SL-0000665,STR-004,CAT-01,2023-12-01,2023,12,4329,2937,56823.18,35370.79,879.85,21452.39
SL-0000666,STR-004,CAT-02,2023-12-01,2023,12,1625,925,41872.53,36445.14,1222.21,5427.39
SL-0000667,STR-004,CAT-03,2023-12-01,2023,12,1257,1074,30369.61,21756.33,518.5,8613.28
SL-0000668,STR-004,CAT-04,2023-12-01,2023,12,1572,1330,27064.93,19004.09,1300.4,8060.84
SL-0000669,STR-004,CAT-05,2023-12-01,2023,12,1238,606,43643.66,20714.94,820.09,22928.72
SL-0000670,STR-004,CAT-06,2023-12-01,2023,12,2211,1106,34631.49,27500.36,1442.77,7131.13
SL-0000671,STR-004,CAT-07,2023-12-01,2023,12,1619,814,52878.17,35575.47,2524.59,17302.7
SL-0000672,STR-004,CAT-08,2023-12-01,2023,12,1658,1276,47072.27,36013.87,823.05,11058.4
SL-0000673,STR-004,CAT-01,2024-01-01,2024,1,993,493,25548.16,15670.85,1432.89,9877.31
SL-0000674,STR-004,CAT-02,2024-01-01,2024,1,326,176,10153.33,9130.13,125.81,1023.2
SL-0000675,STR-004,CAT-03,2024-01-01,2024,1,698,396,16135.59,10503.45,564.94,5632.14
SL-0000676,STR-004,CAT-04,2024-01-01,2024,1,1124,660,24424.93,16355.74,609.03,8069.19
SL-0000677,STR-004,CAT-05,2024-01-01,2024,1,1007,376,30908.55,15019.68,1423.53,15888.87
SL-0000678,STR-004,CAT-06,2024-01-01,2024,1,846,506,22056.39,19140.29,1181.3,2916.1
SL-0000679,STR-004,CAT-07,2024-01-01,2024,1,1843,743,13898.28,9228.51,388.73,4669.77
SL-0000680,STR-004,CAT-08,2024-01-01,2024,1,823,519,19100.32,14998.46,217.55,4101.86
SL-0000681,STR-004,CAT-01,2024-02-01,2024,2,676,464,23800.7,15881.95,909.25,7918.75
SL-0000682,STR-004,CAT-02,2024-02-01,2024,2,478,493,14229.69,13040.34,493.81,1189.35
SL-0000683,STR-004,CAT-03,2024-02-01,2024,2,573,254,24858.31,16068.2,1269.57,8790.11
SL-0000684,STR-004,CAT-04,2024-02-01,2024,2,1201,592,34459.03,24723.95,1809.63,9735.08
SL-0000685,STR-004,CAT-05,2024-02-01,2024,2,838,486,29958.38,14318.59,319.78,15639.79
SL-0000686,STR-004,CAT-06,2024-02-01,2024,2,2187,1591,40173.32,32199.93,976.8,7973.39
SL-0000687,STR-004,CAT-07,2024-02-01,2024,2,700,378,21367.54,13313.55,1182.63,8053.99
SL-0000688,STR-004,CAT-08,2024-02-01,2024,2,951,525,32402.5,25171.45,1721.54,7231.05
SL-0000689,STR-004,CAT-01,2024-03-01,2024,3,435,242,14742.64,9262.68,417.19,5479.96
SL-0000690,STR-004,CAT-02,2024-03-01,2024,3,738,444,27246.73,23942.66,869.52,3304.07
SL-0000691,STR-004,CAT-03,2024-03-01,2024,3,763,381,28404.25,19655.56,462.92,8748.69
SL-0000692,STR-004,CAT-04,2024-03-01,2024,3,590,345,16058.7,11384.49,719.84,4674.21
SL-0000693,STR-004,CAT-05,2024-03-01,2024,3,730,316,26667.91,12713.11,966.19,13954.8
SL-0000694,STR-004,CAT-06,2024-03-01,2024,3,431,346,14913.62,12229.05,297.18,2684.57
SL-0000695,STR-004,CAT-07,2024-03-01,2024,3,547,233,13021.28,8341.44,388.91,4679.84
SL-0000696,STR-004,CAT-08,2024-03-01,2024,3,481,305,19220.15,14392.25,400.49,4827.9
SL-0000697,STR-004,CAT-01,2024-04-01,2024,4,1266,633,33154.87,20486.66,1573.74,12668.21
SL-0000698,STR-004,CAT-02,2024-04-01,2024,4,819,430,23744.63,21511.87,485.29,2232.76
SL-0000699,STR-004,CAT-03,2024-04-01,2024,4,1180,575,27352.46,18036.48,1529.66,9315.98
SL-0000700,STR-004,CAT-04,2024-04-01,2024,4,1280,609,38837.04,27033.03,1330.18,11804.01
SL-0000701,STR-004,CAT-05,2024-04-01,2024,4,1130,738,30660.1,14895.63,1285.12,15764.47
SL-0000702,STR-004,CAT-06,2024-04-01,2024,4,1151,483,17858.25,14544.54,850.4,3313.71
SL-0000703,STR-004,CAT-07,2024-04-01,2024,4,1028,558,16615.77,10636.19,169.55,5979.58
SL-0000704,STR-004,CAT-08,2024-04-01,2024,4,1684,1043,36975.88,29585.16,1101.96,7390.72
SL-0000705,STR-004,CAT-01,2024-05-01,2024,5,584,296,19772.9,12212.52,897.7,7560.38
SL-0000706,STR-004,CAT-02,2024-05-01,2024,5,753,358,18656.16,17652.96,822.01,1003.2
SL-0000707,STR-004,CAT-03,2024-05-01,2024,5,886,393,27969.98,19813.11,1446.76,8156.87
SL-0000708,STR-004,CAT-04,2024-05-01,2024,5,1442,721,27861.21,18480.79,882.75,9380.42
SL-0000709,STR-004,CAT-05,2024-05-01,2024,5,824,452,35478.82,16830.58,675.95,18648.24
SL-0000710,STR-004,CAT-06,2024-05-01,2024,5,1947,976,39577.64,33771.81,1245.85,5805.83
SL-0000711,STR-004,CAT-07,2024-05-01,2024,5,1174,719,26384.53,17348.61,904.79,9035.92
SL-0000712,STR-004,CAT-08,2024-05-01,2024,5,943,500,20621.01,16421.27,655.67,4199.74
SL-0000713,STR-004,CAT-01,2024-06-01,2024,6,1124,727,26148.05,15752.52,329.62,10395.53
SL-0000714,STR-004,CAT-02,2024-06-01,2024,6,726,408,20891.31,18937.54,931.11,1953.77
SL-0000715,STR-004,CAT-03,2024-06-01,2024,6,2507,1937,35865.1,24730.28,434.82,11134.82
SL-0000716,STR-004,CAT-04,2024-06-01,2024,6,1803,868,32652.02,23291.66,604.84,9360.36
SL-0000717,STR-004,CAT-05,2024-06-01,2024,6,1329,597,27331.52,13509.99,1046.4,13821.53
SL-0000718,STR-004,CAT-06,2024-06-01,2024,6,1139,469,26316.19,21837.97,877.5,4478.22
SL-0000719,STR-004,CAT-07,2024-06-01,2024,6,610,341,16762.72,11675.93,463.81,5086.79
SL-0000720,STR-004,CAT-08,2024-06-01,2024,6,740,303,17208.28,13296.45,263.91,3911.83
SL-0000721,STR-004,CAT-01,2024-07-01,2024,7,2152,1236,29986.78,18740.99,1786.43,11245.79
SL-0000722,STR-004,CAT-02,2024-07-01,2024,7,554,265,17801.31,15060.91,356.59,2740.4
SL-0000723,STR-004,CAT-03,2024-07-01,2024,7,682,357,20829.38,13938.8,402.88,6890.58
SL-0000724,STR-004,CAT-04,2024-07-01,2024,7,485,236,13737.5,9590.28,162.33,4147.22
SL-0000725,STR-004,CAT-05,2024-07-01,2024,7,555,372,20772.28,9716.23,1205.63,11056.05
SL-0000726,STR-004,CAT-06,2024-07-01,2024,7,441,193,21425.29,19004.24,1004.75,2421.05
SL-0000727,STR-004,CAT-07,2024-07-01,2024,7,564,302,13755.55,8720.73,357.09,5034.82
SL-0000728,STR-004,CAT-08,2024-07-01,2024,7,1443,742,23478.64,18047.43,619.54,5431.21
SL-0000729,STR-004,CAT-01,2024-08-01,2024,8,1194,868,42603.86,27430.98,1927.48,15172.88
SL-0000730,STR-004,CAT-02,2024-08-01,2024,8,1389,794,16803.36,14825.82,446.66,1977.54
SL-0000731,STR-004,CAT-03,2024-08-01,2024,8,1017,520,29840.71,19692.33,933.96,10148.38
SL-0000732,STR-004,CAT-04,2024-08-01,2024,8,949,456,20079.69,14142.71,899.56,5936.98
SL-0000733,STR-004,CAT-05,2024-08-01,2024,8,994,510,26755.81,12242.5,804.26,14513.31
SL-0000734,STR-004,CAT-06,2024-08-01,2024,8,1553,1128,39903.91,32942.65,1673.62,6961.26
SL-0000735,STR-004,CAT-07,2024-08-01,2024,8,772,328,27495.11,18111.75,1106.02,9383.36
SL-0000736,STR-004,CAT-08,2024-08-01,2024,8,698,321,18337.65,14109.61,915.61,4228.04
SL-0000737,STR-004,CAT-01,2024-09-01,2024,9,427,267,17725.08,11228.04,273.48,6497.04
SL-0000738,STR-004,CAT-02,2024-09-01,2024,9,1850,1384,27001.67,23892.55,1293.56,3109.12
SL-0000739,STR-004,CAT-03,2024-09-01,2024,9,1029,496,36761.15,26126.93,2021.87,10634.22
SL-0000740,STR-004,CAT-04,2024-09-01,2024,9,1306,947,34465.88,24903.85,457.31,9562.03
SL-0000741,STR-004,CAT-05,2024-09-01,2024,9,892,395,29616.07,14454.35,1482.5,15161.72
SL-0000742,STR-004,CAT-06,2024-09-01,2024,9,1317,821,27538.67,23904.53,1294.65,3634.14
SL-0000743,STR-004,CAT-07,2024-09-01,2024,9,1952,957,29896.51,20346.68,1026.64,9549.83
SL-0000744,STR-004,CAT-08,2024-09-01,2024,9,649,443,28005.39,20786.85,687.75,7218.54
SL-0000745,STR-004,CAT-01,2024-10-01,2024,10,818,517,24854.38,15965.51,1079.94,8888.87
SL-0000746,STR-004,CAT-02,2024-10-01,2024,10,1191,486,29595.35,26636.7,807.39,2958.65
SL-0000747,STR-004,CAT-03,2024-10-01,2024,10,622,261,20817.44,13836.26,266.83,6981.18
SL-0000748,STR-004,CAT-04,2024-10-01,2024,10,446,253,20984.55,15166.72,248.88,5817.83
SL-0000749,STR-004,CAT-05,2024-10-01,2024,10,783,449,20248.66,9924.41,659.85,10324.25
SL-0000750,STR-004,CAT-06,2024-10-01,2024,10,2023,1331,29902.69,25296.63,1211.08,4606.06
SL-0000751,STR-004,CAT-07,2024-10-01,2024,10,479,254,17566.28,11857.05,597.4,5709.23
SL-0000752,STR-004,CAT-08,2024-10-01,2024,10,1048,578,29157.97,21802.31,600.13,7355.66
SL-0000753,STR-004,CAT-01,2024-11-01,2024,11,1617,763,31081.66,19661.01,411.91,11420.65
SL-0000754,STR-004,CAT-02,2024-11-01,2024,11,1496,729,36665.14,30152.42,535.16,6512.72
SL-0000755,STR-004,CAT-03,2024-11-01,2024,11,1207,727,36048.64,23956.41,988.66,12092.23
SL-0000756,STR-004,CAT-04,2024-11-01,2024,11,701,339,21962.34,15199.32,1256.15,6763.02
SL-0000757,STR-004,CAT-05,2024-11-01,2024,11,550,243,20000.07,9268.1,1060.94,10731.97
SL-0000758,STR-004,CAT-06,2024-11-01,2024,11,1244,735,24520.46,20998.23,881.03,3522.23
SL-0000759,STR-004,CAT-07,2024-11-01,2024,11,1787,1652,45941.84,29345.18,1982.83,16596.66
SL-0000760,STR-004,CAT-08,2024-11-01,2024,11,627,322,21370.26,14826.08,470.73,6544.18
SL-0000761,STR-004,CAT-01,2024-12-01,2024,12,1754,1188,30773.85,19127.76,360.08,11646.09
SL-0000762,STR-004,CAT-02,2024-12-01,2024,12,3790,2562,52587.13,47579.59,532.94,5007.54
SL-0000763,STR-004,CAT-03,2024-12-01,2024,12,945,620,23417.05,16260.81,324.31,7156.24
SL-0000764,STR-004,CAT-04,2024-12-01,2024,12,2603,1277,18673.85,12961.94,253.79,5711.91
SL-0000765,STR-004,CAT-05,2024-12-01,2024,12,850,415,18899.11,8911.53,919.02,9987.58
SL-0000766,STR-004,CAT-06,2024-12-01,2024,12,953,476,24639.33,22080.24,282.92,2559.09
SL-0000767,STR-004,CAT-07,2024-12-01,2024,12,1454,861,49561.58,33808.85,625.27,15752.73
SL-0000768,STR-004,CAT-08,2024-12-01,2024,12,1113,592,33829.81,24202.98,1337.76,9626.83
SL-0000769,STR-005,CAT-01,2023-01-01,2023,1,401,252,15114.45,8719.44,869.09,6395.01
SL-0000770,STR-005,CAT-02,2023-01-01,2023,1,1104,715,15991.4,13513.15,380.2,2478.25
SL-0000771,STR-005,CAT-03,2023-01-01,2023,1,928,508,21391.89,12928.8,1005.04,8463.09
SL-0000772,STR-005,CAT-04,2023-01-01,2023,1,1954,1308,25359.62,16277.93,858.42,9081.69
SL-0000773,STR-005,CAT-05,2023-01-01,2023,1,1230,568,25267.41,11780.67,1379.64,13486.74
SL-0000774,STR-005,CAT-06,2023-01-01,2023,1,1147,541,25892.35,19566.58,1110.91,6325.77
SL-0000775,STR-005,CAT-07,2023-01-01,2023,1,776,402,10793.2,6554.65,400.39,4238.55
SL-0000776,STR-005,CAT-08,2023-01-01,2023,1,343,225,11290.14,7663.78,378.4,3626.36
SL-0000777,STR-005,CAT-01,2023-02-01,2023,2,284,181,11820.04,6907.25,543.66,4912.79
SL-0000778,STR-005,CAT-02,2023-02-01,2023,2,352,228,8231.25,6591.52,232.86,1639.73
SL-0000779,STR-005,CAT-03,2023-02-01,2023,2,436,282,13917.25,8957.82,460.27,4959.43
SL-0000780,STR-005,CAT-04,2023-02-01,2023,2,381,213,15341.73,10089.08,470.06,5252.65
SL-0000781,STR-005,CAT-05,2023-02-01,2023,2,331,149,13335.72,6192.86,765.05,7142.86
SL-0000782,STR-005,CAT-06,2023-02-01,2023,2,2043,1141,25656.62,20761.02,827.74,4895.6
SL-0000783,STR-005,CAT-07,2023-02-01,2023,2,269,225,10703.3,6693.89,527.55,4009.41
SL-0000784,STR-005,CAT-08,2023-02-01,2023,2,220,139,9636.02,7219.36,120.49,2416.66
SL-0000785,STR-005,CAT-01,2023-03-01,2023,3,403,243,11973.77,6976.02,592.34,4997.75
SL-0000786,STR-005,CAT-02,2023-03-01,2023,3,1018,560,10503.57,8752.75,334.89,1750.82
SL-0000787,STR-005,CAT-03,2023-03-01,2023,3,1091,635,19284.8,11852.05,356.94,7432.75
SL-0000788,STR-005,CAT-04,2023-03-01,2023,3,708,341,14780.9,10111.5,646.13,4669.4
SL-0000789,STR-005,CAT-05,2023-03-01,2023,3,579,337,12942.95,6084.34,246.17,6858.61
SL-0000790,STR-005,CAT-06,2023-03-01,2023,3,505,240,20634.78,15638.5,1129.95,4996.28
SL-0000791,STR-005,CAT-07,2023-03-01,2023,3,510,263,13531.37,8169.99,264.61,5361.38
SL-0000792,STR-005,CAT-08,2023-03-01,2023,3,332,152,11216.15,7842.46,313.42,3373.69
SL-0000793,STR-005,CAT-01,2023-04-01,2023,4,457,394,19929.93,12402.19,431.1,7527.74
SL-0000794,STR-005,CAT-02,2023-04-01,2023,4,256,150,9947.0,8314.08,547.15,1632.92
SL-0000795,STR-005,CAT-03,2023-04-01,2023,4,785,490,20466.69,12859.2,965.61,7607.49
SL-0000796,STR-005,CAT-04,2023-04-01,2023,4,593,283,22523.89,13966.97,227.37,8556.92
SL-0000797,STR-005,CAT-05,2023-04-01,2023,4,817,440,22736.28,10059.12,1052.35,12677.16
SL-0000798,STR-005,CAT-06,2023-04-01,2023,4,402,267,13048.66,10602.69,419.13,2445.97
SL-0000799,STR-005,CAT-07,2023-04-01,2023,4,363,232,12307.74,7106.94,139.99,5200.8
SL-0000800,STR-005,CAT-08,2023-04-01,2023,4,589,305,18412.78,13211.96,237.17,5200.82
SL-0000801,STR-005,CAT-01,2023-05-01,2023,5,562,437,15257.05,8879.99,431.5,6377.06
SL-0000802,STR-005,CAT-02,2023-05-01,2023,5,338,157,13628.81,11093.73,314.56,2535.08
SL-0000803,STR-005,CAT-03,2023-05-01,2023,5,504,310,16667.76,10289.97,752.44,6377.79
SL-0000804,STR-005,CAT-04,2023-05-01,2023,5,1791,1707,26191.85,17721.62,897.23,8470.23
SL-0000805,STR-005,CAT-05,2023-05-01,2023,5,876,628,24594.01,11178.89,753.01,13415.12
SL-0000806,STR-005,CAT-06,2023-05-01,2023,5,498,304,17189.12,13642.2,967.69,3546.92
SL-0000807,STR-005,CAT-07,2023-05-01,2023,5,436,206,13696.65,8018.44,145.49,5678.21
SL-0000808,STR-005,CAT-08,2023-05-01,2023,5,616,349,10372.02,6821.57,486.01,3550.45
SL-0000809,STR-005,CAT-01,2023-06-01,2023,6,658,412,22808.73,13527.18,1071.74,9281.55
SL-0000810,STR-005,CAT-02,2023-06-01,2023,6,1177,826,24228.48,20250.82,973.38,3977.66
SL-0000811,STR-005,CAT-03,2023-06-01,2023,6,590,265,19354.76,11722.42,1058.61,7632.34
SL-0000812,STR-005,CAT-04,2023-06-01,2023,6,903,544,31904.64,20513.87,798.55,11390.77
SL-0000813,STR-005,CAT-05,2023-06-01,2023,6,1264,586,20455.58,9362.13,478.64,11093.45
SL-0000814,STR-005,CAT-06,2023-06-01,2023,6,839,491,21127.42,16691.64,603.73,4435.78
SL-0000815,STR-005,CAT-07,2023-06-01,2023,6,561,324,17477.01,10985.51,793.56,6491.5
SL-0000816,STR-005,CAT-08,2023-06-01,2023,6,433,255,13098.27,9208.78,470.05,3889.49
SL-0000817,STR-005,CAT-01,2023-07-01,2023,7,837,492,23381.54,13352.45,715.9,10029.09
SL-0000818,STR-005,CAT-02,2023-07-01,2023,7,770,405,18865.14,14773.39,847.56,4091.75
SL-0000819,STR-005,CAT-03,2023-07-01,2023,7,313,202,11305.86,6795.63,404.95,4510.23
SL-0000820,STR-005,CAT-04,2023-07-01,2023,7,578,354,13634.74,8667.96,625.49,4966.78
SL-0000821,STR-005,CAT-05,2023-07-01,2023,7,710,344,22435.57,9859.8,498.96,12575.77
SL-0000822,STR-005,CAT-06,2023-07-01,2023,7,440,310,11190.93,8507.0,200.42,2683.93
SL-0000823,STR-005,CAT-07,2023-07-01,2023,7,486,256,10790.13,6307.18,393.83,4482.95
SL-0000824,STR-005,CAT-08,2023-07-01,2023,7,724,375,23502.06,17654.55,267.14,5847.51
SL-0000825,STR-005,CAT-01,2023-08-01,2023,8,762,588,27391.26,15275.04,676.23,12116.22
SL-0000826,STR-005,CAT-02,2023-08-01,2023,8,975,467,21754.51,18332.76,792.03,3421.75
SL-0000827,STR-005,CAT-03,2023-08-01,2023,8,1033,688,26025.88,15355.85,1508.26,10670.03
SL-0000828,STR-005,CAT-04,2023-08-01,2023,8,778,467,22741.42,14931.61,353.28,7809.81
SL-0000829,STR-005,CAT-05,2023-08-01,2023,8,699,444,17989.71,7956.71,459.03,10033.0
SL-0000830,STR-005,CAT-06,2023-08-01,2023,8,1896,1370,27798.85,22240.86,1644.58,5557.99
SL-0000831,STR-005,CAT-07,2023-08-01,2023,8,343,168,13721.36,7987.7,571.05,5733.66
SL-0000832,STR-005,CAT-08,2023-08-01,2023,8,926,467,31235.98,22041.1,1215.28,9194.88
SL-0000833,STR-005,CAT-01,2023-09-01,2023,9,507,331,13194.37,7753.87,534.54,5440.5
SL-0000834,STR-005,CAT-02,2023-09-01,2023,9,611,308,18686.85,15362.41,487.44,3324.44
SL-0000835,STR-005,CAT-03,2023-09-01,2023,9,1162,757,20532.19,12955.69,1201.96,7576.5
SL-0000836,STR-005,CAT-04,2023-09-01,2023,9,454,230,10196.43,6545.0,160.14,3651.43
SL-0000837,STR-005,CAT-05,2023-09-01,2023,9,743,416,18591.46,8853.0,1028.59,9738.46
SL-0000838,STR-005,CAT-06,2023-09-01,2023,9,742,369,18013.81,13859.05,397.06,4154.76
SL-0000839,STR-005,CAT-07,2023-09-01,2023,9,781,501,19016.31,11220.84,956.73,7795.47
SL-0000840,STR-005,CAT-08,2023-09-01,2023,9,496,289,13436.4,9338.05,357.82,4098.35
SL-0000841,STR-005,CAT-01,2023-10-01,2023,10,741,395,18478.05,10320.3,1030.47,8157.75
SL-0000842,STR-005,CAT-02,2023-10-01,2023,10,851,391,28348.29,23087.14,1059.49,5261.15
SL-0000843,STR-005,CAT-03,2023-10-01,2023,10,511,267,13927.23,8871.12,569.16,5056.11
SL-0000844,STR-005,CAT-04,2023-10-01,2023,10,441,239,12129.86,8201.95,632.52,3927.91
SL-0000845,STR-005,CAT-05,2023-10-01,2023,10,1351,755,25705.79,11076.24,817.24,14629.55
SL-0000846,STR-005,CAT-06,2023-10-01,2023,10,953,393,27679.92,21541.32,1397.4,6138.6
SL-0000847,STR-005,CAT-07,2023-10-01,2023,10,951,536,21900.74,13320.09,1299.03,8580.65
SL-0000848,STR-005,CAT-08,2023-10-01,2023,10,293,233,13714.54,9701.11,435.81,4013.43
SL-0000849,STR-005,CAT-01,2023-11-01,2023,11,1562,1274,23741.78,13251.2,966.49,10490.58
SL-0000850,STR-005,CAT-02,2023-11-01,2023,11,1187,657,40229.47,32177.35,1169.38,8052.12
SL-0000851,STR-005,CAT-03,2023-11-01,2023,11,726,382,24386.24,14736.78,1194.74,9649.46
SL-0000852,STR-005,CAT-04,2023-11-01,2023,11,327,265,14393.79,9280.65,397.25,5113.14
SL-0000853,STR-005,CAT-05,2023-11-01,2023,11,972,622,26277.57,12143.01,1359.75,14134.56
SL-0000854,STR-005,CAT-06,2023-11-01,2023,11,595,266,15779.39,13032.77,730.47,2746.62
SL-0000855,STR-005,CAT-07,2023-11-01,2023,11,2029,1371,41837.37,25141.22,1313.7,16696.15
SL-0000856,STR-005,CAT-08,2023-11-01,2023,11,968,466,27926.31,19597.9,1459.73,8328.41
SL-0000857,STR-005,CAT-01,2023-12-01,2023,12,1792,846,30405.63,18031.77,1318.1,12373.86
SL-0000858,STR-005,CAT-02,2023-12-01,2023,12,1464,705,32721.85,26542.91,1814.64,6178.94
SL-0000859,STR-005,CAT-03,2023-12-01,2023,12,1376,813,23770.57,14193.01,462.27,9577.56
SL-0000860,STR-005,CAT-04,2023-12-01,2023,12,571,267,14437.4,9224.95,308.52,5212.45
SL-0000861,STR-005,CAT-05,2023-12-01,2023,12,823,382,21152.39,9133.9,567.61,12018.49
SL-0000862,STR-005,CAT-06,2023-12-01,2023,12,517,262,18253.1,14571.42,904.21,3681.68
SL-0000863,STR-005,CAT-07,2023-12-01,2023,12,1262,807,36667.81,21838.0,649.52,14829.81
SL-0000864,STR-005,CAT-08,2023-12-01,2023,12,423,294,13161.79,8641.98,519.24,4519.81
SL-0000865,STR-005,CAT-01,2024-01-01,2024,1,828,354,20836.11,12085.77,980.33,8750.34
SL-0000866,STR-005,CAT-02,2024-01-01,2024,1,237,111,9820.78,7925.96,547.99,1894.82
SL-0000867,STR-005,CAT-03,2024-01-01,2024,1,362,190,10232.56,6533.96,220.25,3698.6
SL-0000868,STR-005,CAT-04,2024-01-01,2024,1,735,477,13116.09,8944.96,693.84,4171.13
SL-0000869,STR-005,CAT-05,2024-01-01,2024,1,1004,553,20295.35,9305.94,354.04,10989.41
SL-0000870,STR-005,CAT-06,2024-01-01,2024,1,1236,716,17342.84,13361.28,818.41,3981.56
SL-0000871,STR-005,CAT-07,2024-01-01,2024,1,435,248,10691.21,6420.64,112.36,4270.57
SL-0000872,STR-005,CAT-08,2024-01-01,2024,1,310,225,11639.16,8278.53,239.82,3360.63
SL-0000873,STR-005,CAT-01,2024-02-01,2024,2,818,506,19512.01,11200.32,204.31,8311.69
SL-0000874,STR-005,CAT-02,2024-02-01,2024,2,436,252,13823.87,11718.6,274.04,2105.27
SL-0000875,STR-005,CAT-03,2024-02-01,2024,2,499,328,16553.13,10325.02,517.66,6228.11
SL-0000876,STR-005,CAT-04,2024-02-01,2024,2,753,572,24717.52,15427.01,656.5,9290.51
SL-0000877,STR-005,CAT-05,2024-02-01,2024,2,1059,606,15192.79,6710.67,493.52,8482.12
SL-0000878,STR-005,CAT-06,2024-02-01,2024,2,544,509,21777.31,17126.55,814.6,4650.76
SL-0000879,STR-005,CAT-07,2024-02-01,2024,2,681,335,17291.1,10691.59,774.71,6599.51
SL-0000880,STR-005,CAT-08,2024-02-01,2024,2,559,417,19452.88,13209.81,575.85,6243.07
SL-0000881,STR-005,CAT-01,2024-03-01,2024,3,798,487,22839.73,13931.19,398.88,8908.54
SL-0000882,STR-005,CAT-02,2024-03-01,2024,3,679,380,19728.75,15609.48,1041.96,4119.27
SL-0000883,STR-005,CAT-03,2024-03-01,2024,3,1243,937,31614.42,19515.29,704.68,12099.13
SL-0000884,STR-005,CAT-04,2024-03-01,2024,3,1222,737,25182.53,15421.84,1150.77,9760.69
SL-0000885,STR-005,CAT-05,2024-03-01,2024,3,787,456,25295.1,11565.42,883.13,13729.68
SL-0000886,STR-005,CAT-06,2024-03-01,2024,3,1019,696,20916.86,16173.59,806.66,4743.27
SL-0000887,STR-005,CAT-07,2024-03-01,2024,3,476,271,14376.31,8840.41,367.27,5535.9
SL-0000888,STR-005,CAT-08,2024-03-01,2024,3,642,313,21108.66,15350.97,830.42,5757.69
SL-0000889,STR-005,CAT-01,2024-04-01,2024,4,546,238,18407.73,10117.73,981.39,8290.0
SL-0000890,STR-005,CAT-02,2024-04-01,2024,4,593,317,17611.32,14215.58,434.62,3395.74
SL-0000891,STR-005,CAT-03,2024-04-01,2024,4,596,323,17988.52,10394.29,431.61,7594.23
SL-0000892,STR-005,CAT-04,2024-04-01,2024,4,934,515,26291.94,16692.6,500.2,9599.34
SL-0000893,STR-005,CAT-05,2024-04-01,2024,4,1069,585,24246.26,10433.74,681.9,13812.52
SL-0000894,STR-005,CAT-06,2024-04-01,2024,4,482,212,16211.57,12498.08,332.88,3713.49
SL-0000895,STR-005,CAT-07,2024-04-01,2024,4,704,340,13867.91,7728.8,700.24,6139.11
SL-0000896,STR-005,CAT-08,2024-04-01,2024,4,641,373,21152.52,15114.67,1219.48,6037.85
SL-0000897,STR-005,CAT-01,2024-05-01,2024,5,1068,532,14368.61,8256.99,786.94,6111.62
SL-0000898,STR-005,CAT-02,2024-05-01,2024,5,482,339,16644.74,13692.76,708.67,2951.98
SL-0000899,STR-005,CAT-03,2024-05-01,2024,5,753,380,22584.22,13459.25,891.09,9124.97
SL-0000900,STR-005,CAT-04,2024-05-01,2024,5,744,357,26775.31,17251.02,375.65,9524.29
SL-0000901,STR-005,CAT-05,2024-05-01,2024,5,754,637,20514.16,9571.21,310.29,10942.95
SL-0000902,STR-005,CAT-06,2024-05-01,2024,5,694,384,21503.78,16387.49,318.03,5116.29
SL-0000903,STR-005,CAT-07,2024-05-01,2024,5,414,226,14326.57,8333.81,600.98,5992.76
SL-0000904,STR-005,CAT-08,2024-05-01,2024,5,758,535,14142.75,9851.16,465.09,4291.59
SL-0000905,STR-005,CAT-01,2024-06-01,2024,6,734,469,24754.04,14473.63,1265.21,10280.41
SL-0000906,STR-005,CAT-02,2024-06-01,2024,6,400,253,21534.98,17473.71,687.68,4061.27
SL-0000907,STR-005,CAT-03,2024-06-01,2024,6,516,291,15821.49,9888.78,860.77,5932.71
SL-0000908,STR-005,CAT-04,2024-06-01,2024,6,939,541,18202.06,11652.59,456.25,6549.47
SL-0000909,STR-005,CAT-05,2024-06-01,2024,6,717,393,20263.15,8920.79,644.26,11342.36
SL-0000910,STR-005,CAT-06,2024-06-01,2024,6,753,523,24078.26,19809.8,765.56,4268.46
SL-0000911,STR-005,CAT-07,2024-06-01,2024,6,782,467,12812.21,7464.85,759.64,5347.36
SL-0000912,STR-005,CAT-08,2024-06-01,2024,6,364,199,10387.83,7308.75,175.47,3079.08
SL-0000913,STR-005,CAT-01,2024-07-01,2024,7,1183,558,27400.92,16860.81,1121.89,10540.11
SL-0000914,STR-005,CAT-02,2024-07-01,2024,7,1044,860,22399.47,19021.95,894.82,3377.52
SL-0000915,STR-005,CAT-03,2024-07-01,2024,7,709,510,22187.48,14110.66,873.04,8076.82
SL-0000916,STR-005,CAT-04,2024-07-01,2024,7,920,423,18884.86,11927.11,961.23,6957.75
SL-0000917,STR-005,CAT-05,2024-07-01,2024,7,1353,622,29945.67,13009.83,1339.05,16935.84
SL-0000918,STR-005,CAT-06,2024-07-01,2024,7,1798,1298,29431.95,22875.75,761.97,6556.2
SL-0000919,STR-005,CAT-07,2024-07-01,2024,7,1423,1045,22993.01,13619.95,258.34,9373.06
SL-0000920,STR-005,CAT-08,2024-07-01,2024,7,897,341,24349.92,17561.89,395.82,6788.03
SL-0000921,STR-005,CAT-01,2024-08-01,2024,8,2151,945,41535.22,24077.88,2184.54,17457.34
SL-0000922,STR-005,CAT-02,2024-08-01,2024,8,1365,727,22248.69,18711.67,326.68,3537.02
SL-0000923,STR-005,CAT-03,2024-08-01,2024,8,1030,662,23465.22,15108.76,735.53,8356.46
SL-0000924,STR-005,CAT-04,2024-08-01,2024,8,1202,600,30183.9,20213.3,1102.78,9970.6
SL-0000925,STR-005,CAT-05,2024-08-01,2024,8,587,348,16254.53,7097.09,786.23,9157.44
SL-0000926,STR-005,CAT-06,2024-08-01,2024,8,760,390,23946.15,18444.04,1177.05,5502.11
SL-0000927,STR-005,CAT-07,2024-08-01,2024,8,609,352,17801.08,10391.69,798.96,7409.39
SL-0000928,STR-005,CAT-08,2024-08-01,2024,8,1793,1286,33916.56,23494.95,420.86,10421.61
SL-0000929,STR-005,CAT-01,2024-09-01,2024,9,1677,768,31798.79,17729.59,768.91,14069.2
SL-0000930,STR-005,CAT-02,2024-09-01,2024,9,932,512,22262.68,17521.73,313.27,4740.95
SL-0000931,STR-005,CAT-03,2024-09-01,2024,9,618,378,23089.18,14191.25,1255.64,8897.93
SL-0000932,STR-005,CAT-04,2024-09-01,2024,9,580,319,19819.25,12923.88,1105.38,6895.37
SL-0000933,STR-005,CAT-05,2024-09-01,2024,9,496,238,15468.15,7020.09,416.88,8448.06
SL-0000934,STR-005,CAT-06,2024-09-01,2024,9,982,639,24227.95,19088.34,1114.24,5139.61
SL-0000935,STR-005,CAT-07,2024-09-01,2024,9,562,310,23522.74,13719.73,568.39,9803.01
SL-0000936,STR-005,CAT-08,2024-09-01,2024,9,603,299,18876.94,12671.17,259.23,6205.77
SL-0000937,STR-005,CAT-01,2024-10-01,2024,10,665,560,20795.35,12577.64,246.58,8217.71
SL-0000938,STR-005,CAT-02,2024-10-01,2024,10,562,373,15772.67,13244.35,617.96,2528.32
SL-0000939,STR-005,CAT-03,2024-10-01,2024,10,1623,938,20855.71,12306.37,936.83,8549.34
SL-0000940,STR-005,CAT-04,2024-10-01,2024,10,211,145,12481.75,8339.53,151.82,4142.22
SL-0000941,STR-005,CAT-05,2024-10-01,2024,10,1062,675,28807.67,13078.67,1518.5,15729.0
SL-0000942,STR-005,CAT-06,2024-10-01,2024,10,567,322,16854.07,13582.91,280.25,3271.16
SL-0000943,STR-005,CAT-07,2024-10-01,2024,10,1545,953,36952.69,22068.62,1319.25,14884.07
SL-0000944,STR-005,CAT-08,2024-10-01,2024,10,957,536,26208.55,17739.72,1064.96,8468.83
SL-0000945,STR-005,CAT-01,2024-11-01,2024,11,564,286,16693.76,9701.67,324.03,6992.09
SL-0000946,STR-005,CAT-02,2024-11-01,2024,11,789,366,23406.94,19157.53,349.33,4249.41
SL-0000947,STR-005,CAT-03,2024-11-01,2024,11,598,364,17931.24,11171.49,502.28,6759.75
SL-0000948,STR-005,CAT-04,2024-11-01,2024,11,401,202,14621.07,9356.33,153.44,5264.74
SL-0000949,STR-005,CAT-05,2024-11-01,2024,11,397,229,18145.78,8179.47,1063.52,9966.31
SL-0000950,STR-005,CAT-06,2024-11-01,2024,11,1137,837,30023.89,21859.05,765.96,8164.84
SL-0000951,STR-005,CAT-07,2024-11-01,2024,11,1148,653,37905.79,22608.77,579.64,15297.02
SL-0000952,STR-005,CAT-08,2024-11-01,2024,11,604,365,23458.52,16260.25,556.24,7198.27
SL-0000953,STR-005,CAT-01,2024-12-01,2024,12,960,880,27095.91,15994.4,1445.86,11101.51
SL-0000954,STR-005,CAT-02,2024-12-01,2024,12,1761,786,49089.76,40094.56,2726.17,8995.2
SL-0000955,STR-005,CAT-03,2024-12-01,2024,12,607,284,23148.06,14034.6,669.32,9113.46
SL-0000956,STR-005,CAT-04,2024-12-01,2024,12,301,131,13645.98,9273.48,613.52,4372.5
SL-0000957,STR-005,CAT-05,2024-12-01,2024,12,1069,723,35012.56,15202.87,789.85,19809.69
SL-0000958,STR-005,CAT-06,2024-12-01,2024,12,949,725,36015.22,28326.16,1323.25,7689.06
SL-0000959,STR-005,CAT-07,2024-12-01,2024,12,1490,829,52354.23,32031.68,1412.45,20322.55
SL-0000960,STR-005,CAT-08,2024-12-01,2024,12,3007,1844,38854.65,26375.25,1972.73,12479.4
SL-0000961,STR-006,CAT-01,2023-01-01,2023,1,184,112,7601.95,4479.06,334.54,3122.89
SL-0000962,STR-006,CAT-02,2023-01-01,2023,1,300,158,8870.21,7182.51,372.68,1687.7
SL-0000963,STR-006,CAT-03,2023-01-01,2023,1,350,178,12976.56,8083.99,675.92,4892.57
SL-0000964,STR-006,CAT-04,2023-01-01,2023,1,277,155,7972.67,5137.12,122.65,2835.55
SL-0000965,STR-006,CAT-05,2023-01-01,2023,1,396,225,9448.73,4184.4,129.32,5264.33
SL-0000966,STR-006,CAT-06,2023-01-01,2023,1,261,134,8065.52,5930.13,269.98,2135.39
SL-0000967,STR-006,CAT-07,2023-01-01,2023,1,588,265,7309.83,4476.67,342.11,2833.16
SL-0000968,STR-006,CAT-08,2023-01-01,2023,1,236,119,10481.98,7209.92,259.11,3272.06
SL-0000969,STR-006,CAT-01,2023-02-01,2023,2,455,216,11750.1,6699.73,699.09,5050.37
SL-0000970,STR-006,CAT-02,2023-02-01,2023,2,381,301,11363.55,8919.11,194.09,2444.44
SL-0000971,STR-006,CAT-03,2023-02-01,2023,2,303,193,9142.23,5360.76,335.12,3781.47
SL-0000972,STR-006,CAT-04,2023-02-01,2023,2,436,195,11442.15,7429.99,667.62,4012.16
SL-0000973,STR-006,CAT-05,2023-02-01,2023,2,469,231,10316.51,4890.74,123.5,5425.77
SL-0000974,STR-006,CAT-06,2023-02-01,2023,2,362,184,9523.77,7475.94,501.97,2047.83
SL-0000975,STR-006,CAT-07,2023-02-01,2023,2,232,138,9246.21,5396.7,378.91,3849.51
SL-0000976,STR-006,CAT-08,2023-02-01,2023,2,408,208,10901.13,8061.03,649.54,2840.1
SL-0000977,STR-006,CAT-01,2023-03-01,2023,3,878,578,17149.28,9732.35,660.05,7416.93
SL-0000978,STR-006,CAT-02,2023-03-01,2023,3,381,207,8021.38,6551.65,220.02,1469.73
SL-0000979,STR-006,CAT-03,2023-03-01,2023,3,439,215,11972.54,7290.13,690.51,4682.41
SL-0000980,STR-006,CAT-04,2023-03-01,2023,3,361,197,14098.53,8859.21,684.61,5239.32
SL-0000981,STR-006,CAT-05,2023-03-01,2023,3,362,198,9898.83,4526.84,559.26,5371.99
SL-0000982,STR-006,CAT-06,2023-03-01,2023,3,543,312,14025.82,10755.5,504.79,3270.32
SL-0000983,STR-006,CAT-07,2023-03-01,2023,3,204,109,6678.09,3987.91,169.14,2690.18
SL-0000984,STR-006,CAT-08,2023-03-01,2023,3,513,243,13690.45,9853.05,562.44,3837.4
SL-0000985,STR-006,CAT-01,2023-04-01,2023,4,362,176,12309.23,7149.14,666.27,5160.09
SL-0000986,STR-006,CAT-02,2023-04-01,2023,4,166,86,6097.3,4904.72,262.9,1192.58
SL-0000987,STR-006,CAT-03,2023-04-01,2023,4,276,127,11612.02,7061.9,624.03,4550.12
SL-0000988,STR-006,CAT-04,2023-04-01,2023,4,230,119,8105.52,5196.21,282.57,2909.31
SL-0000989,STR-006,CAT-05,2023-04-01,2023,4,168,90,5865.72,2478.67,327.18,3387.05
SL-0000990,STR-006,CAT-06,2023-04-01,2023,4,520,291,10926.87,8769.71,490.23,2157.16
SL-0000991,STR-006,CAT-07,2023-04-01,2023,4,225,126,8131.66,5155.17,469.13,2976.49
SL-0000992,STR-006,CAT-08,2023-04-01,2023,4,460,285,9338.4,6327.03,382.42,3011.37
SL-0000993,STR-006,CAT-01,2023-05-01,2023,5,205,132,7267.66,4247.08,239.27,3020.58
SL-0000994,STR-006,CAT-02,2023-05-01,2023,5,344,180,8988.67,7232.04,340.58,1756.63
SL-0000995,STR-006,CAT-03,2023-05-01,2023,5,715,313,17442.72,10829.21,858.99,6613.51
SL-0000996,STR-006,CAT-04,2023-05-01,2023,5,399,198,9786.82,6610.88,348.08,3175.94
SL-0000997,STR-006,CAT-05,2023-05-01,2023,5,444,236,11756.07,5195.09,317.8,6560.98
SL-0000998,STR-006,CAT-06,2023-05-01,2023,5,533,257,10373.54,7931.65,240.59,2441.89
SL-0000999,STR-006,CAT-07,2023-05-01,2023,5,322,208,12529.7,7414.87,150.65,5114.83
SL-0001000,STR-006,CAT-08,2023-05-01,2023,5,399,233,9450.14,6637.72,358.13,2812.42
SL-0001001,STR-006,CAT-01,2023-06-01,2023,6,341,261,9551.74,5089.06,188.12,4462.68
SL-0001002,STR-006,CAT-02,2023-06-01,2023,6,526,322,13681.5,11201.32,642.84,2480.18
SL-0001003,STR-006,CAT-03,2023-06-01,2023,6,286,169,9148.23,5823.22,380.13,3325.01
SL-0001004,STR-006,CAT-04,2023-06-01,2023,6,488,264,11583.51,7462.49,437.97,4121.02
SL-0001005,STR-006,CAT-05,2023-06-01,2023,6,633,362,15850.31,7304.63,723.38,8545.68
SL-0001006,STR-006,CAT-06,2023-06-01,2023,6,181,88,7763.66,5784.53,78.59,1979.13
SL-0001007,STR-006,CAT-07,2023-06-01,2023,6,372,209,9578.4,6045.46,436.24,3532.94
SL-0001008,STR-006,CAT-08,2023-06-01,2023,6,378,186,9501.21,6510.43,488.94,2990.78
SL-0001009,STR-006,CAT-01,2023-07-01,2023,7,424,250,7536.18,4311.46,386.34,3224.72
SL-0001010,STR-006,CAT-02,2023-07-01,2023,7,220,121,8043.12,6732.78,188.52,1310.34
SL-0001011,STR-006,CAT-03,2023-07-01,2023,7,322,172,6823.08,4293.2,386.76,2529.88
SL-0001012,STR-006,CAT-04,2023-07-01,2023,7,453,323,14366.21,9612.37,250.54,4753.84
SL-0001013,STR-006,CAT-05,2023-07-01,2023,7,250,115,10170.88,4956.46,562.1,5214.42
SL-0001014,STR-006,CAT-06,2023-07-01,2023,7,452,177,13944.97,10368.77,529.67,3576.2
SL-0001015,STR-006,CAT-07,2023-07-01,2023,7,567,280,10422.91,6485.9,260.97,3937.01
SL-0001016,STR-006,CAT-08,2023-07-01,2023,7,316,149,11069.0,7777.99,580.14,3291.01
SL-0001017,STR-006,CAT-01,2023-08-01,2023,8,483,240,18705.83,10895.37,743.94,7810.46
SL-0001018,STR-006,CAT-02,2023-08-01,2023,8,262,151,7805.32,6621.81,227.66,1183.51
SL-0001019,STR-006,CAT-03,2023-08-01,2023,8,347,211,12422.24,7890.41,140.25,4531.83
SL-0001020,STR-006,CAT-04,2023-08-01,2023,8,323,147,9744.04,6675.9,404.31,3068.14
SL-0001021,STR-006,CAT-05,2023-08-01,2023,8,584,258,14363.16,6586.23,786.17,7776.93
SL-0001022,STR-006,CAT-06,2023-08-01,2023,8,638,375,16457.45,13040.37,670.85,3417.08
SL-0001023,STR-006,CAT-07,2023-08-01,2023,8,340,206,12560.5,7907.11,555.41,4653.39
SL-0001024,STR-006,CAT-08,2023-08-01,2023,8,341,186,11018.44,7365.63,616.91,3652.81
SL-0001025,STR-006,CAT-01,2023-09-01,2023,9,309,144,12332.54,7320.69,154.59,5011.85
SL-0001026,STR-006,CAT-02,2023-09-01,2023,9,399,208,10814.8,8712.99,547.96,2101.81
SL-0001027,STR-006,CAT-03,2023-09-01,2023,9,1124,543,17352.6,10932.19,373.07,6420.41
SL-0001028,STR-006,CAT-04,2023-09-01,2023,9,473,263,7463.28,4963.53,134.04,2499.75
SL-0001029,STR-006,CAT-05,2023-09-01,2023,9,332,149,10406.93,4805.34,434.92,5601.59
SL-0001030,STR-006,CAT-06,2023-09-01,2023,9,311,177,12851.89,10054.55,190.42,2797.34
SL-0001031,STR-006,CAT-07,2023-09-01,2023,9,361,206,9392.34,5812.01,316.35,3580.33
SL-0001032,STR-006,CAT-08,2023-09-01,2023,9,590,431,16365.69,11104.43,390.58,5261.26
SL-0001033,STR-006,CAT-01,2023-10-01,2023,10,399,207,16439.39,9823.7,986.34,6615.69
SL-0001034,STR-006,CAT-02,2023-10-01,2023,10,340,248,12370.06,9439.03,255.34,2931.03
SL-0001035,STR-006,CAT-03,2023-10-01,2023,10,443,247,10807.13,6698.52,235.17,4108.61
SL-0001036,STR-006,CAT-04,2023-10-01,2023,10,497,274,12607.61,8360.23,725.37,4247.38
SL-0001037,STR-006,CAT-05,2023-10-01,2023,10,404,234,13031.27,5839.35,525.23,7191.92
SL-0001038,STR-006,CAT-06,2023-10-01,2023,10,853,549,14924.83,11675.8,299.07,3249.03
SL-0001039,STR-006,CAT-07,2023-10-01,2023,10,342,181,9499.02,5725.24,406.76,3773.78
SL-0001040,STR-006,CAT-08,2023-10-01,2023,10,473,288,22038.13,14675.49,1210.57,7362.64
SL-0001041,STR-006,CAT-01,2023-11-01,2023,11,509,327,13733.14,7838.9,693.45,5894.24
SL-0001042,STR-006,CAT-02,2023-11-01,2023,11,439,249,12563.28,10098.92,292.0,2464.36
SL-0001043,STR-006,CAT-03,2023-11-01,2023,11,535,387,14643.81,8838.56,566.61,5805.25
SL-0001044,STR-006,CAT-04,2023-11-01,2023,11,261,109,9330.84,5749.51,120.98,3581.33
SL-0001045,STR-006,CAT-05,2023-11-01,2023,11,792,467,24552.07,11027.35,359.26,13524.72
SL-0001046,STR-006,CAT-06,2023-11-01,2023,11,511,243,19096.36,15042.55,728.43,4053.81
SL-0001047,STR-006,CAT-07,2023-11-01,2023,11,1472,916,32295.41,19195.81,1723.89,13099.6
SL-0001048,STR-006,CAT-08,2023-11-01,2023,11,935,498,19140.97,13854.4,263.5,5286.57
SL-0001049,STR-006,CAT-01,2023-12-01,2023,12,947,510,16183.65,9691.6,508.33,6492.05
SL-0001050,STR-006,CAT-02,2023-12-01,2023,12,580,276,19317.09,15999.78,780.77,3317.31
SL-0001051,STR-006,CAT-03,2023-12-01,2023,12,567,359,12409.58,7775.46,283.92,4634.12
SL-0001052,STR-006,CAT-04,2023-12-01,2023,12,304,194,8913.3,5569.77,164.4,3343.53
SL-0001053,STR-006,CAT-05,2023-12-01,2023,12,612,261,21757.43,9689.14,1235.08,12068.29
SL-0001054,STR-006,CAT-06,2023-12-01,2023,12,594,353,22095.35,18253.21,662.98,3842.14
SL-0001055,STR-006,CAT-07,2023-12-01,2023,12,623,399,17343.44,10829.57,759.34,6513.87
SL-0001056,STR-006,CAT-08,2023-12-01,2023,12,615,279,17692.13,12739.74,996.04,4952.39
SL-0001057,STR-006,CAT-01,2024-01-01,2024,1,458,189,15723.54,9074.84,613.88,6648.7
SL-0001058,STR-006,CAT-02,2024-01-01,2024,1,249,158,8962.66,7263.84,176.67,1698.82
SL-0001059,STR-006,CAT-03,2024-01-01,2024,1,342,246,7324.91,4745.18,375.45,2579.73
SL-0001060,STR-006,CAT-04,2024-01-01,2024,1,385,266,11790.76,7568.56,288.03,4222.2
SL-0001061,STR-006,CAT-05,2024-01-01,2024,1,633,497,12055.9,5830.29,320.61,6225.61
SL-0001062,STR-006,CAT-06,2024-01-01,2024,1,410,321,9654.74,7489.88,146.92,2164.86
SL-0001063,STR-006,CAT-07,2024-01-01,2024,1,287,158,6719.86,4120.68,341.11,2599.18
SL-0001064,STR-006,CAT-08,2024-01-01,2024,1,233,127,7428.05,4892.73,275.11,2535.32
SL-0001065,STR-006,CAT-01,2024-02-01,2024,2,337,177,8832.2,5180.07,238.55,3652.13
SL-0001066,STR-006,CAT-02,2024-02-01,2024,2,286,134,8150.32,6844.48,273.91,1305.84
SL-0001067,STR-006,CAT-03,2024-02-01,2024,2,443,222,16564.56,10691.05,274.87,5873.51
SL-0001068,STR-006,CAT-04,2024-02-01,2024,2,527,384,13961.7,9220.08,607.98,4741.62
SL-0001069,STR-006,CAT-05,2024-02-01,2024,2,272,173,8875.35,3940.07,257.7,4935.28
SL-0001070,STR-006,CAT-06,2024-02-01,2024,2,449,223,7971.71,5867.73,89.82,2103.98
SL-0001071,STR-006,CAT-07,2024-02-01,2024,2,149,68,5807.79,3438.24,156.3,2369.55
SL-0001072,STR-006,CAT-08,2024-02-01,2024,2,225,94,7290.31,4976.07,164.88,2314.24
SL-0001073,STR-006,CAT-01,2024-03-01,2024,3,318,240,7680.87,4432.7,88.99,3248.17
SL-0001074,STR-006,CAT-02,2024-03-01,2024,3,391,176,8957.07,7588.59,484.96,1368.48
SL-0001075,STR-006,CAT-03,2024-03-01,2024,3,457,236,9696.81,6426.23,337.51,3270.58
SL-0001076,STR-006,CAT-04,2024-03-01,2024,3,393,196,11728.97,7574.03,254.36,4154.94
SL-0001077,STR-006,CAT-05,2024-03-01,2024,3,966,717,18396.59,8066.48,229.52,10330.11
SL-0001078,STR-006,CAT-06,2024-03-01,2024,3,553,260,10810.67,8871.81,582.1,1938.86
SL-0001079,STR-006,CAT-07,2024-03-01,2024,3,905,529,11634.74,6361.32,376.74,5273.42
SL-0001080,STR-006,CAT-08,2024-03-01,2024,3,550,307,10931.66,7648.85,465.6,3282.81
SL-0001081,STR-006,CAT-01,2024-04-01,2024,4,811,559,17490.69,9911.01,261.29,7579.68
SL-0001082,STR-006,CAT-02,2024-04-01,2024,4,279,135,11215.06,9337.19,624.68,1877.87
SL-0001083,STR-006,CAT-03,2024-04-01,2024,4,900,429,21061.14,13202.98,234.92,7858.16
SL-0001084,STR-006,CAT-04,2024-04-01,2024,4,847,641,17429.71,11111.62,795.76,6318.09
SL-0001085,STR-006,CAT-05,2024-04-01,2024,4,193,110,8947.33,4084.98,161.72,4862.35
SL-0001086,STR-006,CAT-06,2024-04-01,2024,4,595,394,16624.69,13588.7,983.83,3035.99
SL-0001087,STR-006,CAT-07,2024-04-01,2024,4,798,469,14600.69,8846.14,218.87,5754.55
SL-0001088,STR-006,CAT-08,2024-04-01,2024,4,502,282,12200.64,8241.81,229.18,3958.83
SL-0001089,STR-006,CAT-01,2024-05-01,2024,5,565,346,17152.82,10334.97,654.54,6817.85
SL-0001090,STR-006,CAT-02,2024-05-01,2024,5,434,350,12383.14,10168.59,302.07,2214.55
SL-0001091,STR-006,CAT-03,2024-05-01,2024,5,921,652,15835.27,9882.55,598.83,5952.72
SL-0001092,STR-006,CAT-04,2024-05-01,2024,5,482,287,12907.99,8336.46,572.03,4571.53
SL-0001093,STR-006,CAT-05,2024-05-01,2024,5,332,141,12282.6,5328.91,700.24,6953.69
SL-0001094,STR-006,CAT-06,2024-05-01,2024,5,793,596,14883.86,12089.7,784.74,2794.16
SL-0001095,STR-006,CAT-07,2024-05-01,2024,5,261,143,8106.02,4375.06,398.61,3730.96
SL-0001096,STR-006,CAT-08,2024-05-01,2024,5,349,148,7723.28,5377.98,273.6,2345.3
SL-0001097,STR-006,CAT-01,2024-06-01,2024,6,462,267,14661.78,8064.7,202.95,6597.08
SL-0001098,STR-006,CAT-02,2024-06-01,2024,6,353,130,9692.95,7839.91,415.98,1853.04
SL-0001099,STR-006,CAT-03,2024-06-01,2024,6,417,190,12550.24,7716.63,179.98,4833.61
SL-0001100,STR-006,CAT-04,2024-06-01,2024,6,322,167,12060.13,7616.04,287.95,4444.09
SL-0001101,STR-006,CAT-05,2024-06-01,2024,6,340,166,11517.31,5444.76,183.04,6072.55
SL-0001102,STR-006,CAT-06,2024-06-01,2024,6,425,254,10535.47,8524.22,416.77,2011.25
SL-0001103,STR-006,CAT-07,2024-06-01,2024,6,199,109,6309.12,3764.42,220.09,2544.7
SL-0001104,STR-006,CAT-08,2024-06-01,2024,6,346,155,7325.25,5140.88,223.69,2184.37
SL-0001105,STR-006,CAT-01,2024-07-01,2024,7,600,416,18030.66,10725.26,725.62,7305.4
SL-0001106,STR-006,CAT-02,2024-07-01,2024,7,730,401,16197.3,13746.51,950.72,2450.79
SL-0001107,STR-006,CAT-03,2024-07-01,2024,7,296,241,10583.91,6510.7,522.51,4073.21
SL-0001108,STR-006,CAT-04,2024-07-01,2024,7,446,221,14255.37,9228.12,522.4,5027.25
SL-0001109,STR-006,CAT-05,2024-07-01,2024,7,282,172,8479.12,3855.55,132.71,4623.57
SL-0001110,STR-006,CAT-06,2024-07-01,2024,7,256,113,12456.0,9446.57,239.12,3009.43
SL-0001111,STR-006,CAT-07,2024-07-01,2024,7,391,181,18001.1,11091.2,678.68,6909.9
SL-0001112,STR-006,CAT-08,2024-07-01,2024,7,1868,882,20120.85,13939.5,681.61,6181.35
SL-0001113,STR-006,CAT-01,2024-08-01,2024,8,198,98,6695.46,3982.73,276.83,2712.73
SL-0001114,STR-006,CAT-02,2024-08-01,2024,8,234,144,6921.62,5678.48,230.83,1243.14
SL-0001115,STR-006,CAT-03,2024-08-01,2024,8,492,260,11468.75,6998.61,490.09,4470.14
SL-0001116,STR-006,CAT-04,2024-08-01,2024,8,418,281,14441.97,9649.36,836.52,4792.61
SL-0001117,STR-006,CAT-05,2024-08-01,2024,8,278,183,12616.39,5718.98,130.68,6897.41
SL-0001118,STR-006,CAT-06,2024-08-01,2024,8,541,331,13882.92,10989.63,548.11,2893.29
SL-0001119,STR-006,CAT-07,2024-08-01,2024,8,240,121,8258.53,4841.68,170.25,3416.85
SL-0001120,STR-006,CAT-08,2024-08-01,2024,8,674,291,8634.16,5936.79,192.48,2697.37
SL-0001121,STR-006,CAT-01,2024-09-01,2024,9,350,236,10623.81,6060.64,516.46,4563.17
SL-0001122,STR-006,CAT-02,2024-09-01,2024,9,323,146,10178.0,8660.48,110.69,1517.52
SL-0001123,STR-006,CAT-03,2024-09-01,2024,9,805,370,11953.24,7358.49,149.67,4594.75
SL-0001124,STR-006,CAT-04,2024-09-01,2024,9,359,211,10353.46,6893.84,163.9,3459.62
SL-0001125,STR-006,CAT-05,2024-09-01,2024,9,130,59,5283.87,2270.57,295.35,3013.3
SL-0001126,STR-006,CAT-06,2024-09-01,2024,9,576,366,7281.56,5728.24,431.87,1553.32
SL-0001127,STR-006,CAT-07,2024-09-01,2024,9,355,206,10525.33,6311.41,181.02,4213.92
SL-0001128,STR-006,CAT-08,2024-09-01,2024,9,314,183,10104.29,6732.53,114.58,3371.76
SL-0001129,STR-006,CAT-01,2024-10-01,2024,10,444,251,14747.87,8319.94,652.42,6427.93
SL-0001130,STR-006,CAT-02,2024-10-01,2024,10,228,106,9549.37,8123.57,273.38,1425.8
SL-0001131,STR-006,CAT-03,2024-10-01,2024,10,424,302,15412.52,9840.59,649.47,5571.93
SL-0001132,STR-006,CAT-04,2024-10-01,2024,10,443,229,11093.87,7042.64,588.38,4051.23
SL-0001133,STR-006,CAT-05,2024-10-01,2024,10,177,106,6999.41,3187.96,257.35,3811.45
SL-0001134,STR-006,CAT-06,2024-10-01,2024,10,219,137,7076.2,5565.18,136.46,1511.02
SL-0001135,STR-006,CAT-07,2024-10-01,2024,10,653,297,11735.6,7019.17,466.89,4716.43
SL-0001136,STR-006,CAT-08,2024-10-01,2024,10,280,177,11555.3,8196.22,431.66,3359.08
SL-0001137,STR-006,CAT-01,2024-11-01,2024,11,498,362,14591.47,8602.04,236.69,5989.43
SL-0001138,STR-006,CAT-02,2024-11-01,2024,11,882,492,29451.43,24543.53,514.39,4907.9
SL-0001139,STR-006,CAT-03,2024-11-01,2024,11,420,239,13610.83,8507.05,175.94,5103.78
SL-0001140,STR-006,CAT-04,2024-11-01,2024,11,399,230,11403.67,7632.72,479.34,3770.95
SL-0001141,STR-006,CAT-05,2024-11-01,2024,11,480,274,14744.56,6749.42,756.6,7995.14
SL-0001142,STR-006,CAT-06,2024-11-01,2024,11,585,256,11065.35,8319.87,651.12,2745.48
SL-0001143,STR-006,CAT-07,2024-11-01,2024,11,720,327,19480.63,11332.31,643.41,8148.32
SL-0001144,STR-006,CAT-08,2024-11-01,2024,11,689,381,19280.82,13972.6,563.27,5308.22
SL-0001145,STR-006,CAT-01,2024-12-01,2024,12,808,477,18335.28,10487.36,465.67,7847.92
SL-0001146,STR-006,CAT-02,2024-12-01,2024,12,833,409,22653.79,18149.65,1280.22,4504.14
SL-0001147,STR-006,CAT-03,2024-12-01,2024,12,410,221,12548.7,7781.93,603.39,4766.77
SL-0001148,STR-006,CAT-04,2024-12-01,2024,12,247,159,7594.8,5253.64,289.94,2341.16
SL-0001149,STR-006,CAT-05,2024-12-01,2024,12,443,249,12999.58,6017.6,482.13,6981.98
SL-0001150,STR-006,CAT-06,2024-12-01,2024,12,823,522,13937.0,10598.83,773.16,3338.17
SL-0001151,STR-006,CAT-07,2024-12-01,2024,12,610,335,17292.57,10302.08,867.95,6990.49
SL-0001152,STR-006,CAT-08,2024-12-01,2024,12,329,178,8521.47,5982.33,276.73,2539.14
SL-0001153,STR-007,CAT-01,2023-01-01,2023,1,801,476,22590.05,13848.06,478.65,8741.99
SL-0001154,STR-007,CAT-02,2023-01-01,2023,1,362,179,11667.99,9359.59,621.81,2308.4
SL-0001155,STR-007,CAT-03,2023-01-01,2023,1,632,342,13920.87,8660.79,659.09,5260.08
SL-0001156,STR-007,CAT-04,2023-01-01,2023,1,959,578,21285.25,14503.2,615.16,6782.05
SL-0001157,STR-007,CAT-05,2023-01-01,2023,1,740,349,21622.92,9404.66,325.39,12218.26
SL-0001158,STR-007,CAT-06,2023-01-01,2023,1,1166,623,28128.9,21697.79,684.63,6431.11
SL-0001159,STR-007,CAT-07,2023-01-01,2023,1,787,450,20621.15,12398.67,1065.98,8222.48
SL-0001160,STR-007,CAT-08,2023-01-01,2023,1,763,521,23335.92,16433.44,269.21,6902.48
SL-0001161,STR-007,CAT-01,2023-02-01,2023,2,868,483,29354.55,16646.75,1302.12,12707.8
SL-0001162,STR-007,CAT-02,2023-02-01,2023,2,1624,1049,20662.79,16861.4,781.87,3801.39
SL-0001163,STR-007,CAT-03,2023-02-01,2023,2,865,417,18649.53,11542.43,1091.21,7107.1
SL-0001164,STR-007,CAT-04,2023-02-01,2023,2,1020,573,36041.38,23738.22,2017.79,12303.16
SL-0001165,STR-007,CAT-05,2023-02-01,2023,2,1526,895,29919.34,12671.9,458.66,17247.44
SL-0001166,STR-007,CAT-06,2023-02-01,2023,2,742,449,25514.71,19731.54,1497.99,5783.17
SL-0001167,STR-007,CAT-07,2023-02-01,2023,2,328,174,13515.47,8224.66,622.18,5290.81
SL-0001168,STR-007,CAT-08,2023-02-01,2023,2,734,365,17679.27,12999.68,719.05,4679.59
SL-0001169,STR-007,CAT-01,2023-03-01,2023,3,1320,696,40887.66,23489.3,604.19,17398.36
SL-0001170,STR-007,CAT-02,2023-03-01,2023,3,820,533,12259.19,9507.51,238.52,2751.68
SL-0001171,STR-007,CAT-03,2023-03-01,2023,3,1197,680,26737.54,16214.64,301.62,10522.9
SL-0001172,STR-007,CAT-04,2023-03-01,2023,3,746,341,26236.14,17420.5,583.26,8815.64
SL-0001173,STR-007,CAT-05,2023-03-01,2023,3,891,572,29702.06,13816.26,1538.14,15885.8
SL-0001174,STR-007,CAT-06,2023-03-01,2023,3,1066,553,36821.92,26259.89,896.98,10562.03
SL-0001175,STR-007,CAT-07,2023-03-01,2023,3,723,264,23666.78,14831.65,407.95,8835.13
SL-0001176,STR-007,CAT-08,2023-03-01,2023,3,769,404,31802.42,23371.11,1426.93,8431.31
SL-0001177,STR-007,CAT-01,2023-04-01,2023,4,1160,569,46297.73,26305.63,983.33,19992.1
SL-0001178,STR-007,CAT-02,2023-04-01,2023,4,1348,782,33084.07,26083.89,1310.08,7000.18
SL-0001179,STR-007,CAT-03,2023-04-01,2023,4,1404,1020,54388.93,32322.31,2466.11,22066.62
SL-0001180,STR-007,CAT-04,2023-04-01,2023,4,1420,815,38368.25,24912.33,2007.04,13455.92
SL-0001181,STR-007,CAT-05,2023-04-01,2023,4,2009,898,30058.42,14139.81,448.18,15918.61
SL-0001182,STR-007,CAT-06,2023-04-01,2023,4,1160,927,28905.29,22203.56,887.13,6701.73
SL-0001183,STR-007,CAT-07,2023-04-01,2023,4,505,277,18101.94,10327.24,693.25,7774.7
SL-0001184,STR-007,CAT-08,2023-04-01,2023,4,3267,1307,33537.29,23799.77,349.17,9737.52
SL-0001185,STR-007,CAT-01,2023-05-01,2023,5,1447,928,35988.51,20868.01,1071.59,15120.5
SL-0001186,STR-007,CAT-02,2023-05-01,2023,5,1040,625,23581.03,18449.0,987.44,5132.03
SL-0001187,STR-007,CAT-03,2023-05-01,2023,5,862,539,24774.66,15515.01,513.39,9259.65
SL-0001188,STR-007,CAT-04,2023-05-01,2023,5,1038,700,35691.35,22714.48,488.25,12976.87
SL-0001189,STR-007,CAT-05,2023-05-01,2023,5,716,302,25631.04,11570.37,329.36,14060.67
SL-0001190,STR-007,CAT-06,2023-05-01,2023,5,515,233,21203.63,16004.24,1184.81,5199.39
SL-0001191,STR-007,CAT-07,2023-05-01,2023,5,1455,749,30141.25,17427.04,473.49,12714.21
SL-0001192,STR-007,CAT-08,2023-05-01,2023,5,1421,1014,30142.93,21812.17,1596.53,8330.76
SL-0001193,STR-007,CAT-01,2023-06-01,2023,6,1108,799,32779.89,19226.0,1688.16,13553.89
SL-0001194,STR-007,CAT-02,2023-06-01,2023,6,589,290,16307.65,13885.57,406.7,2422.08
SL-0001195,STR-007,CAT-03,2023-06-01,2023,6,1171,769,40042.3,24905.49,2000.4,15136.81
SL-0001196,STR-007,CAT-04,2023-06-01,2023,6,886,377,35420.75,23238.25,1460.81,12182.5
SL-0001197,STR-007,CAT-05,2023-06-01,2023,6,1909,1717,29031.11,12887.84,1561.13,16143.27
SL-0001198,STR-007,CAT-06,2023-06-01,2023,6,493,260,24051.57,18677.39,1128.94,5374.18
SL-0001199,STR-007,CAT-07,2023-06-01,2023,6,634,375,23525.01,14594.38,374.98,8930.63
SL-0001200,STR-007,CAT-08,2023-06-01,2023,6,2305,1214,22589.39,15476.65,1035.43,7112.74
SL-0001201,STR-007,CAT-01,2023-07-01,2023,7,2452,1652,28129.77,16838.06,1090.21,11291.71
SL-0001202,STR-007,CAT-02,2023-07-01,2023,7,1273,759,29746.47,23319.64,383.14,6426.83
SL-0001203,STR-007,CAT-03,2023-07-01,2023,7,988,574,35492.15,21471.31,1640.75,14020.84
SL-0001204,STR-007,CAT-04,2023-07-01,2023,7,716,347,22657.65,14539.99,256.53,8117.66
SL-0001205,STR-007,CAT-05,2023-07-01,2023,7,2165,1171,36315.12,15998.67,1503.46,20316.45
SL-0001206,STR-007,CAT-06,2023-07-01,2023,7,1321,872,30144.75,23631.81,571.4,6512.94
SL-0001207,STR-007,CAT-07,2023-07-01,2023,7,1264,850,38235.59,23041.06,975.93,15194.53
SL-0001208,STR-007,CAT-08,2023-07-01,2023,7,965,673,26661.13,19080.41,1305.03,7580.72
SL-0001209,STR-007,CAT-01,2023-08-01,2023,8,1055,544,24033.78,14185.35,739.09,9848.43
SL-0001210,STR-007,CAT-02,2023-08-01,2023,8,716,340,22056.19,18822.41,1242.23,3233.78
SL-0001211,STR-007,CAT-03,2023-08-01,2023,8,1227,697,37239.51,23500.9,1840.11,13738.61
SL-0001212,STR-007,CAT-04,2023-08-01,2023,8,1622,687,47593.55,32075.14,752.66,15518.41
SL-0001213,STR-007,CAT-05,2023-08-01,2023,8,1411,836,39884.09,17987.01,2161.59,21897.08
SL-0001214,STR-007,CAT-06,2023-08-01,2023,8,1667,1025,36938.12,28070.69,760.63,8867.43
SL-0001215,STR-007,CAT-07,2023-08-01,2023,8,1109,601,30875.43,18849.34,1116.01,12026.09
SL-0001216,STR-007,CAT-08,2023-08-01,2023,8,901,623,24526.73,17318.08,813.42,7208.65
SL-0001217,STR-007,CAT-01,2023-09-01,2023,9,1093,677,35377.69,20048.32,668.64,15329.37
SL-0001218,STR-007,CAT-02,2023-09-01,2023,9,593,335,24952.71,20426.44,962.25,4526.27
SL-0001219,STR-007,CAT-03,2023-09-01,2023,9,2994,1649,38826.72,25208.82,2262.72,13617.9
SL-0001220,STR-007,CAT-04,2023-09-01,2023,9,1469,944,23949.52,16078.89,357.58,7870.63
SL-0001221,STR-007,CAT-05,2023-09-01,2023,9,976,489,26145.7,12238.47,1110.78,13907.23
SL-0001222,STR-007,CAT-06,2023-09-01,2023,9,648,478,20807.81,16852.16,1049.48,3955.65
SL-0001223,STR-007,CAT-07,2023-09-01,2023,9,653,434,20218.94,12400.64,791.96,7818.3
SL-0001224,STR-007,CAT-08,2023-09-01,2023,9,1289,663,34241.98,24297.18,1667.42,9944.8
SL-0001225,STR-007,CAT-01,2023-10-01,2023,10,1730,874,32363.43,19855.31,587.14,12508.12
SL-0001226,STR-007,CAT-02,2023-10-01,2023,10,1259,643,25857.2,21282.06,560.36,4575.14
SL-0001227,STR-007,CAT-03,2023-10-01,2023,10,1166,641,30521.85,19034.42,1647.13,11487.43
SL-0001228,STR-007,CAT-04,2023-10-01,2023,10,1113,689,32590.46,20832.89,1013.25,11757.57
SL-0001229,STR-007,CAT-05,2023-10-01,2023,10,752,486,22238.44,10239.4,877.16,11999.04
SL-0001230,STR-007,CAT-06,2023-10-01,2023,10,650,317,17436.18,13758.23,290.73,3677.95
SL-0001231,STR-007,CAT-07,2023-10-01,2023,10,1195,535,33221.34,20008.34,418.33,13213.0
SL-0001232,STR-007,CAT-08,2023-10-01,2023,10,1220,619,42569.03,31276.53,1196.58,11292.5
SL-0001233,STR-007,CAT-01,2023-11-01,2023,11,1235,538,51724.29,31223.08,3037.13,20501.21
SL-0001234,STR-007,CAT-02,2023-11-01,2023,11,1956,1057,40593.47,32536.04,990.24,8057.43
SL-0001235,STR-007,CAT-03,2023-11-01,2023,11,1881,1186,48825.49,30724.05,700.3,18101.44
SL-0001236,STR-007,CAT-04,2023-11-01,2023,11,1171,709,31294.67,20506.25,1067.8,10788.42
SL-0001237,STR-007,CAT-05,2023-11-01,2023,11,1479,631,48269.87,22068.86,2128.48,26201.01
SL-0001238,STR-007,CAT-06,2023-11-01,2023,11,1490,742,42962.31,31488.27,1073.98,11474.04
SL-0001239,STR-007,CAT-07,2023-11-01,2023,11,4138,2109,77988.23,49147.69,1080.41,28840.54
SL-0001240,STR-007,CAT-08,2023-11-01,2023,11,1320,906,30069.46,20476.82,1447.05,9592.64
SL-0001241,STR-007,CAT-01,2023-12-01,2023,12,1518,781,44011.99,24582.72,2626.89,19429.27
SL-0001242,STR-007,CAT-02,2023-12-01,2023,12,2519,1434,61777.95,50786.06,2345.51,10991.89
SL-0001243,STR-007,CAT-03,2023-12-01,2023,12,2084,1014,37208.31,24059.03,1221.16,13149.28
SL-0001244,STR-007,CAT-04,2023-12-01,2023,12,650,365,14924.97,10181.36,745.65,4743.61
SL-0001245,STR-007,CAT-05,2023-12-01,2023,12,1607,746,30150.88,12986.03,748.86,17164.85
SL-0001246,STR-007,CAT-06,2023-12-01,2023,12,1051,596,38992.25,30745.41,1914.07,8246.84
SL-0001247,STR-007,CAT-07,2023-12-01,2023,12,1699,888,40563.22,24174.98,593.22,16388.24
SL-0001248,STR-007,CAT-08,2023-12-01,2023,12,14814,8784,47648.72,35906.65,1230.22,11742.07
SL-0001249,STR-007,CAT-01,2024-01-01,2024,1,3039,1704,27959.09,15917.53,617.93,12041.56
SL-0001250,STR-007,CAT-02,2024-01-01,2024,1,1435,777,26334.92,22254.57,926.82,4080.35
SL-0001251,STR-007,CAT-03,2024-01-01,2024,1,845,466,26411.58,16990.6,509.02,9420.98
SL-0001252,STR-007,CAT-04,2024-01-01,2024,1,1519,804,24785.08,16321.62,338.15,8463.46
SL-0001253,STR-007,CAT-05,2024-01-01,2024,1,846,391,34467.47,16049.13,1412.84,18418.34
SL-0001254,STR-007,CAT-06,2024-01-01,2024,1,450,356,18529.57,14784.9,1049.94,3744.67
SL-0001255,STR-007,CAT-07,2024-01-01,2024,1,760,409,19929.79,11950.13,242.19,7979.66
SL-0001256,STR-007,CAT-08,2024-01-01,2024,1,819,553,30703.89,21080.11,726.95,9623.78
SL-0001257,STR-007,CAT-01,2024-02-01,2024,2,730,421,26763.08,15120.3,855.19,11642.78
SL-0001258,STR-007,CAT-02,2024-02-01,2024,2,570,291,23912.85,20307.17,463.69,3605.68
SL-0001259,STR-007,CAT-03,2024-02-01,2024,2,1317,677,32582.82,21061.57,333.56,11521.25
SL-0001260,STR-007,CAT-04,2024-02-01,2024,2,1195,695,39434.26,26038.96,1027.29,13395.3
SL-0001261,STR-007,CAT-05,2024-02-01,2024,2,828,550,30049.06,12976.11,434.54,17072.95
SL-0001262,STR-007,CAT-06,2024-02-01,2024,2,1392,819,32374.42,25261.99,1877.99,7112.43
SL-0001263,STR-007,CAT-07,2024-02-01,2024,2,827,402,15961.5,9601.17,640.16,6360.33
SL-0001264,STR-007,CAT-08,2024-02-01,2024,2,1159,637,30530.64,21023.84,1595.05,9506.8
SL-0001265,STR-007,CAT-01,2024-03-01,2024,3,856,463,25878.11,14408.71,1326.09,11469.4
SL-0001266,STR-007,CAT-02,2024-03-01,2024,3,1073,665,33357.61,28647.0,1198.38,4710.61
SL-0001267,STR-007,CAT-03,2024-03-01,2024,3,824,513,36322.15,23432.26,1677.36,12889.89
SL-0001268,STR-007,CAT-04,2024-03-01,2024,3,2507,1226,45669.41,30303.08,1863.75,15366.33
SL-0001269,STR-007,CAT-05,2024-03-01,2024,3,595,293,23741.09,10713.64,861.32,13027.45
SL-0001270,STR-007,CAT-06,2024-03-01,2024,3,738,435,22431.69,18064.02,1125.54,4367.67
SL-0001271,STR-007,CAT-07,2024-03-01,2024,3,1252,681,37176.48,22074.36,592.76,15102.12
SL-0001272,STR-007,CAT-08,2024-03-01,2024,3,959,566,27382.14,19300.74,591.21,8081.4
SL-0001273,STR-007,CAT-01,2024-04-01,2024,4,1081,474,34057.2,19276.43,1021.41,14780.77
SL-0001274,STR-007,CAT-02,2024-04-01,2024,4,942,584,31602.5,27016.93,551.85,4585.57
SL-0001275,STR-007,CAT-03,2024-04-01,2024,4,923,406,31076.47,18970.31,1317.18,12106.16
SL-0001276,STR-007,CAT-04,2024-04-01,2024,4,2699,1551,42575.7,25875.14,2473.72,16700.56
SL-0001277,STR-007,CAT-05,2024-04-01,2024,4,1218,588,38882.59,17475.33,1307.44,21407.26
SL-0001278,STR-007,CAT-06,2024-04-01,2024,4,1115,677,25716.26,20444.31,947.84,5271.95
SL-0001279,STR-007,CAT-07,2024-04-01,2024,4,1402,765,37020.68,21241.32,731.97,15779.36
SL-0001280,STR-007,CAT-08,2024-04-01,2024,4,1310,773,41752.32,29703.13,1972.46,12049.19
SL-0001281,STR-007,CAT-01,2024-05-01,2024,5,1304,540,31811.4,19183.31,1535.34,12628.09
SL-0001282,STR-007,CAT-02,2024-05-01,2024,5,999,645,25524.04,21391.85,417.35,4132.19
SL-0001283,STR-007,CAT-03,2024-05-01,2024,5,1076,673,32646.1,20127.22,1363.81,12518.88
SL-0001284,STR-007,CAT-04,2024-05-01,2024,5,1048,491,30209.83,19670.74,1141.25,10539.09
SL-0001285,STR-007,CAT-05,2024-05-01,2024,5,1263,574,24374.95,11033.89,918.15,13341.06
SL-0001286,STR-007,CAT-06,2024-05-01,2024,5,827,472,23210.78,18846.58,242.51,4364.2
SL-0001287,STR-007,CAT-07,2024-05-01,2024,5,696,423,16862.18,10278.78,871.69,6583.4
SL-0001288,STR-007,CAT-08,2024-05-01,2024,5,742,417,20807.94,14248.55,1014.26,6559.39
SL-0001289,STR-007,CAT-01,2024-06-01,2024,6,532,286,15853.28,9017.14,681.11,6836.14
SL-0001290,STR-007,CAT-02,2024-06-01,2024,6,943,548,32926.83,28263.7,1412.61,4663.13
SL-0001291,STR-007,CAT-03,2024-06-01,2024,6,920,548,23577.14,14140.85,450.55,9436.29
SL-0001292,STR-007,CAT-04,2024-06-01,2024,6,1118,1122,37365.76,24199.44,918.74,13166.32
SL-0001293,STR-007,CAT-05,2024-06-01,2024,6,954,606,26806.52,11881.92,1418.9,14924.6
SL-0001294,STR-007,CAT-06,2024-06-01,2024,6,1052,520,36933.86,29479.52,1154.32,7454.34
SL-0001295,STR-007,CAT-07,2024-06-01,2024,6,756,406,23045.56,13519.04,426.6,9526.52
SL-0001296,STR-007,CAT-08,2024-06-01,2024,6,706,410,28023.94,18552.69,1294.74,9471.25
SL-0001297,STR-007,CAT-01,2024-07-01,2024,7,604,388,18425.78,10722.78,859.61,7703.0
SL-0001298,STR-007,CAT-02,2024-07-01,2024,7,1519,1265,30879.06,25421.76,1754.32,5457.3
SL-0001299,STR-007,CAT-03,2024-07-01,2024,7,342,193,12221.71,7633.34,141.67,4588.37
SL-0001300,STR-007,CAT-04,2024-07-01,2024,7,863,527,19637.32,12304.57,315.32,7332.75
SL-0001301,STR-007,CAT-05,2024-07-01,2024,7,839,430,21697.86,9647.49,899.29,12050.37
SL-0001302,STR-007,CAT-06,2024-07-01,2024,7,823,513,21991.94,17681.0,567.23,4310.94
SL-0001303,STR-007,CAT-07,2024-07-01,2024,7,900,519,33009.65,18034.2,1905.02,14975.45
SL-0001304,STR-007,CAT-08,2024-07-01,2024,7,738,358,16391.86,11176.29,325.49,5215.57
SL-0001305,STR-007,CAT-01,2024-08-01,2024,8,930,519,20635.17,12201.35,878.95,8433.82
SL-0001306,STR-007,CAT-02,2024-08-01,2024,8,1072,715,31394.91,26173.66,1745.09,5221.25
SL-0001307,STR-007,CAT-03,2024-08-01,2024,8,936,598,21517.7,13480.14,1162.12,8037.56
SL-0001308,STR-007,CAT-04,2024-08-01,2024,8,1027,475,36046.46,22633.2,368.18,13413.26
SL-0001309,STR-007,CAT-05,2024-08-01,2024,8,675,358,25631.99,11580.19,986.01,14051.8
SL-0001310,STR-007,CAT-06,2024-08-01,2024,8,1179,538,18387.44,14886.75,761.57,3500.69
SL-0001311,STR-007,CAT-07,2024-08-01,2024,8,873,373,30063.71,17578.06,920.71,12485.65
SL-0001312,STR-007,CAT-08,2024-08-01,2024,8,1185,586,36094.68,24610.09,589.44,11484.59
SL-0001313,STR-007,CAT-01,2024-09-01,2024,9,1297,682,42667.06,24191.3,449.73,18475.76
SL-0001314,STR-007,CAT-02,2024-09-01,2024,9,1388,682,27901.81,22339.07,1079.74,5562.74
SL-0001315,STR-007,CAT-03,2024-09-01,2024,9,1284,657,42734.85,27473.08,1083.69,15261.77
SL-0001316,STR-007,CAT-04,2024-09-01,2024,9,1145,668,37955.66,25423.54,1128.32,12532.12
SL-0001317,STR-007,CAT-05,2024-09-01,2024,9,707,408,20107.07,8961.89,324.35,11145.18
SL-0001318,STR-007,CAT-06,2024-09-01,2024,9,1305,593,30622.21,24230.01,1658.79,6392.2
SL-0001319,STR-007,CAT-07,2024-09-01,2024,9,545,297,17637.66,10848.16,603.27,6789.5
SL-0001320,STR-007,CAT-08,2024-09-01,2024,9,1009,585,34594.81,25300.46,1682.16,9294.35
SL-0001321,STR-007,CAT-01,2024-10-01,2024,10,1337,964,34325.8,20929.02,722.93,13396.78
SL-0001322,STR-007,CAT-02,2024-10-01,2024,10,1394,809,22479.2,19054.89,772.18,3424.31
SL-0001323,STR-007,CAT-03,2024-10-01,2024,10,487,223,15263.66,9682.75,811.13,5580.91
SL-0001324,STR-007,CAT-04,2024-10-01,2024,10,1516,897,14655.99,9417.28,169.01,5238.71
SL-0001325,STR-007,CAT-05,2024-10-01,2024,10,1108,520,23999.76,10930.98,700.49,13068.78
SL-0001326,STR-007,CAT-06,2024-10-01,2024,10,655,433,19231.23,14402.06,365.17,4829.17
SL-0001327,STR-007,CAT-07,2024-10-01,2024,10,1582,1325,42730.65,26450.0,767.57,16280.65
SL-0001328,STR-007,CAT-08,2024-10-01,2024,10,2728,1229,38082.5,26531.1,699.64,11551.4
SL-0001329,STR-007,CAT-01,2024-11-01,2024,11,2054,1491,42244.85,24460.37,2276.33,17784.48
SL-0001330,STR-007,CAT-02,2024-11-01,2024,11,1105,736,29710.22,24643.89,1295.35,5066.33
SL-0001331,STR-007,CAT-03,2024-11-01,2024,11,2104,1452,43904.59,27425.28,2545.41,16479.31
SL-0001332,STR-007,CAT-04,2024-11-01,2024,11,787,491,25064.89,15270.99,1386.18,9793.9
SL-0001333,STR-007,CAT-05,2024-11-01,2024,11,864,478,21215.28,9280.75,292.74,11934.53
SL-0001334,STR-007,CAT-06,2024-11-01,2024,11,1326,735,45104.05,34593.89,1576.67,10510.16
SL-0001335,STR-007,CAT-07,2024-11-01,2024,11,1693,1061,61484.69,36368.69,2565.39,25116.0
SL-0001336,STR-007,CAT-08,2024-11-01,2024,11,867,497,28786.57,19857.14,916.91,8929.43
SL-0001337,STR-007,CAT-01,2024-12-01,2024,12,1050,868,34448.07,20403.48,372.09,14044.59
SL-0001338,STR-007,CAT-02,2024-12-01,2024,12,1772,983,50403.5,41299.09,597.13,9104.41
SL-0001339,STR-007,CAT-03,2024-12-01,2024,12,1120,757,41469.9,25452.29,2467.15,16017.61
SL-0001340,STR-007,CAT-04,2024-12-01,2024,12,781,358,26278.66,18216.84,1334.0,8061.82
SL-0001341,STR-007,CAT-05,2024-12-01,2024,12,1166,725,37345.76,17526.47,2103.51,19819.29
SL-0001342,STR-007,CAT-06,2024-12-01,2024,12,1692,936,36339.06,29154.58,1959.1,7184.48
SL-0001343,STR-007,CAT-07,2024-12-01,2024,12,1917,1127,56025.4,34832.25,1466.91,21193.15
SL-0001344,STR-007,CAT-08,2024-12-01,2024,12,891,516,23428.98,16329.45,712.27,7099.53
SL-0001345,STR-008,CAT-01,2023-01-01,2023,1,2205,1034,47777.91,27847.62,602.59,19930.29
SL-0001346,STR-008,CAT-02,2023-01-01,2023,1,1161,539,36123.85,29524.62,1715.54,6599.23
SL-0001347,STR-008,CAT-03,2023-01-01,2023,1,1075,532,24371.83,14823.89,1194.05,9547.94
SL-0001348,STR-008,CAT-04,2023-01-01,2023,1,1097,483,45274.08,29966.48,2316.72,15307.6
SL-0001349,STR-008,CAT-05,2023-01-01,2023,1,678,497,26809.77,12011.56,400.91,14798.21
SL-0001350,STR-008,CAT-06,2023-01-01,2023,1,1761,722,44689.14,34258.88,2333.47,10430.26
SL-0001351,STR-008,CAT-07,2023-01-01,2023,1,1893,1100,30854.38,18993.47,925.7,11860.91
SL-0001352,STR-008,CAT-08,2023-01-01,2023,1,1661,768,22309.81,15153.07,815.82,7156.74
SL-0001353,STR-008,CAT-01,2023-02-01,2023,2,3185,2688,45142.16,25895.76,1558.82,19246.4
SL-0001354,STR-008,CAT-02,2023-02-01,2023,2,1193,650,32204.54,26245.76,649.25,5958.78
SL-0001355,STR-008,CAT-03,2023-02-01,2023,2,1043,505,30980.41,18849.36,1211.54,12131.05
SL-0001356,STR-008,CAT-04,2023-02-01,2023,2,939,644,28255.59,17917.84,487.77,10337.75
SL-0001357,STR-008,CAT-05,2023-02-01,2023,2,1249,730,37721.6,17420.92,1728.98,20300.68
SL-0001358,STR-008,CAT-06,2023-02-01,2023,2,941,490,32796.55,26119.72,1473.12,6676.83
SL-0001359,STR-008,CAT-07,2023-02-01,2023,2,1338,507,30750.73,18730.22,1568.82,12020.51
SL-0001360,STR-008,CAT-08,2023-02-01,2023,2,1911,1069,38923.47,27514.0,1479.64,11409.47
SL-0001361,STR-008,CAT-01,2023-03-01,2023,3,1452,753,36426.29,20374.84,1807.72,16051.45
SL-0001362,STR-008,CAT-02,2023-03-01,2023,3,709,328,23561.76,19100.65,716.66,4461.11
SL-0001363,STR-008,CAT-03,2023-03-01,2023,3,647,361,28798.99,16645.57,1082.27,12153.42
SL-0001364,STR-008,CAT-04,2023-03-01,2023,3,598,335,27377.29,18646.83,1012.34,8730.46
SL-0001365,STR-008,CAT-05,2023-03-01,2023,3,2101,1044,31132.29,13979.48,953.52,17152.81
SL-0001366,STR-008,CAT-06,2023-03-01,2023,3,1084,642,33005.99,25887.45,1711.75,7118.54
SL-0001367,STR-008,CAT-07,2023-03-01,2023,3,581,370,23369.63,14629.47,303.82,8740.16
SL-0001368,STR-008,CAT-08,2023-03-01,2023,3,1938,897,35083.02,23957.83,1284.83,11125.19
SL-0001369,STR-008,CAT-01,2023-04-01,2023,4,1509,753,35150.9,20552.55,851.65,14598.35
SL-0001370,STR-008,CAT-02,2023-04-01,2023,4,1760,818,40063.28,32430.77,2342.03,7632.51
SL-0001371,STR-008,CAT-03,2023-04-01,2023,4,1199,544,42971.38,26991.26,1616.9,15980.12
SL-0001372,STR-008,CAT-04,2023-04-01,2023,4,4439,3098,56737.46,37610.17,2560.52,19127.29
SL-0001373,STR-008,CAT-05,2023-04-01,2023,4,2063,1269,46956.97,20580.58,2212.48,26376.39
SL-0001374,STR-008,CAT-06,2023-04-01,2023,4,1280,786,44681.68,35495.89,2423.71,9185.79
SL-0001375,STR-008,CAT-07,2023-04-01,2023,4,3339,1549,39820.67,25293.59,1236.59,14527.08
SL-0001376,STR-008,CAT-08,2023-04-01,2023,4,1618,1061,50820.32,36986.18,1967.72,13834.14
SL-0001377,STR-008,CAT-01,2023-05-01,2023,5,973,527,28187.28,15503.67,1528.25,12683.61
SL-0001378,STR-008,CAT-02,2023-05-01,2023,5,878,448,25753.71,20537.63,318.19,5216.08
SL-0001379,STR-008,CAT-03,2023-05-01,2023,5,1351,742,38845.07,25039.94,1417.89,13805.13
SL-0001380,STR-008,CAT-04,2023-05-01,2023,5,2638,1104,31224.39,19582.72,505.44,11641.67
SL-0001381,STR-008,CAT-05,2023-05-01,2023,5,1387,1393,38890.63,17349.4,1505.33,21541.23
SL-0001382,STR-008,CAT-06,2023-05-01,2023,5,1667,1108,37430.29,30069.68,947.28,7360.61
SL-0001383,STR-008,CAT-07,2023-05-01,2023,5,775,379,28697.54,16975.25,1280.92,11722.29
SL-0001384,STR-008,CAT-08,2023-05-01,2023,5,1387,675,33898.84,23135.53,746.88,10763.31
SL-0001385,STR-008,CAT-01,2023-06-01,2023,6,1464,781,40945.63,24024.7,1672.07,16920.93
SL-0001386,STR-008,CAT-02,2023-06-01,2023,6,910,438,32078.51,25974.78,1320.37,6103.73
SL-0001387,STR-008,CAT-03,2023-06-01,2023,6,3203,1840,40423.24,24563.91,419.91,15859.33
SL-0001388,STR-008,CAT-04,2023-06-01,2023,6,1381,848,32229.49,19924.74,1012.6,12304.75
SL-0001389,STR-008,CAT-05,2023-06-01,2023,6,1550,1090,40604.95,17803.59,608.32,22801.36
SL-0001390,STR-008,CAT-06,2023-06-01,2023,6,1703,1399,57739.76,45079.15,1908.1,12660.61
SL-0001391,STR-008,CAT-07,2023-06-01,2023,6,1190,748,24408.73,14714.3,1145.48,9694.43
SL-0001392,STR-008,CAT-08,2023-06-01,2023,6,1851,985,51319.39,35375.95,2281.5,15943.44
SL-0001393,STR-008,CAT-01,2023-07-01,2023,7,1848,847,45472.51,26076.98,618.63,19395.53
SL-0001394,STR-008,CAT-02,2023-07-01,2023,7,1627,862,26082.06,20847.35,873.66,5234.71
SL-0001395,STR-008,CAT-03,2023-07-01,2023,7,1012,532,26550.41,15974.93,1117.28,10575.48
SL-0001396,STR-008,CAT-04,2023-07-01,2023,7,1329,801,37542.37,25207.31,1790.19,12335.06
SL-0001397,STR-008,CAT-05,2023-07-01,2023,7,1166,692,24374.77,10969.08,898.6,13405.69
SL-0001398,STR-008,CAT-06,2023-07-01,2023,7,1351,706,46485.79,35220.84,2285.82,11264.95
SL-0001399,STR-008,CAT-07,2023-07-01,2023,7,593,466,22763.04,13450.37,748.23,9312.67
SL-0001400,STR-008,CAT-08,2023-07-01,2023,7,1131,554,45288.36,31678.4,1303.16,13609.96
SL-0001401,STR-008,CAT-01,2023-08-01,2023,8,1665,708,51445.81,29956.07,826.46,21489.74
SL-0001402,STR-008,CAT-02,2023-08-01,2023,8,1396,804,51709.98,39922.92,3058.57,11787.06
SL-0001403,STR-008,CAT-03,2023-08-01,2023,8,1692,967,54119.35,34666.07,768.36,19453.28
SL-0001404,STR-008,CAT-04,2023-08-01,2023,8,1671,1087,62872.37,42011.7,2080.88,20860.67
SL-0001405,STR-008,CAT-05,2023-08-01,2023,8,2629,1090,55100.44,23746.59,1446.78,31353.85
SL-0001406,STR-008,CAT-06,2023-08-01,2023,8,1179,552,32669.8,24255.89,1160.85,8413.91
SL-0001407,STR-008,CAT-07,2023-08-01,2023,8,1478,644,32865.17,20046.18,629.79,12818.99
SL-0001408,STR-008,CAT-08,2023-08-01,2023,8,2189,1068,37032.39,24851.0,928.4,12181.39
SL-0001409,STR-008,CAT-01,2023-09-01,2023,9,655,318,27015.51,16109.44,1074.47,10906.07
SL-0001410,STR-008,CAT-02,2023-09-01,2023,9,947,425,21108.98,17417.6,1242.42,3691.38
SL-0001411,STR-008,CAT-03,2023-09-01,2023,9,635,353,18877.71,11677.07,856.18,7200.64
SL-0001412,STR-008,CAT-04,2023-09-01,2023,9,1251,809,25673.58,16883.66,1197.19,8789.92
SL-0001413,STR-008,CAT-05,2023-09-01,2023,9,586,415,23239.62,10172.88,996.05,13066.74
SL-0001414,STR-008,CAT-06,2023-09-01,2023,9,638,348,23781.49,18971.04,1314.18,4810.45
SL-0001415,STR-008,CAT-07,2023-09-01,2023,9,891,485,25720.27,15555.07,456.04,10165.2
SL-0001416,STR-008,CAT-08,2023-09-01,2023,9,1018,557,19827.93,14199.68,432.73,5628.25
SL-0001417,STR-008,CAT-01,2023-10-01,2023,10,571,342,18198.22,10487.06,790.11,7711.16
SL-0001418,STR-008,CAT-02,2023-10-01,2023,10,898,429,36783.24,29061.48,1564.63,7721.76
SL-0001419,STR-008,CAT-03,2023-10-01,2023,10,782,555,23677.35,14871.83,1146.35,8805.52
SL-0001420,STR-008,CAT-04,2023-10-01,2023,10,870,531,20779.03,13283.07,772.71,7495.96
SL-0001421,STR-008,CAT-05,2023-10-01,2023,10,2045,1035,30231.62,14647.65,1103.82,15583.97
SL-0001422,STR-008,CAT-06,2023-10-01,2023,10,813,542,24848.93,19485.83,1051.72,5363.1
SL-0001423,STR-008,CAT-07,2023-10-01,2023,10,1334,642,24686.55,14356.36,633.22,10330.19
SL-0001424,STR-008,CAT-08,2023-10-01,2023,10,1907,1022,38498.67,27061.03,890.59,11437.64
SL-0001425,STR-008,CAT-01,2023-11-01,2023,11,1554,951,44925.91,25664.46,2685.31,19261.45
SL-0001426,STR-008,CAT-02,2023-11-01,2023,11,2822,1708,77221.79,63644.8,3198.78,13576.99
SL-0001427,STR-008,CAT-03,2023-11-01,2023,11,1472,729,58927.1,36949.02,918.27,21978.08
SL-0001428,STR-008,CAT-04,2023-11-01,2023,11,772,498,23113.71,14944.54,317.57,8169.17
SL-0001429,STR-008,CAT-05,2023-11-01,2023,11,1711,1082,51554.05,22647.55,1715.71,28906.5
SL-0001430,STR-008,CAT-06,2023-11-01,2023,11,643,318,26070.62,20364.63,295.74,5705.99
SL-0001431,STR-008,CAT-07,2023-11-01,2023,11,3459,2649,64623.58,36851.52,3275.94,27772.06
SL-0001432,STR-008,CAT-08,2023-11-01,2023,11,1225,564,50955.55,36872.61,783.56,14082.94
SL-0001433,STR-008,CAT-01,2023-12-01,2023,12,1832,1224,56283.97,32762.8,2971.62,23521.17
SL-0001434,STR-008,CAT-02,2023-12-01,2023,12,3021,1756,85482.24,71564.79,4461.14,13917.45
SL-0001435,STR-008,CAT-03,2023-12-01,2023,12,2447,1245,66710.7,39351.31,3308.61,27359.39
SL-0001436,STR-008,CAT-04,2023-12-01,2023,12,673,383,28819.55,18647.19,1684.4,10172.36
SL-0001437,STR-008,CAT-05,2023-12-01,2023,12,3696,2108,74378.87,33919.01,2021.69,40459.86
SL-0001438,STR-008,CAT-06,2023-12-01,2023,12,1748,864,43112.44,34824.37,1727.65,8288.07
SL-0001439,STR-008,CAT-07,2023-12-01,2023,12,2984,1442,91484.56,54766.96,2964.68,36717.6
SL-0001440,STR-008,CAT-08,2023-12-01,2023,12,2553,1157,55205.2,38959.03,2103.73,16246.17
SL-0001441,STR-008,CAT-01,2024-01-01,2024,1,4943,2624,33917.23,20322.84,356.63,13594.39
SL-0001442,STR-008,CAT-02,2024-01-01,2024,1,928,558,38358.34,32263.81,1539.34,6094.53
SL-0001443,STR-008,CAT-03,2024-01-01,2024,1,1621,1047,25933.75,17009.58,496.74,8924.17
SL-0001444,STR-008,CAT-04,2024-01-01,2024,1,1996,1118,24244.9,16407.99,1311.37,7836.91
SL-0001445,STR-008,CAT-05,2024-01-01,2024,1,789,525,29356.1,12875.37,1120.18,16480.73
SL-0001446,STR-008,CAT-06,2024-01-01,2024,1,1027,583,27307.32,19928.53,1335.32,7378.79
SL-0001447,STR-008,CAT-07,2024-01-01,2024,1,792,416,21604.18,13626.69,1271.37,7977.49
SL-0001448,STR-008,CAT-08,2024-01-01,2024,1,1556,907,44205.55,30844.0,2337.29,13361.55
SL-0001449,STR-008,CAT-01,2024-02-01,2024,2,1927,998,49903.85,28370.77,1733.24,21533.08
SL-0001450,STR-008,CAT-02,2024-02-01,2024,2,704,378,26783.98,22968.16,1042.32,3815.82
SL-0001451,STR-008,CAT-03,2024-02-01,2024,2,1792,841,24543.98,15262.34,272.88,9281.64
SL-0001452,STR-008,CAT-04,2024-02-01,2024,2,1522,773,32293.96,20276.66,1162.0,12017.3
SL-0001453,STR-008,CAT-05,2024-02-01,2024,2,561,336,24006.41,10445.2,1212.38,13561.21
SL-0001454,STR-008,CAT-06,2024-02-01,2024,2,1576,887,49278.34,37232.46,1678.71,12045.88
SL-0001455,STR-008,CAT-07,2024-02-01,2024,2,812,484,26447.31,15240.72,334.1,11206.59
SL-0001456,STR-008,CAT-08,2024-02-01,2024,2,636,315,27193.61,17924.92,1362.33,9268.69
SL-0001457,STR-008,CAT-01,2024-03-01,2024,3,1592,736,44606.7,25413.58,2646.48,19193.12
SL-0001458,STR-008,CAT-02,2024-03-01,2024,3,1362,665,24224.3,20024.05,1083.46,4200.25
SL-0001459,STR-008,CAT-03,2024-03-01,2024,3,2017,937,51844.08,30718.99,2820.96,21125.09
SL-0001460,STR-008,CAT-04,2024-03-01,2024,3,1448,977,37450.37,24469.42,2031.6,12980.95
SL-0001461,STR-008,CAT-05,2024-03-01,2024,3,1224,787,31836.17,14376.53,1005.62,17459.64
SL-0001462,STR-008,CAT-06,2024-03-01,2024,3,1697,906,53770.8,41617.16,2193.19,12153.64
SL-0001463,STR-008,CAT-07,2024-03-01,2024,3,970,515,29251.18,17606.17,1349.37,11645.01
SL-0001464,STR-008,CAT-08,2024-03-01,2024,3,1672,791,26495.12,18637.83,1370.82,7857.29
SL-0001465,STR-008,CAT-01,2024-04-01,2024,4,850,518,34282.6,20366.68,1834.5,13915.92
SL-0001466,STR-008,CAT-02,2024-04-01,2024,4,1681,1403,39479.69,33607.36,1738.83,5872.33
SL-0001467,STR-008,CAT-03,2024-04-01,2024,4,1439,819,38259.75,24469.31,1395.09,13790.44
SL-0001468,STR-008,CAT-04,2024-04-01,2024,4,2982,1492,50929.39,32783.82,1867.82,18145.57
SL-0001469,STR-008,CAT-05,2024-04-01,2024,4,917,475,35629.84,17088.64,1762.0,18541.2
SL-0001470,STR-008,CAT-06,2024-04-01,2024,4,819,413,29720.33,22057.5,409.28,7662.83
SL-0001471,STR-008,CAT-07,2024-04-01,2024,4,502,311,20207.09,11744.75,369.95,8462.34
SL-0001472,STR-008,CAT-08,2024-04-01,2024,4,1265,689,37000.06,25271.91,1186.82,11728.15
SL-0001473,STR-008,CAT-01,2024-05-01,2024,5,1378,1071,49000.47,28419.79,720.66,20580.68
SL-0001474,STR-008,CAT-02,2024-05-01,2024,5,1650,1085,47332.45,38973.64,1143.17,8358.81
SL-0001475,STR-008,CAT-03,2024-05-01,2024,5,662,329,31436.51,19540.74,1809.11,11895.77
SL-0001476,STR-008,CAT-04,2024-05-01,2024,5,1329,598,46462.96,30326.74,1373.59,16136.22
SL-0001477,STR-008,CAT-05,2024-05-01,2024,5,1289,786,53298.63,23817.61,2129.16,29481.02
SL-0001478,STR-008,CAT-06,2024-05-01,2024,5,798,487,27473.09,21376.88,602.18,6096.21
SL-0001479,STR-008,CAT-07,2024-05-01,2024,5,1980,1173,57995.0,33591.05,3255.52,24403.95
SL-0001480,STR-008,CAT-08,2024-05-01,2024,5,1601,945,43871.3,29743.61,2378.59,14127.69
SL-0001481,STR-008,CAT-01,2024-06-01,2024,6,2446,1598,51226.68,29846.26,692.43,21380.42
SL-0001482,STR-008,CAT-02,2024-06-01,2024,6,1233,846,32152.82,27510.95,1490.2,4641.87
SL-0001483,STR-008,CAT-03,2024-06-01,2024,6,1185,687,40952.46,25562.82,663.73,15389.64
SL-0001484,STR-008,CAT-04,2024-06-01,2024,6,3684,2152,53932.19,34871.32,1627.36,19060.87
SL-0001485,STR-008,CAT-05,2024-06-01,2024,6,1727,970,37675.47,16685.29,2223.2,20990.18
SL-0001486,STR-008,CAT-06,2024-06-01,2024,6,1971,964,50622.0,40532.71,1027.94,10089.29
SL-0001487,STR-008,CAT-07,2024-06-01,2024,6,2181,1263,42162.38,27622.04,461.98,14540.34
SL-0001488,STR-008,CAT-08,2024-06-01,2024,6,822,588,27432.59,18623.92,1043.84,8808.67
SL-0001489,STR-008,CAT-01,2024-07-01,2024,7,1235,512,34482.5,19382.26,1023.9,15100.24
SL-0001490,STR-008,CAT-02,2024-07-01,2024,7,1115,517,29525.15,23442.38,1652.36,6082.77
SL-0001491,STR-008,CAT-03,2024-07-01,2024,7,1292,767,35425.84,21979.31,1157.73,13446.53
SL-0001492,STR-008,CAT-04,2024-07-01,2024,7,1316,702,32194.04,22163.5,971.83,10030.54
SL-0001493,STR-008,CAT-05,2024-07-01,2024,7,1764,948,29002.34,12918.21,1490.2,16084.13
SL-0001494,STR-008,CAT-06,2024-07-01,2024,7,1424,709,38140.4,31129.75,1474.05,7010.65
SL-0001495,STR-008,CAT-07,2024-07-01,2024,7,2081,1146,37589.39,22563.01,1317.93,15026.38
SL-0001496,STR-008,CAT-08,2024-07-01,2024,7,665,396,28230.99,19622.42,825.63,8608.57
SL-0001497,STR-008,CAT-01,2024-08-01,2024,8,1136,716,36834.48,20779.83,578.14,16054.65
SL-0001498,STR-008,CAT-02,2024-08-01,2024,8,1449,817,39228.9,32522.65,423.29,6706.25
SL-0001499,STR-008,CAT-03,2024-08-01,2024,8,678,453,30757.95,19007.96,1371.83,11749.99
SL-0001500,STR-008,CAT-04,2024-08-01,2024,8,1689,912,53768.11,33266.01,1080.37,20502.1
SL-0001501,STR-008,CAT-05,2024-08-01,2024,8,1064,467,36411.81,15915.66,631.65,20496.15
SL-0001502,STR-008,CAT-06,2024-08-01,2024,8,1582,1090,53530.86,42695.0,2565.81,10835.86
SL-0001503,STR-008,CAT-07,2024-08-01,2024,8,1100,803,26720.4,15716.41,1382.0,11003.99
SL-0001504,STR-008,CAT-08,2024-08-01,2024,8,917,557,36131.62,25310.44,2103.31,10821.18
SL-0001505,STR-008,CAT-01,2024-09-01,2024,9,2192,1225,54138.34,30985.86,1422.88,23152.48
SL-0001506,STR-008,CAT-02,2024-09-01,2024,9,2028,1185,33688.27,27100.92,347.3,6587.35
SL-0001507,STR-008,CAT-03,2024-09-01,2024,9,702,476,31014.06,19317.66,527.48,11696.4
SL-0001508,STR-008,CAT-04,2024-09-01,2024,9,5204,2422,46280.81,30611.39,1514.31,15669.42
SL-0001509,STR-008,CAT-05,2024-09-01,2024,9,943,553,31937.88,13975.21,759.25,17962.67
SL-0001510,STR-008,CAT-06,2024-09-01,2024,9,495,371,22806.59,17368.1,287.9,5438.49
SL-0001511,STR-008,CAT-07,2024-09-01,2024,9,1327,763,42417.12,24659.0,1406.05,17758.12
SL-0001512,STR-008,CAT-08,2024-09-01,2024,9,1503,712,50184.85,35338.5,2021.32,14846.35
SL-0001513,STR-008,CAT-01,2024-10-01,2024,10,1240,611,48556.44,26637.09,1434.36,21919.35
SL-0001514,STR-008,CAT-02,2024-10-01,2024,10,1493,962,37079.38,32210.95,2084.51,4868.43
SL-0001515,STR-008,CAT-03,2024-10-01,2024,10,736,447,36917.74,22641.85,2055.35,14275.89
SL-0001516,STR-008,CAT-04,2024-10-01,2024,10,930,446,31637.22,20508.37,1211.43,11128.85
SL-0001517,STR-008,CAT-05,2024-10-01,2024,10,22310,11379,41079.12,17988.11,1594.74,23091.01
SL-0001518,STR-008,CAT-06,2024-10-01,2024,10,823,487,22218.55,17798.7,508.46,4419.85
SL-0001519,STR-008,CAT-07,2024-10-01,2024,10,1307,943,36753.67,21806.53,682.81,14947.14
SL-0001520,STR-008,CAT-08,2024-10-01,2024,10,1864,1051,46235.52,32624.95,915.02,13610.57
SL-0001521,STR-008,CAT-01,2024-11-01,2024,11,1693,914,49420.36,27847.12,1801.59,21573.24
SL-0001522,STR-008,CAT-02,2024-11-01,2024,11,11628,5902,62083.33,51481.0,2071.55,10602.33
SL-0001523,STR-008,CAT-03,2024-11-01,2024,11,1,1,54627.57,33186.06,2995.17,21441.51
SL-0001524,STR-008,CAT-04,2024-11-01,2024,11,1503,1115,21799.81,14390.95,985.85,7408.86
SL-0001525,STR-008,CAT-05,2024-11-01,2024,11,2403,1035,55210.37,24928.17,1855.73,30282.2
SL-0001526,STR-008,CAT-06,2024-11-01,2024,11,1659,1208,43378.86,34847.9,2338.18,8530.96
SL-0001527,STR-008,CAT-07,2024-11-01,2024,11,1515,780,46192.9,27738.63,997.5,18454.27
SL-0001528,STR-008,CAT-08,2024-11-01,2024,11,1537,856,48995.78,34249.13,2916.88,14746.65
SL-0001529,STR-008,CAT-01,2024-12-01,2024,12,1535,1355,37132.88,21206.55,1142.39,15926.33
SL-0001530,STR-008,CAT-02,2024-12-01,2024,12,3797,2400,63939.0,54141.67,1266.65,9797.33
SL-0001531,STR-008,CAT-03,2024-12-01,2024,12,1437,715,52134.34,33174.86,904.46,18959.48
SL-0001532,STR-008,CAT-04,2024-12-01,2024,12,1682,1085,33598.86,21982.19,536.15,11616.67
SL-0001533,STR-008,CAT-05,2024-12-01,2024,12,1719,1118,64020.5,29221.54,725.01,34798.96
SL-0001534,STR-008,CAT-06,2024-12-01,2024,12,2290,1924,70764.29,59120.92,1068.34,11643.37
SL-0001535,STR-008,CAT-07,2024-12-01,2024,12,4255,2483,81198.57,47155.04,2058.17,34043.53
SL-0001536,STR-008,CAT-08,2024-12-01,2024,12,1708,944,64703.34,47124.65,2175.93,17578.69
SL-0001537,STR-009,CAT-01,2023-01-01,2023,1,311,148,6658.55,3845.45,396.64,2813.1
SL-0001538,STR-009,CAT-02,2023-01-01,2023,1,354,214,7562.37,6133.64,416.26,1428.73
SL-0001539,STR-009,CAT-03,2023-01-01,2023,1,246,198,5566.77,3282.17,151.83,2284.6
SL-0001540,STR-009,CAT-04,2023-01-01,2023,1,321,198,9285.86,6125.85,293.33,3160.01
SL-0001541,STR-009,CAT-05,2023-01-01,2023,1,268,134,7285.82,3328.06,152.89,3957.76
SL-0001542,STR-009,CAT-06,2023-01-01,2023,1,1002,580,11643.46,9146.65,211.96,2496.81
SL-0001543,STR-009,CAT-07,2023-01-01,2023,1,240,112,7215.07,4551.1,260.02,2663.97
SL-0001544,STR-009,CAT-08,2023-01-01,2023,1,253,167,7990.39,5848.34,167.05,2142.05
SL-0001545,STR-009,CAT-01,2023-02-01,2023,2,484,247,11627.34,6597.96,202.01,5029.38
SL-0001546,STR-009,CAT-02,2023-02-01,2023,2,297,177,6564.4,5659.71,224.46,904.69
SL-0001547,STR-009,CAT-03,2023-02-01,2023,2,377,325,8769.76,5527.68,345.91,3242.08
SL-0001548,STR-009,CAT-04,2023-02-01,2023,2,250,140,8983.14,5617.06,362.94,3366.08
SL-0001549,STR-009,CAT-05,2023-02-01,2023,2,837,407,11349.3,5015.75,317.17,6333.55
SL-0001550,STR-009,CAT-06,2023-02-01,2023,2,338,191,8136.78,5852.48,118.57,2284.3
SL-0001551,STR-009,CAT-07,2023-02-01,2023,2,278,195,8279.39,4846.86,184.97,3432.53
SL-0001552,STR-009,CAT-08,2023-02-01,2023,2,250,130,5910.29,3887.82,71.97,2022.47
SL-0001553,STR-009,CAT-01,2023-03-01,2023,3,305,234,10414.51,5971.66,386.68,4442.85
SL-0001554,STR-009,CAT-02,2023-03-01,2023,3,333,161,10108.39,8126.76,350.82,1981.63
SL-0001555,STR-009,CAT-03,2023-03-01,2023,3,1333,809,18977.52,12517.91,349.74,6459.61
SL-0001556,STR-009,CAT-04,2023-03-01,2023,3,705,451,17627.96,11759.69,1000.8,5868.27
SL-0001557,STR-009,CAT-05,2023-03-01,2023,3,314,139,10159.5,4559.13,406.67,5600.37
SL-0001558,STR-009,CAT-06,2023-03-01,2023,3,1090,443,22095.2,18171.59,907.58,3923.61
SL-0001559,STR-009,CAT-07,2023-03-01,2023,3,320,183,12468.93,7815.27,434.43,4653.66
SL-0001560,STR-009,CAT-08,2023-03-01,2023,3,349,179,14754.07,10161.55,595.79,4592.52
SL-0001561,STR-009,CAT-01,2023-04-01,2023,4,1174,588,13278.35,7730.03,794.53,5548.32
SL-0001562,STR-009,CAT-02,2023-04-01,2023,4,352,205,9551.39,7769.44,130.92,1781.95
SL-0001563,STR-009,CAT-03,2023-04-01,2023,4,621,370,11549.25,7149.77,626.89,4399.48
SL-0001564,STR-009,CAT-04,2023-04-01,2023,4,640,333,13949.33,8879.44,308.08,5069.89
SL-0001565,STR-009,CAT-05,2023-04-01,2023,4,219,98,7243.86,3353.07,111.38,3890.79
SL-0001566,STR-009,CAT-06,2023-04-01,2023,4,702,358,10545.45,8584.5,250.07,1960.95
SL-0001567,STR-009,CAT-07,2023-04-01,2023,4,195,102,9781.17,5724.05,464.19,4057.12
SL-0001568,STR-009,CAT-08,2023-04-01,2023,4,424,181,12858.8,9207.59,292.57,3651.21
SL-0001569,STR-009,CAT-01,2023-05-01,2023,5,500,256,20201.46,11418.37,1147.48,8783.09
SL-0001570,STR-009,CAT-02,2023-05-01,2023,5,342,219,9311.78,7350.16,449.5,1961.62
SL-0001571,STR-009,CAT-03,2023-05-01,2023,5,612,269,18146.98,11182.25,566.37,6964.73
SL-0001572,STR-009,CAT-04,2023-05-01,2023,5,439,225,11671.98,7463.38,591.93,4208.6
SL-0001573,STR-009,CAT-05,2023-05-01,2023,5,1442,850,16529.81,7243.91,960.8,9285.9
SL-0001574,STR-009,CAT-06,2023-05-01,2023,5,898,479,18723.24,14884.39,534.43,3838.85
SL-0001575,STR-009,CAT-07,2023-05-01,2023,5,264,243,8370.0,5120.82,323.83,3249.18
SL-0001576,STR-009,CAT-08,2023-05-01,2023,5,352,179,13649.74,9621.85,552.98,4027.89
SL-0001577,STR-009,CAT-01,2023-06-01,2023,6,629,276,13286.61,8090.9,329.75,5195.71
SL-0001578,STR-009,CAT-02,2023-06-01,2023,6,596,404,12388.2,10634.82,482.55,1753.38
SL-0001579,STR-009,CAT-03,2023-06-01,2023,6,429,239,18558.29,11159.98,355.81,7398.31
SL-0001580,STR-009,CAT-04,2023-06-01,2023,6,531,269,17311.1,10731.29,238.29,6579.81
SL-0001581,STR-009,CAT-05,2023-06-01,2023,6,530,335,19372.88,8705.33,652.0,10667.55
SL-0001582,STR-009,CAT-06,2023-06-01,2023,6,1636,769,19110.14,15519.49,1099.04,3590.65
SL-0001583,STR-009,CAT-07,2023-06-01,2023,6,603,306,13684.18,8224.17,744.97,5460.01
SL-0001584,STR-009,CAT-08,2023-06-01,2023,6,529,321,14332.38,10081.18,709.41,4251.2
SL-0001585,STR-009,CAT-01,2023-07-01,2023,7,619,307,16390.66,9276.45,685.53,7114.21
SL-0001586,STR-009,CAT-02,2023-07-01,2023,7,313,160,9619.71,7751.6,494.54,1868.11
SL-0001587,STR-009,CAT-03,2023-07-01,2023,7,306,193,8228.45,5042.94,190.53,3185.51
SL-0001588,STR-009,CAT-04,2023-07-01,2023,7,799,433,17844.23,11605.24,702.39,6238.99
SL-0001589,STR-009,CAT-05,2023-07-01,2023,7,296,172,9360.6,4058.56,127.28,5302.04
SL-0001590,STR-009,CAT-06,2023-07-01,2023,7,329,273,12597.58,9568.09,372.59,3029.49
SL-0001591,STR-009,CAT-07,2023-07-01,2023,7,456,268,11519.31,7143.09,632.76,4376.22
SL-0001592,STR-009,CAT-08,2023-07-01,2023,7,340,227,8809.07,6265.59,319.83,2543.48
SL-0001593,STR-009,CAT-01,2023-08-01,2023,8,292,143,8001.52,4574.3,239.69,3427.22
SL-0001594,STR-009,CAT-02,2023-08-01,2023,8,309,174,8227.65,6801.32,446.95,1426.33
SL-0001595,STR-009,CAT-03,2023-08-01,2023,8,1116,476,15314.38,9714.02,174.96,5600.36
SL-0001596,STR-009,CAT-04,2023-08-01,2023,8,658,366,16116.06,10224.86,432.42,5891.2
SL-0001597,STR-009,CAT-05,2023-08-01,2023,8,391,194,12918.25,5837.83,226.76,7080.42
SL-0001598,STR-009,CAT-06,2023-08-01,2023,8,536,295,16345.46,12095.68,197.27,4249.78
SL-0001599,STR-009,CAT-07,2023-08-01,2023,8,371,230,13148.82,7679.23,710.36,5469.59
SL-0001600,STR-009,CAT-08,2023-08-01,2023,8,186,85,6886.58,4718.1,140.81,2168.48
SL-0001601,STR-009,CAT-01,2023-09-01,2023,9,416,214,11979.22,7096.08,685.46,4883.14
SL-0001602,STR-009,CAT-02,2023-09-01,2023,9,360,177,8748.56,7462.06,489.22,1286.5
SL-0001603,STR-009,CAT-03,2023-09-01,2023,9,734,353,10497.2,6502.64,282.34,3994.56
SL-0001604,STR-009,CAT-04,2023-09-01,2023,9,331,219,8621.23,5883.96,277.48,2737.27
SL-0001605,STR-009,CAT-05,2023-09-01,2023,9,113,73,4961.49,2183.6,102.02,2777.89
SL-0001606,STR-009,CAT-06,2023-09-01,2023,9,153,78,6498.98,5018.64,336.67,1480.34
SL-0001607,STR-009,CAT-07,2023-09-01,2023,9,410,355,10038.57,6203.55,328.95,3835.02
SL-0001608,STR-009,CAT-08,2023-09-01,2023,9,181,97,8228.26,5889.23,391.08,2339.03
SL-0001609,STR-009,CAT-01,2023-10-01,2023,10,899,524,14482.72,8265.23,448.76,6217.49
SL-0001610,STR-009,CAT-02,2023-10-01,2023,10,664,422,18765.79,15187.73,893.16,3578.06
SL-0001611,STR-009,CAT-03,2023-10-01,2023,10,713,463,17523.46,11161.83,384.92,6361.63
SL-0001612,STR-009,CAT-04,2023-10-01,2023,10,519,222,13883.43,8641.95,163.88,5241.48
SL-0001613,STR-009,CAT-05,2023-10-01,2023,10,503,339,15377.33,7001.8,851.92,8375.53
SL-0001614,STR-009,CAT-06,2023-10-01,2023,10,435,244,15445.67,11850.24,271.05,3595.43
SL-0001615,STR-009,CAT-07,2023-10-01,2023,10,768,385,15081.26,9000.71,519.39,6080.55
SL-0001616,STR-009,CAT-08,2023-10-01,2023,10,963,451,15369.64,10424.31,885.09,4945.33
SL-0001617,STR-009,CAT-01,2023-11-01,2023,11,554,396,19348.97,11368.7,581.11,7980.27
SL-0001618,STR-009,CAT-02,2023-11-01,2023,11,584,256,16348.28,12738.34,850.15,3609.94
SL-0001619,STR-009,CAT-03,2023-11-01,2023,11,512,449,18900.07,11800.48,358.6,7099.59
SL-0001620,STR-009,CAT-04,2023-11-01,2023,11,280,168,9530.11,6293.43,346.74,3236.68
SL-0001621,STR-009,CAT-05,2023-11-01,2023,11,1103,670,26849.4,11523.86,1212.16,15325.54
SL-0001622,STR-009,CAT-06,2023-11-01,2023,11,573,327,13243.72,10256.22,741.11,2987.5
SL-0001623,STR-009,CAT-07,2023-11-01,2023,11,1020,555,24191.87,14797.43,1254.77,9394.44
SL-0001624,STR-009,CAT-08,2023-11-01,2023,11,621,391,13709.72,9448.71,294.28,4261.01
SL-0001625,STR-009,CAT-01,2023-12-01,2023,12,560,305,10408.95,6267.73,358.54,4141.22
SL-0001626,STR-009,CAT-02,2023-12-01,2023,12,624,330,20129.88,16029.17,550.71,4100.71
SL-0001627,STR-009,CAT-03,2023-12-01,2023,12,315,156,11475.23,7164.54,251.7,4310.69
SL-0001628,STR-009,CAT-04,2023-12-01,2023,12,164,84,4492.69,2928.09,99.61,1564.6
SL-0001629,STR-009,CAT-05,2023-12-01,2023,12,550,317,8572.59,3972.88,283.46,4599.71
SL-0001630,STR-009,CAT-06,2023-12-01,2023,12,504,346,16327.09,13555.24,869.54,2771.85
SL-0001631,STR-009,CAT-07,2023-12-01,2023,12,565,261,23880.54,14674.54,663.02,9206.0
SL-0001632,STR-009,CAT-08,2023-12-01,2023,12,640,372,14368.54,10138.3,198.29,4230.24
SL-0001633,STR-009,CAT-01,2024-01-01,2024,1,456,227,12325.16,7370.2,532.9,4954.96
SL-0001634,STR-009,CAT-02,2024-01-01,2024,1,404,255,11853.07,10061.8,367.65,1791.27
SL-0001635,STR-009,CAT-03,2024-01-01,2024,1,643,407,8756.35,5449.11,176.17,3307.24
SL-0001636,STR-009,CAT-04,2024-01-01,2024,1,508,291,7941.78,5223.54,383.91,2718.24
SL-0001637,STR-009,CAT-05,2024-01-01,2024,1,268,257,6078.02,2769.09,195.05,3308.93
SL-0001638,STR-009,CAT-06,2024-01-01,2024,1,735,311,14053.38,11075.46,602.35,2977.92
SL-0001639,STR-009,CAT-07,2024-01-01,2024,1,198,99,7985.22,4698.15,218.89,3287.07
SL-0001640,STR-009,CAT-08,2024-01-01,2024,1,302,122,8444.24,5813.57,302.6,2630.67
SL-0001641,STR-009,CAT-01,2024-02-01,2024,2,184,97,7458.42,4372.09,93.1,3086.33
SL-0001642,STR-009,CAT-02,2024-02-01,2024,2,443,246,10937.75,9285.89,589.23,1651.86
SL-0001643,STR-009,CAT-03,2024-02-01,2024,2,349,220,9599.13,5925.67,288.4,3673.46
SL-0001644,STR-009,CAT-04,2024-02-01,2024,2,304,140,10882.73,6888.22,456.29,3994.51
SL-0001645,STR-009,CAT-05,2024-02-01,2024,2,354,217,14467.89,6348.74,793.13,8119.15
SL-0001646,STR-009,CAT-06,2024-02-01,2024,2,775,635,10560.53,8371.49,266.27,2189.04
SL-0001647,STR-009,CAT-07,2024-02-01,2024,2,174,85,7016.72,4241.7,378.78,2775.02
SL-0001648,STR-009,CAT-08,2024-02-01,2024,2,161,97,6287.11,4355.95,318.98,1931.16
SL-0001649,STR-009,CAT-01,2024-03-01,2024,3,819,585,13571.25,7740.4,350.84,5830.85
SL-0001650,STR-009,CAT-02,2024-03-01,2024,3,334,155,9593.86,7548.39,513.9,2045.47
SL-0001651,STR-009,CAT-03,2024-03-01,2024,3,867,371,17343.29,10558.95,1034.5,6784.34
SL-0001652,STR-009,CAT-04,2024-03-01,2024,3,446,255,16234.18,10119.73,312.68,6114.45
SL-0001653,STR-009,CAT-05,2024-03-01,2024,3,659,387,17473.29,8021.98,970.56,9451.31
SL-0001654,STR-009,CAT-06,2024-03-01,2024,3,347,167,13354.61,10024.76,765.99,3329.85
SL-0001655,STR-009,CAT-07,2024-03-01,2024,3,205,117,6783.06,4076.6,268.25,2706.46
SL-0001656,STR-009,CAT-08,2024-03-01,2024,3,323,150,10235.33,7353.14,418.4,2882.19
SL-0001657,STR-009,CAT-01,2024-04-01,2024,4,237,156,9907.63,5782.17,339.81,4125.46
SL-0001658,STR-009,CAT-02,2024-04-01,2024,4,207,134,7104.54,6482.36,414.0,622.18
SL-0001659,STR-009,CAT-03,2024-04-01,2024,4,413,195,16443.53,10019.49,555.67,6424.04
SL-0001660,STR-009,CAT-04,2024-04-01,2024,4,708,325,9303.8,5704.64,184.23,3599.16
SL-0001661,STR-009,CAT-05,2024-04-01,2024,4,526,295,15872.61,7775.37,258.07,8097.24
SL-0001662,STR-009,CAT-06,2024-04-01,2024,4,284,174,10681.15,8342.95,382.9,2338.2
SL-0001663,STR-009,CAT-07,2024-04-01,2024,4,278,161,9190.37,5475.28,128.96,3715.09
SL-0001664,STR-009,CAT-08,2024-04-01,2024,4,342,188,10255.0,6876.33,289.93,3378.67
SL-0001665,STR-009,CAT-01,2024-05-01,2024,5,429,176,17053.68,9867.81,872.99,7185.87
SL-0001666,STR-009,CAT-02,2024-05-01,2024,5,554,363,14743.19,11410.41,522.09,3332.78
SL-0001667,STR-009,CAT-03,2024-05-01,2024,5,1123,494,15772.18,9620.2,362.8,6151.98
SL-0001668,STR-009,CAT-04,2024-05-01,2024,5,593,300,14921.5,10188.05,271.6,4733.45
SL-0001669,STR-009,CAT-05,2024-05-01,2024,5,539,247,8219.8,3610.11,396.81,4609.69
SL-0001670,STR-009,CAT-06,2024-05-01,2024,5,559,363,11311.47,9106.08,640.57,2205.39
SL-0001671,STR-009,CAT-07,2024-05-01,2024,5,576,375,13172.28,8042.47,274.73,5129.81
SL-0001672,STR-009,CAT-08,2024-05-01,2024,5,427,240,9822.99,7036.84,251.95,2786.15
SL-0001673,STR-009,CAT-01,2024-06-01,2024,6,1154,1007,20156.21,11831.18,282.49,8325.03
SL-0001674,STR-009,CAT-02,2024-06-01,2024,6,279,125,11774.59,9439.0,372.7,2335.59
SL-0001675,STR-009,CAT-03,2024-06-01,2024,6,302,161,10012.66,6111.88,507.24,3900.78
SL-0001676,STR-009,CAT-04,2024-06-01,2024,6,545,349,14259.27,9235.95,439.76,5023.32
SL-0001677,STR-009,CAT-05,2024-06-01,2024,6,427,166,12527.83,5675.77,650.32,6852.06
SL-0001678,STR-009,CAT-06,2024-06-01,2024,6,409,237,11463.77,8955.11,383.87,2508.66
SL-0001679,STR-009,CAT-07,2024-06-01,2024,6,390,187,13303.83,7834.8,771.58,5469.03
SL-0001680,STR-009,CAT-08,2024-06-01,2024,6,717,355,19405.08,12917.08,672.39,6488.0
SL-0001681,STR-009,CAT-01,2024-07-01,2024,7,388,202,11927.49,7185.0,197.58,4742.49
SL-0001682,STR-009,CAT-02,2024-07-01,2024,7,398,246,12438.95,9781.69,460.12,2657.26
SL-0001683,STR-009,CAT-03,2024-07-01,2024,7,387,202,9700.6,5793.26,221.54,3907.34
SL-0001684,STR-009,CAT-04,2024-07-01,2024,7,516,265,14128.23,9009.58,801.67,5118.65
SL-0001685,STR-009,CAT-05,2024-07-01,2024,7,333,187,8022.69,3437.77,457.31,4584.92
SL-0001686,STR-009,CAT-06,2024-07-01,2024,7,226,207,7924.95,6279.57,418.76,1645.38
SL-0001687,STR-009,CAT-07,2024-07-01,2024,7,397,281,8994.13,5066.67,264.33,3927.46
SL-0001688,STR-009,CAT-08,2024-07-01,2024,7,313,135,10183.07,7148.77,447.51,3034.3
SL-0001689,STR-009,CAT-01,2024-08-01,2024,8,528,367,9298.56,5192.67,539.77,4105.89
SL-0001690,STR-009,CAT-02,2024-08-01,2024,8,268,148,10217.71,8365.78,462.06,1851.93
SL-0001691,STR-009,CAT-03,2024-08-01,2024,8,364,228,9673.94,6047.43,552.37,3626.51
SL-0001692,STR-009,CAT-04,2024-08-01,2024,8,293,159,7105.03,4631.31,167.57,2473.72
SL-0001693,STR-009,CAT-05,2024-08-01,2024,8,426,320,8520.13,3805.09,441.49,4715.04
SL-0001694,STR-009,CAT-06,2024-08-01,2024,8,322,157,11686.53,9476.89,563.06,2209.64
SL-0001695,STR-009,CAT-07,2024-08-01,2024,8,156,117,7400.28,4487.06,162.49,2913.22
SL-0001696,STR-009,CAT-08,2024-08-01,2024,8,217,108,7240.69,4898.13,379.29,2342.56
SL-0001697,STR-009,CAT-01,2024-09-01,2024,9,456,250,8811.08,5300.19,403.16,3510.89
SL-0001698,STR-009,CAT-02,2024-09-01,2024,9,149,82,6205.22,5273.05,246.96,932.17
SL-0001699,STR-009,CAT-03,2024-09-01,2024,9,357,189,8966.97,5492.06,465.71,3474.91
SL-0001700,STR-009,CAT-04,2024-09-01,2024,9,166,91,6437.71,4192.05,69.17,2245.66
SL-0001701,STR-009,CAT-05,2024-09-01,2024,9,311,228,13003.67,5616.45,283.16,7387.22
SL-0001702,STR-009,CAT-06,2024-09-01,2024,9,451,377,10888.03,8645.37,118.3,2242.66
SL-0001703,STR-009,CAT-07,2024-09-01,2024,9,271,137,9476.0,5750.44,550.03,3725.56
SL-0001704,STR-009,CAT-08,2024-09-01,2024,9,229,114,6623.72,4790.28,81.75,1833.44
SL-0001705,STR-009,CAT-01,2024-10-01,2024,10,913,479,12282.72,7411.55,240.4,4871.17
SL-0001706,STR-009,CAT-02,2024-10-01,2024,10,430,182,13437.44,10848.76,293.41,2588.68
SL-0001707,STR-009,CAT-03,2024-10-01,2024,10,897,555,13809.5,8633.65,373.38,5175.85
SL-0001708,STR-009,CAT-04,2024-10-01,2024,10,296,139,6467.8,4381.56,129.87,2086.24
SL-0001709,STR-009,CAT-05,2024-10-01,2024,10,888,593,12034.31,5534.72,177.42,6499.59
SL-0001710,STR-009,CAT-06,2024-10-01,2024,10,311,173,8586.99,6527.27,503.52,2059.72
SL-0001711,STR-009,CAT-07,2024-10-01,2024,10,340,191,9015.65,5202.33,510.79,3813.32
SL-0001712,STR-009,CAT-08,2024-10-01,2024,10,428,247,11310.69,8032.43,512.1,3278.26
SL-0001713,STR-009,CAT-01,2024-11-01,2024,11,1009,431,22024.65,12884.88,1190.0,9139.77
SL-0001714,STR-009,CAT-02,2024-11-01,2024,11,564,263,15037.59,12248.35,895.49,2789.24
SL-0001715,STR-009,CAT-03,2024-11-01,2024,11,650,480,17724.62,10557.05,557.2,7167.57
SL-0001716,STR-009,CAT-04,2024-11-01,2024,11,256,256,8566.03,5731.26,474.35,2834.77
SL-0001717,STR-009,CAT-05,2024-11-01,2024,11,564,295,19802.8,8764.25,1101.56,11038.55
SL-0001718,STR-009,CAT-06,2024-11-01,2024,11,487,248,16597.21,12481.79,517.31,4115.42
SL-0001719,STR-009,CAT-07,2024-11-01,2024,11,965,513,26180.82,15215.94,1532.13,10964.88
SL-0001720,STR-009,CAT-08,2024-11-01,2024,11,396,266,17428.29,11826.06,882.76,5602.23
SL-0001721,STR-009,CAT-01,2024-12-01,2024,12,586,440,25929.23,15536.27,1528.15,10392.96
SL-0001722,STR-009,CAT-02,2024-12-01,2024,12,799,371,27293.63,21745.47,885.02,5548.16
SL-0001723,STR-009,CAT-03,2024-12-01,2024,12,707,389,23502.38,14936.93,672.01,8565.45
SL-0001724,STR-009,CAT-04,2024-12-01,2024,12,186,107,7392.18,4746.08,399.62,2646.1
SL-0001725,STR-009,CAT-05,2024-12-01,2024,12,564,270,19507.97,8742.87,286.95,10765.1
SL-0001726,STR-009,CAT-06,2024-12-01,2024,12,709,354,15797.85,12294.18,699.6,3503.67
SL-0001727,STR-009,CAT-07,2024-12-01,2024,12,1071,733,33855.29,20165.77,1152.27,13689.52
SL-0001728,STR-009,CAT-08,2024-12-01,2024,12,632,289,22650.58,15621.51,1055.62,7029.07
SL-0001729,STR-010,CAT-01,2023-01-01,2023,1,255,175,8811.35,5095.03,423.81,3716.32
SL-0001730,STR-010,CAT-02,2023-01-01,2023,1,418,200,8554.74,7115.05,465.02,1439.69
SL-0001731,STR-010,CAT-03,2023-01-01,2023,1,463,240,13759.1,8820.64,223.84,4938.46
SL-0001732,STR-010,CAT-04,2023-01-01,2023,1,227,172,7633.93,5010.04,96.91,2623.89
SL-0001733,STR-010,CAT-05,2023-01-01,2023,1,952,504,13357.65,6089.45,724.22,7268.2
SL-0001734,STR-010,CAT-06,2023-01-01,2023,1,371,210,9997.24,7776.13,194.22,2221.11
SL-0001735,STR-010,CAT-07,2023-01-01,2023,1,296,160,9640.41,5676.21,425.37,3964.2
SL-0001736,STR-010,CAT-08,2023-01-01,2023,1,338,193,11007.32,7606.51,215.38,3400.81
SL-0001737,STR-010,CAT-01,2023-02-01,2023,2,625,474,16408.85,9604.52,309.09,6804.33
SL-0001738,STR-010,CAT-02,2023-02-01,2023,2,373,216,9075.09,6985.93,368.41,2089.16
SL-0001739,STR-010,CAT-03,2023-02-01,2023,2,456,357,18261.09,10549.22,479.28,7711.87
SL-0001740,STR-010,CAT-04,2023-02-01,2023,2,553,468,10381.56,6519.85,163.04,3861.71
SL-0001741,STR-010,CAT-05,2023-02-01,2023,2,474,303,16969.21,7660.97,804.83,9308.24
SL-0001742,STR-010,CAT-06,2023-02-01,2023,2,431,248,14177.21,10800.62,756.92,3376.59
SL-0001743,STR-010,CAT-07,2023-02-01,2023,2,262,129,6289.13,3546.33,286.31,2742.8
SL-0001744,STR-010,CAT-08,2023-02-01,2023,2,687,337,11849.23,8513.08,481.87,3336.15
SL-0001745,STR-010,CAT-01,2023-03-01,2023,3,120,80,6133.75,3592.83,243.38,2540.92
SL-0001746,STR-010,CAT-02,2023-03-01,2023,3,205,118,6222.12,5279.64,129.17,942.48
SL-0001747,STR-010,CAT-03,2023-03-01,2023,3,210,133,6335.42,3975.41,236.82,2360.01
SL-0001748,STR-010,CAT-04,2023-03-01,2023,3,525,305,12692.89,7976.05,447.66,4716.84
SL-0001749,STR-010,CAT-05,2023-03-01,2023,3,284,142,9541.28,4048.22,149.8,5493.06
SL-0001750,STR-010,CAT-06,2023-03-01,2023,3,350,165,6289.86,4861.06,117.94,1428.8
SL-0001751,STR-010,CAT-07,2023-03-01,2023,3,239,133,7434.52,4274.66,365.72,3159.86
SL-0001752,STR-010,CAT-08,2023-03-01,2023,3,225,131,6581.57,4551.93,354.0,2029.64
SL-0001753,STR-010,CAT-01,2023-04-01,2023,4,402,255,7450.35,4256.01,81.42,3194.34
SL-0001754,STR-010,CAT-02,2023-04-01,2023,4,275,139,10833.73,8915.25,307.77,1918.48
SL-0001755,STR-010,CAT-03,2023-04-01,2023,4,321,157,9224.12,5692.83,147.77,3531.29
SL-0001756,STR-010,CAT-04,2023-04-01,2023,4,253,141,9628.57,6132.77,430.41,3495.8
SL-0001757,STR-010,CAT-05,2023-04-01,2023,4,299,158,8405.02,3674.13,406.24,4730.89
SL-0001758,STR-010,CAT-06,2023-04-01,2023,4,422,251,16621.25,12752.41,612.33,3868.84
SL-0001759,STR-010,CAT-07,2023-04-01,2023,4,239,141,10031.0,5732.93,296.64,4298.07
SL-0001760,STR-010,CAT-08,2023-04-01,2023,4,230,130,6657.57,4556.52,209.57,2101.05
SL-0001761,STR-010,CAT-01,2023-05-01,2023,5,413,240,13006.69,7313.64,708.5,5693.05
SL-0001762,STR-010,CAT-02,2023-05-01,2023,5,802,452,14887.98,11574.82,770.94,3313.16
SL-0001763,STR-010,CAT-03,2023-05-01,2023,5,800,329,15354.2,10023.49,266.94,5330.71
SL-0001764,STR-010,CAT-04,2023-05-01,2023,5,615,335,19500.85,12675.13,881.37,6825.72
SL-0001765,STR-010,CAT-05,2023-05-01,2023,5,440,204,15808.64,7265.53,251.57,8543.11
SL-0001766,STR-010,CAT-06,2023-05-01,2023,5,426,285,12617.5,10021.47,277.74,2596.03
SL-0001767,STR-010,CAT-07,2023-05-01,2023,5,375,189,10576.04,6258.91,473.29,4317.13
SL-0001768,STR-010,CAT-08,2023-05-01,2023,5,617,432,9708.13,6791.49,189.8,2916.64
SL-0001769,STR-010,CAT-01,2023-06-01,2023,6,487,246,12231.53,7103.87,561.0,5127.66
SL-0001770,STR-010,CAT-02,2023-06-01,2023,6,479,218,16127.33,12871.08,837.92,3256.25
SL-0001771,STR-010,CAT-03,2023-06-01,2023,6,501,294,14214.47,8701.38,448.98,5513.09
SL-0001772,STR-010,CAT-04,2023-06-01,2023,6,934,614,17421.43,11110.23,318.2,6311.2
SL-0001773,STR-010,CAT-05,2023-06-01,2023,6,461,244,9308.95,4290.02,404.05,5018.93
SL-0001774,STR-010,CAT-06,2023-06-01,2023,6,228,134,9286.36,7061.19,330.94,2225.17
SL-0001775,STR-010,CAT-07,2023-06-01,2023,6,389,199,7794.38,4735.93,179.07,3058.45
SL-0001776,STR-010,CAT-08,2023-06-01,2023,6,704,392,10935.76,7926.61,485.35,3009.15
SL-0001777,STR-010,CAT-01,2023-07-01,2023,7,357,321,12452.46,7156.97,229.68,5295.49
SL-0001778,STR-010,CAT-02,2023-07-01,2023,7,363,191,8531.78,6861.4,433.68,1670.38
SL-0001779,STR-010,CAT-03,2023-07-01,2023,7,385,201,11332.01,7421.27,495.64,3910.74
SL-0001780,STR-010,CAT-04,2023-07-01,2023,7,1018,501,9817.17,6477.86,246.65,3339.31
SL-0001781,STR-010,CAT-05,2023-07-01,2023,7,382,229,10394.07,4587.2,398.39,5806.87
SL-0001782,STR-010,CAT-06,2023-07-01,2023,7,434,272,15174.52,11957.93,847.17,3216.59
SL-0001783,STR-010,CAT-07,2023-07-01,2023,7,398,315,14110.88,7938.38,467.45,6172.5
SL-0001784,STR-010,CAT-08,2023-07-01,2023,7,530,346,15750.32,10572.85,588.2,5177.47
SL-0001785,STR-010,CAT-01,2023-08-01,2023,8,373,179,11148.24,6381.87,370.7,4766.37
SL-0001786,STR-010,CAT-02,2023-08-01,2023,8,303,196,6875.75,5613.09,335.68,1262.66
SL-0001787,STR-010,CAT-03,2023-08-01,2023,8,348,228,10211.87,6022.84,282.32,4189.03
SL-0001788,STR-010,CAT-04,2023-08-01,2023,8,369,175,8050.96,5398.58,252.74,2652.38
SL-0001789,STR-010,CAT-05,2023-08-01,2023,8,319,179,9472.14,4403.75,527.77,5068.39
SL-0001790,STR-010,CAT-06,2023-08-01,2023,8,242,119,8059.47,6313.36,316.2,1746.11
SL-0001791,STR-010,CAT-07,2023-08-01,2023,8,219,118,7982.06,4699.19,413.42,3282.87
SL-0001792,STR-010,CAT-08,2023-08-01,2023,8,422,200,12023.32,8554.85,202.02,3468.47
SL-0001793,STR-010,CAT-01,2023-09-01,2023,9,292,202,14240.25,8104.95,688.74,6135.3
SL-0001794,STR-010,CAT-02,2023-09-01,2023,9,425,191,10251.83,8673.48,418.25,1578.35
SL-0001795,STR-010,CAT-03,2023-09-01,2023,9,389,261,9087.07,5650.65,112.65,3436.42
SL-0001796,STR-010,CAT-04,2023-09-01,2023,9,1912,1148,15495.59,9790.74,505.18,5704.85
SL-0001797,STR-010,CAT-05,2023-09-01,2023,9,467,254,12775.94,5943.26,407.44,6832.68
SL-0001798,STR-010,CAT-06,2023-09-01,2023,9,423,245,14855.6,11205.07,745.71,3650.53
SL-0001799,STR-010,CAT-07,2023-09-01,2023,9,380,203,12800.54,7437.25,238.89,5363.29
SL-0001800,STR-010,CAT-08,2023-09-01,2023,9,530,335,14544.41,9425.68,623.48,5118.73
SL-0001801,STR-010,CAT-01,2023-10-01,2023,10,529,293,15156.91,8664.97,887.9,6491.94
SL-0001802,STR-010,CAT-02,2023-10-01,2023,10,583,317,10455.24,8375.27,446.51,2079.97
SL-0001803,STR-010,CAT-03,2023-10-01,2023,10,457,225,12571.33,7749.17,462.92,4822.16
SL-0001804,STR-010,CAT-04,2023-10-01,2023,10,756,396,8873.84,5733.13,154.04,3140.71
SL-0001805,STR-010,CAT-05,2023-10-01,2023,10,135,79,5043.85,2216.2,111.36,2827.65
SL-0001806,STR-010,CAT-06,2023-10-01,2023,10,333,151,9838.79,7568.38,133.56,2270.41
SL-0001807,STR-010,CAT-07,2023-10-01,2023,10,395,260,14921.51,8784.11,678.68,6137.4
SL-0001808,STR-010,CAT-08,2023-10-01,2023,10,385,185,15001.57,10496.41,615.62,4505.16
SL-0001809,STR-010,CAT-01,2023-11-01,2023,11,237,92,7871.91,4501.91,346.12,3370.0
SL-0001810,STR-010,CAT-02,2023-11-01,2023,11,727,378,15289.79,12050.34,738.9,3239.45
SL-0001811,STR-010,CAT-03,2023-11-01,2023,11,513,358,15190.24,9652.26,570.22,5537.98
SL-0001812,STR-010,CAT-04,2023-11-01,2023,11,539,373,9042.57,5762.03,429.72,3280.54
SL-0001813,STR-010,CAT-05,2023-11-01,2023,11,328,203,9661.33,4569.43,412.63,5091.9
SL-0001814,STR-010,CAT-06,2023-11-01,2023,11,312,142,12463.33,9598.96,607.82,2864.37
SL-0001815,STR-010,CAT-07,2023-11-01,2023,11,891,448,13159.4,8045.9,701.05,5113.5
SL-0001816,STR-010,CAT-08,2023-11-01,2023,11,571,225,15105.45,10767.87,178.26,4337.58
SL-0001817,STR-010,CAT-01,2023-12-01,2023,12,493,317,14303.23,8005.09,821.38,6298.14
SL-0001818,STR-010,CAT-02,2023-12-01,2023,12,812,512,19762.78,15285.13,504.89,4477.65
SL-0001819,STR-010,CAT-03,2023-12-01,2023,12,478,282,15387.03,9482.16,408.06,5904.87
SL-0001820,STR-010,CAT-04,2023-12-01,2023,12,504,267,10511.58,6213.26,181.27,4298.32
SL-0001821,STR-010,CAT-05,2023-12-01,2023,12,521,308,14979.21,6858.35,221.98,8120.86
SL-0001822,STR-010,CAT-06,2023-12-01,2023,12,609,324,12878.6,9853.81,399.06,3024.79
SL-0001823,STR-010,CAT-07,2023-12-01,2023,12,499,322,11690.36,7046.44,251.1,4643.92
SL-0001824,STR-010,CAT-08,2023-12-01,2023,12,461,195,13403.83,9620.84,185.85,3782.99
SL-0001825,STR-010,CAT-01,2024-01-01,2024,1,397,246,8030.16,4642.66,432.22,3387.5
SL-0001826,STR-010,CAT-02,2024-01-01,2024,1,263,126,8184.65,6491.7,202.76,1692.95
SL-0001827,STR-010,CAT-03,2024-01-01,2024,1,182,107,7610.77,4771.42,379.06,2839.35
SL-0001828,STR-010,CAT-04,2024-01-01,2024,1,551,328,11430.91,7554.31,618.81,3876.6
SL-0001829,STR-010,CAT-05,2024-01-01,2024,1,281,137,7195.65,3392.59,225.53,3803.06
SL-0001830,STR-010,CAT-06,2024-01-01,2024,1,174,97,7726.69,6039.64,426.08,1687.05
SL-0001831,STR-010,CAT-07,2024-01-01,2024,1,181,114,5099.63,3239.14,294.38,1860.49
SL-0001832,STR-010,CAT-08,2024-01-01,2024,1,415,248,11820.52,8129.25,592.51,3691.27
SL-0001833,STR-010,CAT-01,2024-02-01,2024,2,248,171,11089.98,5989.81,402.91,5100.17
SL-0001834,STR-010,CAT-02,2024-02-01,2024,2,472,276,9201.18,7538.29,502.1,1662.89
SL-0001835,STR-010,CAT-03,2024-02-01,2024,2,263,174,9213.21,5811.13,258.58,3402.08
SL-0001836,STR-010,CAT-04,2024-02-01,2024,2,183,113,6625.0,4348.35,84.9,2276.65
SL-0001837,STR-010,CAT-05,2024-02-01,2024,2,181,82,6530.58,3032.91,364.69,3497.67
SL-0001838,STR-010,CAT-06,2024-02-01,2024,2,807,456,7089.07,5577.32,75.34,1511.75
SL-0001839,STR-010,CAT-07,2024-02-01,2024,2,153,95,6311.08,3727.46,227.76,2583.62
SL-0001840,STR-010,CAT-08,2024-02-01,2024,2,298,164,10227.12,6905.0,450.65,3322.12
SL-0001841,STR-010,CAT-01,2024-03-01,2024,3,1224,582,16588.45,9631.61,948.08,6956.84
SL-0001842,STR-010,CAT-02,2024-03-01,2024,3,234,111,8414.11,6856.22,142.16,1557.89
SL-0001843,STR-010,CAT-03,2024-03-01,2024,3,443,242,13699.5,8375.81,672.97,5323.69
SL-0001844,STR-010,CAT-04,2024-03-01,2024,3,441,327,13526.61,9015.85,493.27,4510.76
SL-0001845,STR-010,CAT-05,2024-03-01,2024,3,611,349,13203.17,5827.92,672.61,7375.25
SL-0001846,STR-010,CAT-06,2024-03-01,2024,3,2133,1347,24169.5,18557.15,549.16,5612.35
SL-0001847,STR-010,CAT-07,2024-03-01,2024,3,285,133,7485.06,4563.09,427.35,2921.97
SL-0001848,STR-010,CAT-08,2024-03-01,2024,3,536,333,15820.8,11233.63,792.03,4587.17
SL-0001849,STR-010,CAT-01,2024-04-01,2024,4,744,458,16089.47,9404.44,254.12,6685.03
SL-0001850,STR-010,CAT-02,2024-04-01,2024,4,262,113,7584.82,6263.87,407.06,1320.95
SL-0001851,STR-010,CAT-03,2024-04-01,2024,4,452,258,13968.51,8511.16,234.32,5457.35
SL-0001852,STR-010,CAT-04,2024-04-01,2024,4,608,419,16533.26,10535.3,610.74,5997.96
SL-0001853,STR-010,CAT-05,2024-04-01,2024,4,615,373,14378.5,6402.82,652.29,7975.68
SL-0001854,STR-010,CAT-06,2024-04-01,2024,4,629,315,19300.78,14459.07,981.94,4841.71
SL-0001855,STR-010,CAT-07,2024-04-01,2024,4,732,446,15951.68,9303.64,407.92,6648.04
SL-0001856,STR-010,CAT-08,2024-04-01,2024,4,880,400,19887.68,14650.79,815.76,5236.89
SL-0001857,STR-010,CAT-01,2024-05-01,2024,5,1050,852,18777.92,10553.45,658.22,8224.47
SL-0001858,STR-010,CAT-02,2024-05-01,2024,5,353,169,8740.72,6955.94,215.85,1784.78
SL-0001859,STR-010,CAT-03,2024-05-01,2024,5,630,391,13467.72,8413.92,785.21,5053.8
SL-0001860,STR-010,CAT-04,2024-05-01,2024,5,789,459,24371.08,15183.83,1334.57,9187.25
SL-0001861,STR-010,CAT-05,2024-05-01,2024,5,464,316,14413.61,6400.22,311.46,8013.39
SL-0001862,STR-010,CAT-06,2024-05-01,2024,5,458,248,15830.6,12055.73,391.32,3774.87
SL-0001863,STR-010,CAT-07,2024-05-01,2024,5,536,308,12713.6,7303.13,417.1,5410.47
SL-0001864,STR-010,CAT-08,2024-05-01,2024,5,577,258,14384.48,9756.8,802.29,4627.68
SL-0001865,STR-010,CAT-01,2024-06-01,2024,6,312,162,9623.0,6009.68,163.22,3613.32
SL-0001866,STR-010,CAT-02,2024-06-01,2024,6,168,94,5522.04,4428.5,83.38,1093.54
SL-0001867,STR-010,CAT-03,2024-06-01,2024,6,375,236,13280.05,7673.37,592.35,5606.68
SL-0001868,STR-010,CAT-04,2024-06-01,2024,6,537,266,14484.85,9783.8,311.28,4701.05
SL-0001869,STR-010,CAT-05,2024-06-01,2024,6,411,210,11063.49,5177.14,134.18,5886.35
SL-0001870,STR-010,CAT-06,2024-06-01,2024,6,1050,563,9941.08,7714.94,415.7,2226.14
SL-0001871,STR-010,CAT-07,2024-06-01,2024,6,359,225,10434.22,6434.44,600.46,3999.78
SL-0001872,STR-010,CAT-08,2024-06-01,2024,6,384,380,11770.22,8090.63,254.98,3679.59
SL-0001873,STR-010,CAT-01,2024-07-01,2024,7,390,189,12426.05,6904.35,201.68,5521.7
SL-0001874,STR-010,CAT-02,2024-07-01,2024,7,318,168,10247.49,8326.75,564.16,1920.74
SL-0001875,STR-010,CAT-03,2024-07-01,2024,7,174,105,7455.92,4538.01,404.68,2917.91
SL-0001876,STR-010,CAT-04,2024-07-01,2024,7,734,490,9040.39,5700.39,191.2,3340.0
SL-0001877,STR-010,CAT-05,2024-07-01,2024,7,279,217,9587.01,4108.18,236.76,5478.83
SL-0001878,STR-010,CAT-06,2024-07-01,2024,7,459,231,12511.13,10006.64,155.28,2504.49
SL-0001879,STR-010,CAT-07,2024-07-01,2024,7,437,209,6213.27,3639.97,242.29,2573.3
SL-0001880,STR-010,CAT-08,2024-07-01,2024,7,469,283,10734.0,7515.25,546.45,3218.75
SL-0001881,STR-010,CAT-01,2024-08-01,2024,8,216,119,6810.42,3965.89,233.32,2844.53
SL-0001882,STR-010,CAT-02,2024-08-01,2024,8,408,232,13797.9,11446.3,350.07,2351.6
SL-0001883,STR-010,CAT-03,2024-08-01,2024,8,346,167,8005.98,5261.79,131.94,2744.19
SL-0001884,STR-010,CAT-04,2024-08-01,2024,8,212,121,7440.24,5190.94,209.04,2249.3
SL-0001885,STR-010,CAT-05,2024-08-01,2024,8,287,182,9315.87,4089.9,257.93,5225.97
SL-0001886,STR-010,CAT-06,2024-08-01,2024,8,395,202,10596.11,8336.82,309.41,2259.29
SL-0001887,STR-010,CAT-07,2024-08-01,2024,8,230,117,8046.22,4830.41,151.54,3215.81
SL-0001888,STR-010,CAT-08,2024-08-01,2024,8,588,314,12892.69,8489.65,268.45,4403.04
SL-0001889,STR-010,CAT-01,2024-09-01,2024,9,743,318,17890.32,10596.47,227.16,7293.85
SL-0001890,STR-010,CAT-02,2024-09-01,2024,9,207,115,8336.37,6508.91,403.46,1827.46
SL-0001891,STR-010,CAT-03,2024-09-01,2024,9,450,217,9492.66,5715.71,133.32,3776.95
SL-0001892,STR-010,CAT-04,2024-09-01,2024,9,417,201,11257.18,7221.72,414.29,4035.46
SL-0001893,STR-010,CAT-05,2024-09-01,2024,9,324,187,8459.04,3885.76,341.8,4573.28
SL-0001894,STR-010,CAT-06,2024-09-01,2024,9,655,327,12430.97,9608.91,254.41,2822.06
SL-0001895,STR-010,CAT-07,2024-09-01,2024,9,535,264,16055.6,9662.12,192.39,6393.48
SL-0001896,STR-010,CAT-08,2024-09-01,2024,9,662,371,17287.69,11864.44,619.96,5423.25
SL-0001897,STR-010,CAT-01,2024-10-01,2024,10,605,364,22062.42,12792.38,550.83,9270.04
SL-0001898,STR-010,CAT-02,2024-10-01,2024,10,601,345,20456.57,16669.27,1022.03,3787.3
SL-0001899,STR-010,CAT-03,2024-10-01,2024,10,228,121,8353.84,5307.98,120.05,3045.86
SL-0001900,STR-010,CAT-04,2024-10-01,2024,10,479,272,14868.28,10066.62,683.43,4801.66
SL-0001901,STR-010,CAT-05,2024-10-01,2024,10,594,279,17248.0,7595.21,450.86,9652.79
SL-0001902,STR-010,CAT-06,2024-10-01,2024,10,575,286,13304.18,10349.72,572.2,2954.46
SL-0001903,STR-010,CAT-07,2024-10-01,2024,10,511,272,16298.22,9217.63,267.62,7080.59
SL-0001904,STR-010,CAT-08,2024-10-01,2024,10,573,423,16684.25,12377.42,570.23,4306.83
SL-0001905,STR-010,CAT-01,2024-11-01,2024,11,951,427,20182.02,11883.25,1204.15,8298.77
SL-0001906,STR-010,CAT-02,2024-11-01,2024,11,1053,690,26017.98,21091.83,1099.33,4926.15
SL-0001907,STR-010,CAT-03,2024-11-01,2024,11,453,238,13247.96,7950.57,163.2,5297.39
SL-0001908,STR-010,CAT-04,2024-11-01,2024,11,358,258,13249.33,8946.95,504.84,4302.38
SL-0001909,STR-010,CAT-05,2024-11-01,2024,11,606,317,14269.04,6269.88,565.72,7999.16
SL-0001910,STR-010,CAT-06,2024-11-01,2024,11,1056,548,14567.53,10717.22,335.15,3850.31
SL-0001911,STR-010,CAT-07,2024-11-01,2024,11,1382,718,20132.34,12120.44,514.19,8011.9
SL-0001912,STR-010,CAT-08,2024-11-01,2024,11,617,356,14083.43,10062.83,730.08,4020.6
SL-0001913,STR-010,CAT-01,2024-12-01,2024,12,545,407,17744.66,9963.17,934.48,7781.49
SL-0001914,STR-010,CAT-02,2024-12-01,2024,12,525,270,15203.7,12710.59,384.79,2493.11
SL-0001915,STR-010,CAT-03,2024-12-01,2024,12,405,189,12706.89,7667.46,653.13,5039.43
SL-0001916,STR-010,CAT-04,2024-12-01,2024,12,335,212,10847.73,7387.61,215.85,3460.12
SL-0001917,STR-010,CAT-05,2024-12-01,2024,12,496,226,9708.43,4319.75,320.92,5388.68
SL-0001918,STR-010,CAT-06,2024-12-01,2024,12,589,338,11180.04,8767.28,128.39,2412.76
SL-0001919,STR-010,CAT-07,2024-12-01,2024,12,930,655,25468.15,16272.92,447.92,9195.23
SL-0001920,STR-010,CAT-08,2024-12-01,2024,12,384,179,10906.85,7459.66,295.06,3447.19
SL-0001921,STR-011,CAT-01,2023-01-01,2023,1,909,751,32810.36,18415.03,1874.46,14395.33
SL-0001922,STR-011,CAT-02,2023-01-01,2023,1,782,392,24991.34,20446.52,549.82,4544.82
SL-0001923,STR-011,CAT-03,2023-01-01,2023,1,1168,667,32700.44,19566.03,1730.97,13134.41
SL-0001924,STR-011,CAT-04,2023-01-01,2023,1,1317,648,37495.35,23633.39,694.29,13861.96
SL-0001925,STR-011,CAT-05,2023-01-01,2023,1,797,709,19248.9,8375.73,580.69,10873.17
SL-0001926,STR-011,CAT-06,2023-01-01,2023,1,1013,578,30585.31,22672.46,981.19,7912.85
SL-0001927,STR-011,CAT-07,2023-01-01,2023,1,752,482,16223.5,9977.45,720.93,6246.05
SL-0001928,STR-011,CAT-08,2023-01-01,2023,1,1840,1506,34018.73,23174.44,437.12,10844.29
SL-0001929,STR-011,CAT-01,2023-02-01,2023,2,1585,774,27053.39,15042.69,363.56,12010.7
SL-0001930,STR-011,CAT-02,2023-02-01,2023,2,736,332,18740.94,16357.03,798.39,2383.91
SL-0001931,STR-011,CAT-03,2023-02-01,2023,2,1074,549,35370.19,21731.92,1666.84,13638.27
SL-0001932,STR-011,CAT-04,2023-02-01,2023,2,694,416,26444.45,17133.41,954.81,9311.04
SL-0001933,STR-011,CAT-05,2023-02-01,2023,2,852,372,26715.5,12334.41,597.23,14381.09
SL-0001934,STR-011,CAT-06,2023-02-01,2023,2,992,588,27333.55,21621.77,1415.82,5711.78
SL-0001935,STR-011,CAT-07,2023-02-01,2023,2,468,224,17715.47,10938.21,289.75,6777.26
SL-0001936,STR-011,CAT-08,2023-02-01,2023,2,1056,857,28013.74,20556.07,625.81,7457.67
SL-0001937,STR-011,CAT-01,2023-03-01,2023,3,956,682,28640.76,17033.17,1197.89,11607.59
SL-0001938,STR-011,CAT-02,2023-03-01,2023,3,441,235,18428.09,14032.84,1077.36,4395.25
SL-0001939,STR-011,CAT-03,2023-03-01,2023,3,1307,886,26909.7,16677.9,553.21,10231.8
SL-0001940,STR-011,CAT-04,2023-03-01,2023,3,899,407,23043.04,14823.54,1202.22,8219.5
SL-0001941,STR-011,CAT-05,2023-03-01,2023,3,912,541,23543.9,10452.01,877.08,13091.89
SL-0001942,STR-011,CAT-06,2023-03-01,2023,3,1012,744,17500.83,13244.81,303.34,4256.02
SL-0001943,STR-011,CAT-07,2023-03-01,2023,3,915,482,21648.47,13861.65,585.1,7786.82
SL-0001944,STR-011,CAT-08,2023-03-01,2023,3,1269,717,24483.75,16427.63,1381.41,8056.12
SL-0001945,STR-011,CAT-01,2023-04-01,2023,4,678,362,32082.65,18193.11,440.14,13889.54
SL-0001946,STR-011,CAT-02,2023-04-01,2023,4,969,664,30773.33,24548.44,1778.54,6224.89
SL-0001947,STR-011,CAT-03,2023-04-01,2023,4,1033,745,30692.29,19808.97,646.24,10883.32
SL-0001948,STR-011,CAT-04,2023-04-01,2023,4,1956,884,48941.61,32045.63,734.12,16895.98
SL-0001949,STR-011,CAT-05,2023-04-01,2023,4,1754,821,29481.14,13678.81,807.97,15802.33
SL-0001950,STR-011,CAT-06,2023-04-01,2023,4,1904,964,50658.01,39907.58,2951.42,10750.43
SL-0001951,STR-011,CAT-07,2023-04-01,2023,4,4894,3279,39897.88,24028.09,1067.62,15869.79
SL-0001952,STR-011,CAT-08,2023-04-01,2023,4,957,485,32849.01,23136.36,1199.29,9712.65
SL-0001953,STR-011,CAT-01,2023-05-01,2023,5,746,358,17627.25,10869.57,910.03,6757.68
SL-0001954,STR-011,CAT-02,2023-05-01,2023,5,1847,890,10101.85,8138.47,545.25,1963.38
SL-0001955,STR-011,CAT-03,2023-05-01,2023,5,1091,574,24337.49,14642.11,1362.08,9695.38
SL-0001956,STR-011,CAT-04,2023-05-01,2023,5,720,345,17879.38,12326.39,889.71,5552.99
SL-0001957,STR-011,CAT-05,2023-05-01,2023,5,993,384,27800.41,12696.96,1139.03,15103.45
SL-0001958,STR-011,CAT-06,2023-05-01,2023,5,1132,592,25623.87,20499.77,1319.86,5124.1
SL-0001959,STR-011,CAT-07,2023-05-01,2023,5,443,192,13943.03,8271.87,219.32,5671.16
SL-0001960,STR-011,CAT-08,2023-05-01,2023,5,1058,468,23023.42,15597.08,1082.28,7426.34
SL-0001961,STR-011,CAT-01,2023-06-01,2023,6,1751,766,43037.6,25009.1,2522.35,18028.5
SL-0001962,STR-011,CAT-02,2023-06-01,2023,6,737,453,28532.67,22588.44,675.81,5944.23
SL-0001963,STR-011,CAT-03,2023-06-01,2023,6,1075,642,35564.55,22169.06,851.34,13395.49
SL-0001964,STR-011,CAT-04,2023-06-01,2023,6,1698,881,42737.21,28884.16,1674.0,13853.05
SL-0001965,STR-011,CAT-05,2023-06-01,2023,6,1706,925,38640.12,17289.74,1708.59,21350.38
SL-0001966,STR-011,CAT-06,2023-06-01,2023,6,1414,851,26288.09,21742.12,420.74,4545.97
SL-0001967,STR-011,CAT-07,2023-06-01,2023,6,1644,1191,37577.73,21331.41,1346.93,16246.32
SL-0001968,STR-011,CAT-08,2023-06-01,2023,6,992,510,29619.89,19369.09,1270.52,10250.8
SL-0001969,STR-011,CAT-01,2023-07-01,2023,7,1264,643,39715.47,22118.24,591.8,17597.23
SL-0001970,STR-011,CAT-02,2023-07-01,2023,7,1615,745,33092.57,26425.05,361.11,6667.52
SL-0001971,STR-011,CAT-03,2023-07-01,2023,7,1288,665,36224.12,23316.61,1339.71,12907.51
SL-0001972,STR-011,CAT-04,2023-07-01,2023,7,2408,1321,43468.35,27493.74,1480.35,15974.61
SL-0001973,STR-011,CAT-05,2023-07-01,2023,7,872,542,28404.76,12304.84,1579.02,16099.92
SL-0001974,STR-011,CAT-06,2023-07-01,2023,7,965,516,22364.0,17761.62,849.61,4602.38
SL-0001975,STR-011,CAT-07,2023-07-01,2023,7,765,367,22332.39,13767.7,827.95,8564.69
SL-0001976,STR-011,CAT-08,2023-07-01,2023,7,678,371,21623.45,14688.23,278.48,6935.22
SL-0001977,STR-011,CAT-01,2023-08-01,2023,8,3097,1635,31283.08,18551.01,1405.91,12732.07
SL-0001978,STR-011,CAT-02,2023-08-01,2023,8,1399,837,40681.14,32277.56,1610.49,8403.58
SL-0001979,STR-011,CAT-03,2023-08-01,2023,8,863,505,23088.72,14911.9,1368.02,8176.82
SL-0001980,STR-011,CAT-04,2023-08-01,2023,8,1439,773,25520.96,16552.03,661.96,8968.93
SL-0001981,STR-011,CAT-05,2023-08-01,2023,8,838,351,27874.14,12470.8,701.06,15403.34
SL-0001982,STR-011,CAT-06,2023-08-01,2023,8,1295,700,49867.98,40279.17,2931.02,9588.81
SL-0001983,STR-011,CAT-07,2023-08-01,2023,8,880,400,33613.68,20437.14,1436.03,13176.54
SL-0001984,STR-011,CAT-08,2023-08-01,2023,8,1519,939,50782.73,35845.09,2058.66,14937.64
SL-0001985,STR-011,CAT-01,2023-09-01,2023,9,327,161,11668.95,6664.39,389.42,5004.56
SL-0001986,STR-011,CAT-02,2023-09-01,2023,9,579,307,20640.62,16534.54,1191.47,4106.08
SL-0001987,STR-011,CAT-03,2023-09-01,2023,9,485,200,16659.15,10210.2,797.42,6448.95
SL-0001988,STR-011,CAT-04,2023-09-01,2023,9,292,144,10953.96,6743.11,444.85,4210.85
SL-0001989,STR-011,CAT-05,2023-09-01,2023,9,1339,718,23500.37,10914.91,268.36,12585.46
SL-0001990,STR-011,CAT-06,2023-09-01,2023,9,439,229,19798.94,16339.72,339.95,3459.22
SL-0001991,STR-011,CAT-07,2023-09-01,2023,9,538,311,16055.43,9393.98,491.1,6661.45
SL-0001992,STR-011,CAT-08,2023-09-01,2023,9,1800,1256,30671.34,20817.54,849.7,9853.8
SL-0001993,STR-011,CAT-01,2023-10-01,2023,10,1291,777,35752.84,19875.55,1798.55,15877.29
SL-0001994,STR-011,CAT-02,2023-10-01,2023,10,2101,1308,31247.34,25869.6,1694.81,5377.74
SL-0001995,STR-011,CAT-03,2023-10-01,2023,10,739,584,26595.38,16713.74,817.51,9881.64
SL-0001996,STR-011,CAT-04,2023-10-01,2023,10,539,304,17602.98,11156.43,584.09,6446.55
SL-0001997,STR-011,CAT-05,2023-10-01,2023,10,780,441,28104.45,13069.16,1315.41,15035.29
SL-0001998,STR-011,CAT-06,2023-10-01,2023,10,1406,760,31018.45,25310.9,1539.98,5707.55
SL-0001999,STR-011,CAT-07,2023-10-01,2023,10,1198,705,27504.04,15856.09,369.9,11647.95
SL-0002000,STR-011,CAT-08,2023-10-01,2023,10,1260,791,41924.95,29935.46,611.84,11989.49
SL-0002001,STR-011,CAT-01,2023-11-01,2023,11,1097,838,33302.7,18798.55,1922.95,14504.15
SL-0002002,STR-011,CAT-02,2023-11-01,2023,11,771,463,33586.23,27216.68,1007.72,6369.55
SL-0002003,STR-011,CAT-03,2023-11-01,2023,11,719,401,26480.54,16644.7,612.87,9835.84
SL-0002004,STR-011,CAT-04,2023-11-01,2023,11,1511,761,27039.81,17981.74,694.98,9058.07
SL-0002005,STR-011,CAT-05,2023-11-01,2023,11,546,315,22454.79,9921.18,635.16,12533.61
SL-0002006,STR-011,CAT-06,2023-11-01,2023,11,852,418,26381.31,20256.08,721.34,6125.23
SL-0002007,STR-011,CAT-07,2023-11-01,2023,11,1122,570,49909.0,29063.84,2597.87,20845.16
SL-0002008,STR-011,CAT-08,2023-11-01,2023,11,1076,556,24802.29,17403.86,553.01,7398.43
SL-0002009,STR-011,CAT-01,2023-12-01,2023,12,3019,1486,46807.31,27677.32,1278.66,19129.99
SL-0002010,STR-011,CAT-02,2023-12-01,2023,12,1646,759,45675.82,36435.03,2388.81,9240.79
SL-0002011,STR-011,CAT-03,2023-12-01,2023,12,2503,1153,37784.9,23712.81,626.41,14072.09
SL-0002012,STR-011,CAT-04,2023-12-01,2023,12,792,446,15440.94,10499.22,362.23,4941.72
SL-0002013,STR-011,CAT-05,2023-12-01,2023,12,1138,988,40734.75,18392.24,881.08,22342.51
SL-0002014,STR-011,CAT-06,2023-12-01,2023,12,1284,999,35526.89,26979.23,2078.08,8547.66
SL-0002015,STR-011,CAT-07,2023-12-01,2023,12,2003,975,49926.52,29785.05,2595.82,20141.47
SL-0002016,STR-011,CAT-08,2023-12-01,2023,12,920,463,22778.9,16388.48,498.61,6390.42
SL-0002017,STR-011,CAT-01,2024-01-01,2024,1,1636,802,29325.16,16672.15,1053.31,12653.01
SL-0002018,STR-011,CAT-02,2024-01-01,2024,1,2380,1198,20901.61,17719.51,1241.76,3182.1
SL-0002019,STR-011,CAT-03,2024-01-01,2024,1,512,245,13322.88,8009.62,145.18,5313.26
SL-0002020,STR-011,CAT-04,2024-01-01,2024,1,826,567,31015.43,19586.18,1170.13,11429.25
SL-0002021,STR-011,CAT-05,2024-01-01,2024,1,1244,776,30869.45,13368.13,1047.59,17501.32
SL-0002022,STR-011,CAT-06,2024-01-01,2024,1,428,219,16483.24,12127.63,299.54,4355.61
SL-0002023,STR-011,CAT-07,2024-01-01,2024,1,525,280,11863.44,7347.46,195.11,4515.98
SL-0002024,STR-011,CAT-08,2024-01-01,2024,1,837,456,19710.1,13635.57,488.42,6074.53
SL-0002025,STR-011,CAT-01,2024-02-01,2024,2,1244,868,30322.77,16978.35,613.74,13344.42
SL-0002026,STR-011,CAT-02,2024-02-01,2024,2,531,274,20357.08,17257.13,868.75,3099.95
SL-0002027,STR-011,CAT-03,2024-02-01,2024,2,1012,636,36187.31,23433.05,933.83,12754.26
SL-0002028,STR-011,CAT-04,2024-02-01,2024,2,875,451,42016.43,26710.03,2462.29,15306.4
SL-0002029,STR-011,CAT-05,2024-02-01,2024,2,2053,1411,35348.58,16733.29,421.09,18615.29
SL-0002030,STR-011,CAT-06,2024-02-01,2024,2,797,470,29070.41,23608.72,732.36,5461.69
SL-0002031,STR-011,CAT-07,2024-02-01,2024,2,411,259,17187.18,10226.03,979.35,6961.15
SL-0002032,STR-011,CAT-08,2024-02-01,2024,2,1057,553,23128.29,15815.35,860.05,7312.94
SL-0002033,STR-011,CAT-01,2024-03-01,2024,3,1314,1058,24237.17,13738.34,378.52,10498.83
SL-0002034,STR-011,CAT-02,2024-03-01,2024,3,579,299,22905.49,18458.44,770.61,4447.05
SL-0002035,STR-011,CAT-03,2024-03-01,2024,3,790,352,30954.45,19162.96,311.85,11791.49
SL-0002036,STR-011,CAT-04,2024-03-01,2024,3,925,525,28401.03,19149.69,1291.12,9251.34
SL-0002037,STR-011,CAT-05,2024-03-01,2024,3,1331,861,28886.55,13109.43,1037.96,15777.12
SL-0002038,STR-011,CAT-06,2024-03-01,2024,3,676,394,21610.37,16885.34,383.27,4725.03
SL-0002039,STR-011,CAT-07,2024-03-01,2024,3,572,276,14581.47,9206.64,505.98,5374.83
SL-0002040,STR-011,CAT-08,2024-03-01,2024,3,750,499,28455.42,19699.36,1639.43,8756.06
SL-0002041,STR-011,CAT-01,2024-04-01,2024,4,1241,687,29321.35,17723.37,409.94,11597.98
SL-0002042,STR-011,CAT-02,2024-04-01,2024,4,492,405,18455.9,14625.06,637.43,3830.84
SL-0002043,STR-011,CAT-03,2024-04-01,2024,4,1672,774,30198.87,18868.45,1299.44,11330.42
SL-0002044,STR-011,CAT-04,2024-04-01,2024,4,1742,987,37264.66,24670.48,471.1,12594.18
SL-0002045,STR-011,CAT-05,2024-04-01,2024,4,1104,626,23062.47,10632.36,521.62,12430.11
SL-0002046,STR-011,CAT-06,2024-04-01,2024,4,1908,1143,29343.36,23160.97,1555.81,6182.39
SL-0002047,STR-011,CAT-07,2024-04-01,2024,4,857,358,26306.32,16153.16,434.97,10153.16
SL-0002048,STR-011,CAT-08,2024-04-01,2024,4,586,378,23880.55,16534.26,388.33,7346.29
SL-0002049,STR-011,CAT-01,2024-05-01,2024,5,577,419,24581.2,14294.15,636.28,10287.05
SL-0002050,STR-011,CAT-02,2024-05-01,2024,5,893,697,26109.43,21072.31,1541.07,5037.12
SL-0002051,STR-011,CAT-03,2024-05-01,2024,5,694,572,25115.02,15461.47,1452.52,9653.55
SL-0002052,STR-011,CAT-04,2024-05-01,2024,5,1348,794,36337.09,23746.85,1604.83,12590.24
SL-0002053,STR-011,CAT-05,2024-05-01,2024,5,1138,593,27582.83,12862.08,851.08,14720.75
SL-0002054,STR-011,CAT-06,2024-05-01,2024,5,588,258,17308.71,13982.37,1009.62,3326.34
SL-0002055,STR-011,CAT-07,2024-05-01,2024,5,791,500,29182.74,17779.76,791.68,11402.98
SL-0002056,STR-011,CAT-08,2024-05-01,2024,5,812,491,21927.2,15354.16,1315.2,6573.04
SL-0002057,STR-011,CAT-01,2024-06-01,2024,6,735,390,22035.12,13033.09,566.81,9002.03
SL-0002058,STR-011,CAT-02,2024-06-01,2024,6,990,430,31208.49,25534.36,1303.29,5674.13
SL-0002059,STR-011,CAT-03,2024-06-01,2024,6,1444,746,30958.99,18319.13,1845.81,12639.86
SL-0002060,STR-011,CAT-04,2024-06-01,2024,6,971,592,39879.27,25938.25,729.96,13941.02
SL-0002061,STR-011,CAT-05,2024-06-01,2024,6,1002,610,21159.51,9453.03,866.71,11706.48
SL-0002062,STR-011,CAT-06,2024-06-01,2024,6,839,397,27100.4,21567.26,502.76,5533.14
SL-0002063,STR-011,CAT-07,2024-06-01,2024,6,662,373,21367.22,12799.74,454.23,8567.48
SL-0002064,STR-011,CAT-08,2024-06-01,2024,6,1447,1189,28212.34,19477.44,1000.62,8734.9
SL-0002065,STR-011,CAT-01,2024-07-01,2024,7,1220,940,30333.79,17563.94,1783.16,12769.85
SL-0002066,STR-011,CAT-02,2024-07-01,2024,7,2122,973,41464.83,33621.41,836.86,7843.42
SL-0002067,STR-011,CAT-03,2024-07-01,2024,7,1273,630,37423.9,23103.64,1835.61,14320.26
SL-0002068,STR-011,CAT-04,2024-07-01,2024,7,1890,1491,32666.57,20349.57,1668.43,12317.0
SL-0002069,STR-011,CAT-05,2024-07-01,2024,7,900,525,20434.51,9312.91,1006.89,11121.6
SL-0002070,STR-011,CAT-06,2024-07-01,2024,7,1148,630,21956.44,18251.51,1037.64,3704.93
SL-0002071,STR-011,CAT-07,2024-07-01,2024,7,964,529,17622.0,10033.46,930.32,7588.54
SL-0002072,STR-011,CAT-08,2024-07-01,2024,7,1953,917,36929.59,25361.08,2014.28,11568.51
SL-0002073,STR-011,CAT-01,2024-08-01,2024,8,741,399,20910.49,12206.87,573.42,8703.62
SL-0002074,STR-011,CAT-02,2024-08-01,2024,8,675,316,18034.28,13636.24,257.2,4398.04
SL-0002075,STR-011,CAT-03,2024-08-01,2024,8,352,184,11850.86,7159.7,356.64,4691.16
SL-0002076,STR-011,CAT-04,2024-08-01,2024,8,369,211,13173.01,8745.61,305.07,4427.4
SL-0002077,STR-011,CAT-05,2024-08-01,2024,8,427,231,14255.87,6070.0,254.35,8185.87
SL-0002078,STR-011,CAT-06,2024-08-01,2024,8,546,420,18909.71,15025.11,890.4,3884.6
SL-0002079,STR-011,CAT-07,2024-08-01,2024,8,458,284,15225.51,9229.26,372.77,5996.25
SL-0002080,STR-011,CAT-08,2024-08-01,2024,8,491,348,14323.36,10219.86,718.8,4103.5
SL-0002081,STR-011,CAT-01,2024-09-01,2024,9,1157,640,36153.97,20809.93,405.47,15344.04
SL-0002082,STR-011,CAT-02,2024-09-01,2024,9,867,447,20637.09,16370.12,381.82,4266.97
SL-0002083,STR-011,CAT-03,2024-09-01,2024,9,826,459,16121.75,10198.36,524.45,5923.39
SL-0002084,STR-011,CAT-04,2024-09-01,2024,9,722,362,25238.57,16190.28,1405.88,9048.29
SL-0002085,STR-011,CAT-05,2024-09-01,2024,9,913,437,26982.79,12530.22,312.45,14452.57
SL-0002086,STR-011,CAT-06,2024-09-01,2024,9,527,327,16028.69,11990.52,809.13,4038.17
SL-0002087,STR-011,CAT-07,2024-09-01,2024,9,892,439,21412.68,12893.6,227.91,8519.08
SL-0002088,STR-011,CAT-08,2024-09-01,2024,9,818,477,32632.42,22991.46,1196.01,9640.96
SL-0002089,STR-011,CAT-01,2024-10-01,2024,10,601,321,22244.72,13345.73,514.95,8898.99
SL-0002090,STR-011,CAT-02,2024-10-01,2024,10,1365,725,29175.1,24376.18,1625.71,4798.92
SL-0002091,STR-011,CAT-03,2024-10-01,2024,10,819,405,20936.76,13163.81,758.46,7772.95
SL-0002092,STR-011,CAT-04,2024-10-01,2024,10,796,526,24236.55,16290.72,1195.49,7945.83
SL-0002093,STR-011,CAT-05,2024-10-01,2024,10,491,282,15360.7,6834.04,440.43,8526.66
SL-0002094,STR-011,CAT-06,2024-10-01,2024,10,622,260,24188.35,18216.87,941.43,5971.48
SL-0002095,STR-011,CAT-07,2024-10-01,2024,10,687,363,22452.49,13457.55,931.55,8994.94
SL-0002096,STR-011,CAT-08,2024-10-01,2024,10,1365,737,38054.83,26049.38,558.98,12005.45
SL-0002097,STR-011,CAT-01,2024-11-01,2024,11,1283,600,41057.96,24073.27,1735.23,16984.69
SL-0002098,STR-011,CAT-02,2024-11-01,2024,11,1497,851,63143.75,50397.93,3111.61,12745.82
SL-0002099,STR-011,CAT-03,2024-11-01,2024,11,6157,3270,32912.67,21246.05,1034.13,11666.62
SL-0002100,STR-011,CAT-04,2024-11-01,2024,11,771,428,18343.7,12188.18,734.31,6155.52
SL-0002101,STR-011,CAT-05,2024-11-01,2024,11,916,396,37294.38,17653.89,1002.69,19640.49
SL-0002102,STR-011,CAT-06,2024-11-01,2024,11,709,315,32961.54,25649.7,1479.71,7311.84
SL-0002103,STR-011,CAT-07,2024-11-01,2024,11,2095,909,37647.55,22582.4,875.23,15065.15
SL-0002104,STR-011,CAT-08,2024-11-01,2024,11,1721,697,39554.53,28973.96,2136.06,10580.57
SL-0002105,STR-011,CAT-01,2024-12-01,2024,12,1962,1077,33552.34,20328.1,1123.11,13224.24
SL-0002106,STR-011,CAT-02,2024-12-01,2024,12,2259,1024,56322.3,45950.86,2142.08,10371.44
SL-0002107,STR-011,CAT-03,2024-12-01,2024,12,710,310,26159.33,16669.35,839.09,9489.98
SL-0002108,STR-011,CAT-04,2024-12-01,2024,12,807,476,23334.41,14414.49,1172.39,8919.92
SL-0002109,STR-011,CAT-05,2024-12-01,2024,12,1546,932,59216.6,27343.58,2254.8,31873.02
SL-0002110,STR-011,CAT-06,2024-12-01,2024,12,1338,800,35000.21,26565.82,1678.28,8434.39
SL-0002111,STR-011,CAT-07,2024-12-01,2024,12,6087,2266,65475.13,38561.82,1490.35,26913.31
SL-0002112,STR-011,CAT-08,2024-12-01,2024,12,1020,436,26606.9,18797.85,1580.64,7809.05
SL-0002113,STR-012,CAT-01,2023-01-01,2023,1,900,577,21611.79,12868.1,955.42,8743.69
SL-0002114,STR-012,CAT-02,2023-01-01,2023,1,576,309,13028.59,10574.4,585.07,2454.19
SL-0002115,STR-012,CAT-03,2023-01-01,2023,1,272,174,10508.83,6066.41,192.9,4442.42
SL-0002116,STR-012,CAT-04,2023-01-01,2023,1,948,447,22202.65,14615.48,1317.2,7587.17
SL-0002117,STR-012,CAT-05,2023-01-01,2023,1,857,500,24144.68,10671.92,1249.93,13472.76
SL-0002118,STR-012,CAT-06,2023-01-01,2023,1,572,431,15707.25,12680.63,461.09,3026.62
SL-0002119,STR-012,CAT-07,2023-01-01,2023,1,523,295,10384.4,6141.26,482.7,4243.14
SL-0002120,STR-012,CAT-08,2023-01-01,2023,1,1496,840,27535.49,19848.74,1156.62,7686.75
SL-0002121,STR-012,CAT-01,2023-02-01,2023,2,485,307,13151.45,7911.46,712.93,5239.99
SL-0002122,STR-012,CAT-02,2023-02-01,2023,2,349,206,11396.0,9029.12,295.18,2366.88
SL-0002123,STR-012,CAT-03,2023-02-01,2023,2,351,177,10226.63,6455.58,471.09,3771.05
SL-0002124,STR-012,CAT-04,2023-02-01,2023,2,677,367,11349.11,7636.76,599.67,3712.35
SL-0002125,STR-012,CAT-05,2023-02-01,2023,2,418,242,10933.99,5295.17,233.41,5638.82
SL-0002126,STR-012,CAT-06,2023-02-01,2023,2,1212,690,14438.93,11453.78,837.21,2985.15
SL-0002127,STR-012,CAT-07,2023-02-01,2023,2,907,601,12875.93,8058.41,496.32,4817.52
SL-0002128,STR-012,CAT-08,2023-02-01,2023,2,359,238,11777.76,7862.56,530.76,3915.2
SL-0002129,STR-012,CAT-01,2023-03-01,2023,3,587,334,18131.4,10798.74,691.57,7332.66
SL-0002130,STR-012,CAT-02,2023-03-01,2023,3,1190,1196,20186.28,16597.12,402.06,3589.16
SL-0002131,STR-012,CAT-03,2023-03-01,2023,3,1410,885,23140.4,13744.53,439.15,9395.87
SL-0002132,STR-012,CAT-04,2023-03-01,2023,3,1737,1055,19241.43,11801.71,888.8,7439.72
SL-0002133,STR-012,CAT-05,2023-03-01,2023,3,891,449,20711.21,9608.59,1071.98,11102.62
SL-0002134,STR-012,CAT-06,2023-03-01,2023,3,627,270,14864.29,10706.89,428.71,4157.4
SL-0002135,STR-012,CAT-07,2023-03-01,2023,3,578,410,14580.62,9025.33,306.73,5555.29
SL-0002136,STR-012,CAT-08,2023-03-01,2023,3,602,374,20423.44,14536.23,972.97,5887.21
SL-0002137,STR-012,CAT-01,2023-04-01,2023,4,861,531,21084.68,12581.32,1170.34,8503.36
SL-0002138,STR-012,CAT-02,2023-04-01,2023,4,443,242,13471.07,11348.37,763.25,2122.7
SL-0002139,STR-012,CAT-03,2023-04-01,2023,4,720,356,22310.96,14107.01,1018.33,8203.95
SL-0002140,STR-012,CAT-04,2023-04-01,2023,4,523,250,18735.34,12225.03,792.89,6510.31
SL-0002141,STR-012,CAT-05,2023-04-01,2023,4,337,217,10386.88,4566.77,118.29,5820.11
SL-0002142,STR-012,CAT-06,2023-04-01,2023,4,606,447,18115.72,13693.92,533.71,4421.8
SL-0002143,STR-012,CAT-07,2023-04-01,2023,4,221,127,9489.54,5333.6,142.87,4155.94
SL-0002144,STR-012,CAT-08,2023-04-01,2023,4,651,237,15087.48,9885.6,719.75,5201.88
SL-0002145,STR-012,CAT-01,2023-05-01,2023,5,2150,1017,21212.03,12513.05,760.28,8698.98
SL-0002146,STR-012,CAT-02,2023-05-01,2023,5,962,480,26656.2,23741.41,807.54,2914.79
SL-0002147,STR-012,CAT-03,2023-05-01,2023,5,918,452,25730.63,16167.58,643.17,9563.05
SL-0002148,STR-012,CAT-04,2023-05-01,2023,5,1010,610,38125.84,25064.01,664.7,13061.83
SL-0002149,STR-012,CAT-05,2023-05-01,2023,5,1205,599,30685.92,13259.2,1650.65,17426.72
SL-0002150,STR-012,CAT-06,2023-05-01,2023,5,1242,872,19965.24,15581.22,615.04,4384.02
SL-0002151,STR-012,CAT-07,2023-05-01,2023,5,600,333,19322.51,11098.35,1064.02,8224.16
SL-0002152,STR-012,CAT-08,2023-05-01,2023,5,773,476,30870.03,22057.51,954.89,8812.52
SL-0002153,STR-012,CAT-01,2023-06-01,2023,6,850,493,18833.98,10913.14,749.81,7920.84
SL-0002154,STR-012,CAT-02,2023-06-01,2023,6,391,206,10524.4,8065.5,459.25,2458.9
SL-0002155,STR-012,CAT-03,2023-06-01,2023,6,459,228,17241.67,11059.74,895.17,6181.93
SL-0002156,STR-012,CAT-04,2023-06-01,2023,6,423,182,14031.02,8870.02,718.4,5161.0
SL-0002157,STR-012,CAT-05,2023-06-01,2023,6,915,512,29686.44,13313.35,1018.0,16373.09
SL-0002158,STR-012,CAT-06,2023-06-01,2023,6,1212,555,19018.0,15297.8,950.55,3720.2
SL-0002159,STR-012,CAT-07,2023-06-01,2023,6,273,156,10210.89,6121.83,579.61,4089.06
SL-0002160,STR-012,CAT-08,2023-06-01,2023,6,743,572,21042.5,15188.72,496.26,5853.78
SL-0002161,STR-012,CAT-01,2023-07-01,2023,7,712,392,22565.17,13403.91,487.97,9161.26
SL-0002162,STR-012,CAT-02,2023-07-01,2023,7,757,500,21443.74,17857.29,503.69,3586.45
SL-0002163,STR-012,CAT-03,2023-07-01,2023,7,303,173,12547.38,8183.02,372.49,4364.36
SL-0002164,STR-012,CAT-04,2023-07-01,2023,7,1150,616,26926.91,17227.26,638.87,9699.65
SL-0002165,STR-012,CAT-05,2023-07-01,2023,7,598,263,21326.03,9538.95,558.7,11787.08
SL-0002166,STR-012,CAT-06,2023-07-01,2023,7,674,526,23306.28,18374.2,1388.44,4932.08
SL-0002167,STR-012,CAT-07,2023-07-01,2023,7,554,309,18308.97,11027.03,622.71,7281.94
SL-0002168,STR-012,CAT-08,2023-07-01,2023,7,1112,560,23042.78,16450.67,1168.43,6592.11
SL-0002169,STR-012,CAT-01,2023-08-01,2023,8,757,475,20567.97,11464.45,335.09,9103.52
SL-0002170,STR-012,CAT-02,2023-08-01,2023,8,727,509,19183.93,15940.39,1057.55,3243.54
SL-0002171,STR-012,CAT-03,2023-08-01,2023,8,945,470,20083.07,12498.67,692.31,7584.4
SL-0002172,STR-012,CAT-04,2023-08-01,2023,8,1031,601,20292.29,12920.46,490.59,7371.83
SL-0002173,STR-012,CAT-05,2023-08-01,2023,8,409,227,12860.67,6112.12,557.59,6748.55
SL-0002174,STR-012,CAT-06,2023-08-01,2023,8,415,331,11317.16,8414.24,372.32,2902.92
SL-0002175,STR-012,CAT-07,2023-08-01,2023,8,416,251,9832.0,6076.31,240.57,3755.69
SL-0002176,STR-012,CAT-08,2023-08-01,2023,8,517,267,12690.94,8646.05,150.08,4044.89
SL-0002177,STR-012,CAT-01,2023-09-01,2023,9,454,217,18567.82,10898.73,700.6,7669.09
SL-0002178,STR-012,CAT-02,2023-09-01,2023,9,396,294,11568.05,9357.04,442.15,2211.01
SL-0002179,STR-012,CAT-03,2023-09-01,2023,9,718,461,20925.52,11855.4,292.69,9070.12
SL-0002180,STR-012,CAT-04,2023-09-01,2023,9,917,561,14807.21,9464.11,801.46,5343.1
SL-0002181,STR-012,CAT-05,2023-09-01,2023,9,544,217,18948.54,8876.47,655.16,10072.07
SL-0002182,STR-012,CAT-06,2023-09-01,2023,9,675,454,19022.78,15558.54,406.29,3464.24
SL-0002183,STR-012,CAT-07,2023-09-01,2023,9,1066,500,22269.42,13730.14,849.66,8539.28
SL-0002184,STR-012,CAT-08,2023-09-01,2023,9,749,387,19009.94,13784.0,480.8,5225.94
SL-0002185,STR-012,CAT-01,2023-10-01,2023,10,857,440,19497.7,10928.62,849.91,8569.08
SL-0002186,STR-012,CAT-02,2023-10-01,2023,10,1143,663,29837.14,23761.37,1580.47,6075.77
SL-0002187,STR-012,CAT-03,2023-10-01,2023,10,1003,575,18736.45,11610.19,598.96,7126.26
SL-0002188,STR-012,CAT-04,2023-10-01,2023,10,603,372,18025.3,11700.85,712.35,6324.45
SL-0002189,STR-012,CAT-05,2023-10-01,2023,10,478,300,17886.42,8592.19,528.61,9294.23
SL-0002190,STR-012,CAT-06,2023-10-01,2023,10,1224,1373,29830.06,22827.29,371.56,7002.77
SL-0002191,STR-012,CAT-07,2023-10-01,2023,10,513,266,15409.16,9250.62,429.11,6158.54
SL-0002192,STR-012,CAT-08,2023-10-01,2023,10,427,205,12381.16,8626.08,740.81,3755.08
SL-0002193,STR-012,CAT-01,2023-11-01,2023,11,1497,893,35344.4,20876.4,1267.46,14468.0
SL-0002194,STR-012,CAT-02,2023-11-01,2023,11,994,625,26744.91,21432.4,1502.08,5312.51
SL-0002195,STR-012,CAT-03,2023-11-01,2023,11,447,189,13384.95,8351.9,499.88,5033.05
SL-0002196,STR-012,CAT-04,2023-11-01,2023,11,457,291,11402.7,6990.51,613.07,4412.19
SL-0002197,STR-012,CAT-05,2023-11-01,2023,11,455,307,18629.76,8743.32,1055.83,9886.44
SL-0002198,STR-012,CAT-06,2023-11-01,2023,11,1003,589,22531.06,17684.37,1117.55,4846.69
SL-0002199,STR-012,CAT-07,2023-11-01,2023,11,1135,671,28686.82,17401.41,908.41,11285.41
SL-0002200,STR-012,CAT-08,2023-11-01,2023,11,379,202,13979.51,10070.96,510.64,3908.55
SL-0002201,STR-012,CAT-01,2023-12-01,2023,12,1205,628,32430.49,19406.06,1307.94,13024.43
SL-0002202,STR-012,CAT-02,2023-12-01,2023,12,1540,808,51295.97,42478.63,1724.56,8817.34
SL-0002203,STR-012,CAT-03,2023-12-01,2023,12,557,344,19938.71,12200.1,754.66,7738.61
SL-0002204,STR-012,CAT-04,2023-12-01,2023,12,639,421,21289.43,14352.39,680.94,6937.04
SL-0002205,STR-012,CAT-05,2023-12-01,2023,12,815,581,27441.94,12293.57,1193.33,15148.37
SL-0002206,STR-012,CAT-06,2023-12-01,2023,12,504,423,17061.52,13536.17,957.75,3525.35
SL-0002207,STR-012,CAT-07,2023-12-01,2023,12,864,468,33425.82,19566.35,1486.32,13859.47
SL-0002208,STR-012,CAT-08,2023-12-01,2023,12,1888,1179,22108.74,15185.96,355.08,6922.78
SL-0002209,STR-012,CAT-01,2024-01-01,2024,1,1191,550,27742.87,15677.21,1326.22,12065.66
SL-0002210,STR-012,CAT-02,2024-01-01,2024,1,647,406,12151.17,10130.57,474.93,2020.6
SL-0002211,STR-012,CAT-03,2024-01-01,2024,1,1173,584,13109.89,8163.35,645.71,4946.54
SL-0002212,STR-012,CAT-04,2024-01-01,2024,1,680,445,25441.9,16236.86,889.79,9205.04
SL-0002213,STR-012,CAT-05,2024-01-01,2024,1,1617,929,23860.25,10721.51,1143.95,13138.74
SL-0002214,STR-012,CAT-06,2024-01-01,2024,1,911,598,19046.24,15316.59,689.76,3729.65
SL-0002215,STR-012,CAT-07,2024-01-01,2024,1,544,425,12782.16,7880.41,745.43,4901.75
SL-0002216,STR-012,CAT-08,2024-01-01,2024,1,1294,754,23484.01,15954.61,461.62,7529.4
SL-0002217,STR-012,CAT-01,2024-02-01,2024,2,876,603,26753.4,15796.44,1562.84,10956.96
SL-0002218,STR-012,CAT-02,2024-02-01,2024,2,973,493,18325.79,14908.14,593.37,3417.65
SL-0002219,STR-012,CAT-03,2024-02-01,2024,2,3610,1914,20001.61,12109.23,956.79,7892.38
SL-0002220,STR-012,CAT-04,2024-02-01,2024,2,1528,748,25351.12,16542.31,1263.72,8808.81
SL-0002221,STR-012,CAT-05,2024-02-01,2024,2,869,606,25024.12,11453.09,1162.23,13571.03
SL-0002222,STR-012,CAT-06,2024-02-01,2024,2,1468,938,18270.15,14353.3,1004.36,3916.85
SL-0002223,STR-012,CAT-07,2024-02-01,2024,2,395,187,16304.25,9789.57,974.97,6514.68
SL-0002224,STR-012,CAT-08,2024-02-01,2024,2,1124,624,16548.97,11395.12,338.4,5153.85
SL-0002225,STR-012,CAT-01,2024-03-01,2024,3,441,295,12637.57,7526.67,566.2,5110.9
SL-0002226,STR-012,CAT-02,2024-03-01,2024,3,643,356,12787.85,10889.8,644.22,1898.05
SL-0002227,STR-012,CAT-03,2024-03-01,2024,3,725,290,21257.31,13428.34,1134.53,7828.97
SL-0002228,STR-012,CAT-04,2024-03-01,2024,3,612,344,19050.76,11888.75,1018.9,7162.01
SL-0002229,STR-012,CAT-05,2024-03-01,2024,3,518,406,16394.15,7451.28,385.0,8942.87
SL-0002230,STR-012,CAT-06,2024-03-01,2024,3,364,237,13465.37,10822.17,408.57,2643.2
SL-0002231,STR-012,CAT-07,2024-03-01,2024,3,633,375,13596.06,8221.07,330.32,5374.99
SL-0002232,STR-012,CAT-08,2024-03-01,2024,3,526,308,11602.73,8131.45,315.44,3471.28
SL-0002233,STR-012,CAT-01,2024-04-01,2024,4,662,356,18869.45,10927.74,1046.61,7941.71
SL-0002234,STR-012,CAT-02,2024-04-01,2024,4,496,402,12299.07,9907.03,142.09,2392.04
SL-0002235,STR-012,CAT-03,2024-04-01,2024,4,963,467,27685.14,16681.71,495.14,11003.43
SL-0002236,STR-012,CAT-04,2024-04-01,2024,4,535,288,20419.93,13220.3,913.74,7199.63
SL-0002237,STR-012,CAT-05,2024-04-01,2024,4,692,341,20338.28,8987.46,742.05,11350.82
SL-0002238,STR-012,CAT-06,2024-04-01,2024,4,325,197,16786.5,12948.88,994.21,3837.62
SL-0002239,STR-012,CAT-07,2024-04-01,2024,4,358,164,13002.18,7932.79,261.68,5069.39
SL-0002240,STR-012,CAT-08,2024-04-01,2024,4,321,217,13805.08,9245.12,808.03,4559.96
SL-0002241,STR-012,CAT-01,2024-05-01,2024,5,1470,670,28384.37,16555.68,843.52,11828.69
SL-0002242,STR-012,CAT-02,2024-05-01,2024,5,1522,1395,25991.09,21219.47,1501.71,4771.62
SL-0002243,STR-012,CAT-03,2024-05-01,2024,5,790,496,24661.95,14667.9,264.32,9994.05
SL-0002244,STR-012,CAT-04,2024-05-01,2024,5,1125,642,33221.95,21239.36,870.17,11982.59
SL-0002245,STR-012,CAT-05,2024-05-01,2024,5,649,387,28369.29,12726.1,1268.29,15643.19
SL-0002246,STR-012,CAT-06,2024-05-01,2024,5,782,478,32205.47,24682.37,655.14,7523.1
SL-0002247,STR-012,CAT-07,2024-05-01,2024,5,438,233,15848.14,9620.84,757.28,6227.3
SL-0002248,STR-012,CAT-08,2024-05-01,2024,5,884,717,17957.0,12747.26,602.53,5209.74
SL-0002249,STR-012,CAT-01,2024-06-01,2024,6,655,363,17959.28,10160.22,778.36,7799.06
SL-0002250,STR-012,CAT-02,2024-06-01,2024,6,415,232,10970.14,8594.4,124.86,2375.74
SL-0002251,STR-012,CAT-03,2024-06-01,2024,6,472,277,17637.61,11074.27,382.04,6563.34
SL-0002252,STR-012,CAT-04,2024-06-01,2024,6,795,529,20028.9,13692.08,445.35,6336.82
SL-0002253,STR-012,CAT-05,2024-06-01,2024,6,612,343,21264.62,9482.9,935.13,11781.72
SL-0002254,STR-012,CAT-06,2024-06-01,2024,6,450,273,13146.31,9644.43,574.9,3501.88
SL-0002255,STR-012,CAT-07,2024-06-01,2024,6,677,326,10029.03,6024.37,382.61,4004.66
SL-0002256,STR-012,CAT-08,2024-06-01,2024,6,261,142,9044.26,5990.08,166.34,3054.18
SL-0002257,STR-012,CAT-01,2024-07-01,2024,7,928,471,18183.25,10005.42,915.91,8177.83
SL-0002258,STR-012,CAT-02,2024-07-01,2024,7,594,310,19577.14,16620.07,410.05,2957.07
SL-0002259,STR-012,CAT-03,2024-07-01,2024,7,551,349,14768.9,9857.64,777.21,4911.26
SL-0002260,STR-012,CAT-04,2024-07-01,2024,7,1869,882,25060.4,15592.08,273.96,9468.32
SL-0002261,STR-012,CAT-05,2024-07-01,2024,7,2620,1958,26060.4,11524.61,538.03,14535.79
SL-0002262,STR-012,CAT-06,2024-07-01,2024,7,566,311,22422.89,17214.96,1117.03,5207.93
SL-0002263,STR-012,CAT-07,2024-07-01,2024,7,461,267,19911.24,12123.11,908.11,7788.13
SL-0002264,STR-012,CAT-08,2024-07-01,2024,7,1326,650,29889.74,21646.94,1437.31,8242.8
SL-0002265,STR-012,CAT-01,2024-08-01,2024,8,952,374,14959.02,8545.09,450.68,6413.93
SL-0002266,STR-012,CAT-02,2024-08-01,2024,8,579,274,14763.43,11586.6,809.66,3176.83
SL-0002267,STR-012,CAT-03,2024-08-01,2024,8,435,198,11699.16,7456.34,392.4,4242.82
SL-0002268,STR-012,CAT-04,2024-08-01,2024,8,1086,553,17254.41,11252.39,970.12,6002.02
SL-0002269,STR-012,CAT-05,2024-08-01,2024,8,509,285,11301.31,5254.57,256.11,6046.74
SL-0002270,STR-012,CAT-06,2024-08-01,2024,8,292,173,8712.43,7266.79,135.87,1445.64
SL-0002271,STR-012,CAT-07,2024-08-01,2024,8,498,259,9986.58,5810.5,401.82,4176.08
SL-0002272,STR-012,CAT-08,2024-08-01,2024,8,889,691,14157.29,9809.47,475.88,4347.82
SL-0002273,STR-012,CAT-01,2024-09-01,2024,9,781,403,27367.59,15036.76,1039.01,12330.83
SL-0002274,STR-012,CAT-02,2024-09-01,2024,9,416,285,13102.06,10367.98,495.57,2734.08
SL-0002275,STR-012,CAT-03,2024-09-01,2024,9,463,246,17269.08,10776.38,383.63,6492.7
SL-0002276,STR-012,CAT-04,2024-09-01,2024,9,588,296,16681.46,11234.37,963.02,5447.09
SL-0002277,STR-012,CAT-05,2024-09-01,2024,9,837,436,26968.8,12862.39,428.23,14106.41
SL-0002278,STR-012,CAT-06,2024-09-01,2024,9,428,222,13039.98,10434.82,155.53,2605.16
SL-0002279,STR-012,CAT-07,2024-09-01,2024,9,348,206,11673.42,6925.48,521.29,4747.94
SL-0002280,STR-012,CAT-08,2024-09-01,2024,9,1014,690,25908.12,16848.55,396.18,9059.57
SL-0002281,STR-012,CAT-01,2024-10-01,2024,10,596,361,17666.07,10118.43,308.29,7547.64
SL-0002282,STR-012,CAT-02,2024-10-01,2024,10,652,370,18940.85,15763.17,879.66,3177.68
SL-0002283,STR-012,CAT-03,2024-10-01,2024,10,1147,661,23476.97,15334.67,390.83,8142.3
SL-0002284,STR-012,CAT-04,2024-10-01,2024,10,470,200,11529.74,7335.84,688.81,4193.9
SL-0002285,STR-012,CAT-05,2024-10-01,2024,10,793,487,26039.11,11564.26,361.36,14474.85
SL-0002286,STR-012,CAT-06,2024-10-01,2024,10,705,398,21761.06,17173.46,770.04,4587.6
SL-0002287,STR-012,CAT-07,2024-10-01,2024,10,2385,1432,20793.71,12376.21,872.23,8417.5
SL-0002288,STR-012,CAT-08,2024-10-01,2024,10,451,234,15995.58,11616.64,187.8,4378.94
SL-0002289,STR-012,CAT-01,2024-11-01,2024,11,1389,646,25472.07,14793.41,380.62,10678.66
SL-0002290,STR-012,CAT-02,2024-11-01,2024,11,1062,582,33225.8,28988.78,1960.47,4237.02
SL-0002291,STR-012,CAT-03,2024-11-01,2024,11,1349,745,28871.88,18092.65,657.04,10779.23
SL-0002292,STR-012,CAT-04,2024-11-01,2024,11,504,294,16172.89,10185.44,542.76,5987.45
SL-0002293,STR-012,CAT-05,2024-11-01,2024,11,1472,1012,20671.51,8986.49,1174.78,11685.02
SL-0002294,STR-012,CAT-06,2024-11-01,2024,11,757,356,16802.49,12788.89,264.56,4013.6
SL-0002295,STR-012,CAT-07,2024-11-01,2024,11,1020,599,33939.28,20647.69,1117.81,13291.59
SL-0002296,STR-012,CAT-08,2024-11-01,2024,11,852,463,22881.04,15873.49,300.51,7007.55
SL-0002297,STR-012,CAT-01,2024-12-01,2024,12,1174,753,25315.64,14847.27,874.18,10468.37
SL-0002298,STR-012,CAT-02,2024-12-01,2024,12,1240,878,33378.01,27711.75,612.42,5666.26
SL-0002299,STR-012,CAT-03,2024-12-01,2024,12,932,530,22910.78,13810.77,1266.92,9100.01
SL-0002300,STR-012,CAT-04,2024-12-01,2024,12,348,203,14212.62,9165.24,194.25,5047.38
SL-0002301,STR-012,CAT-05,2024-12-01,2024,12,776,491,17565.96,7972.6,426.92,9593.36
SL-0002302,STR-012,CAT-06,2024-12-01,2024,12,1238,829,22986.03,18399.88,932.48,4586.15
SL-0002303,STR-012,CAT-07,2024-12-01,2024,12,1029,431,27866.41,17210.26,1604.19,10656.15
SL-0002304,STR-012,CAT-08,2024-12-01,2024,12,448,285,15542.76,10926.17,420.81,4616.59
SL-0002305,STR-013,CAT-01,2023-01-01,2023,1,503,233,15300.86,8938.73,833.11,6362.13
SL-0002306,STR-013,CAT-02,2023-01-01,2023,1,477,305,11435.34,9247.63,420.71,2187.71
SL-0002307,STR-013,CAT-03,2023-01-01,2023,1,539,333,17657.52,10657.61,851.58,6999.91
SL-0002308,STR-013,CAT-04,2023-01-01,2023,1,693,315,14203.89,9509.93,532.42,4693.96
SL-0002309,STR-013,CAT-05,2023-01-01,2023,1,541,374,18147.8,8392.71,429.85,9755.09
SL-0002310,STR-013,CAT-06,2023-01-01,2023,1,1101,610,28070.91,22426.21,1615.16,5644.7
SL-0002311,STR-013,CAT-07,2023-01-01,2023,1,248,116,7435.56,4464.28,198.92,2971.28
SL-0002312,STR-013,CAT-08,2023-01-01,2023,1,452,320,9301.54,6251.19,245.08,3050.35
SL-0002313,STR-013,CAT-01,2023-02-01,2023,2,974,405,22132.21,13530.62,460.81,8601.59
SL-0002314,STR-013,CAT-02,2023-02-01,2023,2,982,563,16722.29,13576.22,417.11,3146.07
SL-0002315,STR-013,CAT-03,2023-02-01,2023,2,714,630,14433.25,9064.87,620.71,5368.38
SL-0002316,STR-013,CAT-04,2023-02-01,2023,2,458,299,14157.33,9468.81,543.06,4688.52
SL-0002317,STR-013,CAT-05,2023-02-01,2023,2,969,471,17300.94,7507.33,363.46,9793.61
SL-0002318,STR-013,CAT-06,2023-02-01,2023,2,566,323,20352.41,15442.19,770.6,4910.22
SL-0002319,STR-013,CAT-07,2023-02-01,2023,2,232,115,7832.55,4843.75,204.4,2988.8
SL-0002320,STR-013,CAT-08,2023-02-01,2023,2,593,301,15823.48,11204.04,194.24,4619.44
SL-0002321,STR-013,CAT-01,2023-03-01,2023,3,443,248,13842.76,8068.61,670.89,5774.15
SL-0002322,STR-013,CAT-02,2023-03-01,2023,3,691,457,15753.48,12917.51,862.77,2835.97
SL-0002323,STR-013,CAT-03,2023-03-01,2023,3,415,258,13387.38,8233.51,328.08,5153.87
SL-0002324,STR-013,CAT-04,2023-03-01,2023,3,680,350,17198.37,11531.01,187.06,5667.36
SL-0002325,STR-013,CAT-05,2023-03-01,2023,3,551,325,14387.03,6280.96,265.29,8106.07
SL-0002326,STR-013,CAT-06,2023-03-01,2023,3,493,265,16485.4,13478.05,181.48,3007.35
SL-0002327,STR-013,CAT-07,2023-03-01,2023,3,418,436,11870.32,7365.85,248.19,4504.47
SL-0002328,STR-013,CAT-08,2023-03-01,2023,3,470,270,10098.57,7162.91,576.7,2935.66
SL-0002329,STR-013,CAT-01,2023-04-01,2023,4,617,335,17923.66,10778.56,1034.69,7145.1
SL-0002330,STR-013,CAT-02,2023-04-01,2023,4,485,285,19429.36,17104.56,326.06,2324.8
SL-0002331,STR-013,CAT-03,2023-04-01,2023,4,457,284,16962.02,10563.88,374.64,6398.14
SL-0002332,STR-013,CAT-04,2023-04-01,2023,4,680,306,17518.44,11708.32,504.37,5810.12
SL-0002333,STR-013,CAT-05,2023-04-01,2023,4,873,497,17744.06,8216.66,246.01,9527.4
SL-0002334,STR-013,CAT-06,2023-04-01,2023,4,557,310,15706.83,11720.86,838.21,3985.97
SL-0002335,STR-013,CAT-07,2023-04-01,2023,4,402,227,11062.68,6833.39,624.0,4229.29
SL-0002336,STR-013,CAT-08,2023-04-01,2023,4,843,513,19483.24,13718.72,591.05,5764.52
SL-0002337,STR-013,CAT-01,2023-05-01,2023,5,546,262,16591.88,9271.85,370.92,7320.03
SL-0002338,STR-013,CAT-02,2023-05-01,2023,5,596,333,17675.82,14793.38,395.1,2882.44
SL-0002339,STR-013,CAT-03,2023-05-01,2023,5,923,489,23979.57,15448.34,767.2,8531.23
SL-0002340,STR-013,CAT-04,2023-05-01,2023,5,314,154,17220.9,11109.47,676.43,6111.43
SL-0002341,STR-013,CAT-05,2023-05-01,2023,5,768,514,21684.74,10218.83,1009.81,11465.91
SL-0002342,STR-013,CAT-06,2023-05-01,2023,5,490,268,10231.68,7982.73,385.0,2248.95
SL-0002343,STR-013,CAT-07,2023-05-01,2023,5,460,223,14688.0,8641.88,793.39,6046.12
SL-0002344,STR-013,CAT-08,2023-05-01,2023,5,406,188,14587.35,10703.33,188.12,3884.02
SL-0002345,STR-013,CAT-01,2023-06-01,2023,6,1294,961,31241.05,17895.86,1065.07,13345.19
SL-0002346,STR-013,CAT-02,2023-06-01,2023,6,835,432,19816.46,16899.68,972.1,2916.78
SL-0002347,STR-013,CAT-03,2023-06-01,2023,6,652,356,21892.33,13098.24,280.3,8794.09
SL-0002348,STR-013,CAT-04,2023-06-01,2023,6,671,325,28944.69,19108.1,920.59,9836.59
SL-0002349,STR-013,CAT-05,2023-06-01,2023,6,576,369,15090.24,6936.84,177.14,8153.4
SL-0002350,STR-013,CAT-06,2023-06-01,2023,6,877,466,17753.23,14034.58,506.41,3718.65
SL-0002351,STR-013,CAT-07,2023-06-01,2023,6,534,356,18036.36,10593.63,489.87,7442.73
SL-0002352,STR-013,CAT-08,2023-06-01,2023,6,834,489,22058.31,15462.65,905.0,6595.66
SL-0002353,STR-013,CAT-01,2023-07-01,2023,7,737,470,18840.85,10515.57,354.04,8325.28
SL-0002354,STR-013,CAT-02,2023-07-01,2023,7,354,198,13925.61,11444.29,694.84,2481.32
SL-0002355,STR-013,CAT-03,2023-07-01,2023,7,501,231,23049.04,14040.41,662.88,9008.63
SL-0002356,STR-013,CAT-04,2023-07-01,2023,7,607,330,22582.2,14840.63,992.14,7741.57
SL-0002357,STR-013,CAT-05,2023-07-01,2023,7,719,419,14592.38,6895.29,722.49,7697.09
SL-0002358,STR-013,CAT-06,2023-07-01,2023,7,684,420,19323.8,15017.91,334.67,4305.89
SL-0002359,STR-013,CAT-07,2023-07-01,2023,7,1217,586,27518.78,16665.78,1467.47,10853.0
SL-0002360,STR-013,CAT-08,2023-07-01,2023,7,480,265,14553.92,10015.04,305.84,4538.88
SL-0002361,STR-013,CAT-01,2023-08-01,2023,8,657,364,19753.74,11633.92,874.39,8119.82
SL-0002362,STR-013,CAT-02,2023-08-01,2023,8,530,297,16433.33,13799.78,461.81,2633.55
SL-0002363,STR-013,CAT-03,2023-08-01,2023,8,503,284,12840.59,8072.97,747.46,4767.62
SL-0002364,STR-013,CAT-04,2023-08-01,2023,8,639,456,10910.06,6743.52,184.4,4166.54
SL-0002365,STR-013,CAT-05,2023-08-01,2023,8,577,384,15399.39,7008.2,549.51,8391.19
SL-0002366,STR-013,CAT-06,2023-08-01,2023,8,463,241,17020.25,13723.55,1018.72,3296.7
SL-0002367,STR-013,CAT-07,2023-08-01,2023,8,632,450,20783.59,12311.82,697.73,8471.77
SL-0002368,STR-013,CAT-08,2023-08-01,2023,8,2951,1697,14906.02,10132.1,502.18,4773.92
SL-0002369,STR-013,CAT-01,2023-09-01,2023,9,475,371,13648.58,8287.69,328.56,5360.89
SL-0002370,STR-013,CAT-02,2023-09-01,2023,9,852,368,18575.13,15485.69,531.97,3089.44
SL-0002371,STR-013,CAT-03,2023-09-01,2023,9,2059,1124,27046.95,15880.79,1041.4,11166.16
SL-0002372,STR-013,CAT-04,2023-09-01,2023,9,289,209,10720.92,7449.06,519.26,3271.86
SL-0002373,STR-013,CAT-05,2023-09-01,2023,9,1000,594,20497.74,9068.04,473.06,11429.7
SL-0002374,STR-013,CAT-06,2023-09-01,2023,9,1049,676,17451.97,12745.49,1023.69,4706.48
SL-0002375,STR-013,CAT-07,2023-09-01,2023,9,556,289,20923.75,12319.8,1153.38,8603.95
SL-0002376,STR-013,CAT-08,2023-09-01,2023,9,624,325,19644.14,13358.45,365.89,6285.69
SL-0002377,STR-013,CAT-01,2023-10-01,2023,10,1356,727,22880.18,12614.77,748.12,10265.41
SL-0002378,STR-013,CAT-02,2023-10-01,2023,10,783,333,17642.19,14356.57,701.13,3285.62
SL-0002379,STR-013,CAT-03,2023-10-01,2023,10,793,335,20787.21,13000.65,813.87,7786.56
SL-0002380,STR-013,CAT-04,2023-10-01,2023,10,742,424,18917.44,12206.97,504.93,6710.47
SL-0002381,STR-013,CAT-05,2023-10-01,2023,10,1059,539,18173.02,8004.27,268.63,10168.75
SL-0002382,STR-013,CAT-06,2023-10-01,2023,10,1490,698,27718.05,22588.24,810.36,5129.81
SL-0002383,STR-013,CAT-07,2023-10-01,2023,10,761,472,21926.39,13696.14,840.46,8230.25
SL-0002384,STR-013,CAT-08,2023-10-01,2023,10,485,290,13866.1,10072.48,823.58,3793.62
SL-0002385,STR-013,CAT-01,2023-11-01,2023,11,641,276,19361.82,11064.62,710.27,8297.2
SL-0002386,STR-013,CAT-02,2023-11-01,2023,11,745,392,25203.17,18876.65,282.82,6326.52
SL-0002387,STR-013,CAT-03,2023-11-01,2023,11,974,494,21763.7,13965.72,970.36,7797.98
SL-0002388,STR-013,CAT-04,2023-11-01,2023,11,755,432,16360.97,10459.48,794.54,5901.49
SL-0002389,STR-013,CAT-05,2023-11-01,2023,11,613,449,13873.72,6251.14,332.14,7622.58
SL-0002390,STR-013,CAT-06,2023-11-01,2023,11,648,439,14628.22,11122.55,789.33,3505.67
SL-0002391,STR-013,CAT-07,2023-11-01,2023,11,971,485,28438.79,17040.49,388.93,11398.3
SL-0002392,STR-013,CAT-08,2023-11-01,2023,11,300,130,11418.03,8234.6,627.57,3183.43
SL-0002393,STR-013,CAT-01,2023-12-01,2023,12,1595,930,19186.99,11207.14,461.28,7979.85
SL-0002394,STR-013,CAT-02,2023-12-01,2023,12,1415,800,34868.02,27452.16,1850.29,7415.86
SL-0002395,STR-013,CAT-03,2023-12-01,2023,12,516,313,17505.12,10791.64,859.82,6713.48
SL-0002396,STR-013,CAT-04,2023-12-01,2023,12,784,334,10698.12,6945.95,576.65,3752.17
SL-0002397,STR-013,CAT-05,2023-12-01,2023,12,1411,735,31417.43,14390.93,655.84,17026.5
SL-0002398,STR-013,CAT-06,2023-12-01,2023,12,781,448,17500.39,13189.83,786.27,4310.56
SL-0002399,STR-013,CAT-07,2023-12-01,2023,12,892,411,26061.98,14637.97,415.92,11424.01
SL-0002400,STR-013,CAT-08,2023-12-01,2023,12,469,249,16014.01,11280.81,543.66,4733.2
SL-0002401,STR-013,CAT-01,2024-01-01,2024,1,585,268,19986.66,11527.51,1051.48,8459.15
SL-0002402,STR-013,CAT-02,2024-01-01,2024,1,674,364,15895.17,13010.7,451.34,2884.47
SL-0002403,STR-013,CAT-03,2024-01-01,2024,1,609,236,19301.25,11729.69,372.07,7571.56
SL-0002404,STR-013,CAT-04,2024-01-01,2024,1,495,220,14324.4,9395.64,345.28,4928.76
SL-0002405,STR-013,CAT-05,2024-01-01,2024,1,891,487,21142.01,9720.29,1201.89,11421.72
SL-0002406,STR-013,CAT-06,2024-01-01,2024,1,430,363,16926.08,13148.85,172.88,3777.23
SL-0002407,STR-013,CAT-07,2024-01-01,2024,1,404,303,11684.8,6658.46,525.45,5026.34
SL-0002408,STR-013,CAT-08,2024-01-01,2024,1,257,119,10729.01,7908.88,599.5,2820.13
SL-0002409,STR-013,CAT-01,2024-02-01,2024,2,422,180,14791.86,8331.44,745.27,6460.42
SL-0002410,STR-013,CAT-02,2024-02-01,2024,2,343,157,11952.84,9661.83,683.03,2291.01
SL-0002411,STR-013,CAT-03,2024-02-01,2024,2,429,240,9074.91,5213.86,201.73,3861.05
SL-0002412,STR-013,CAT-04,2024-02-01,2024,2,503,319,10569.58,6916.9,474.95,3652.68
SL-0002413,STR-013,CAT-05,2024-02-01,2024,2,437,228,12096.88,5468.18,511.37,6628.7
SL-0002414,STR-013,CAT-06,2024-02-01,2024,2,337,186,9516.96,7335.37,478.32,2181.59
SL-0002415,STR-013,CAT-07,2024-02-01,2024,2,327,241,11865.74,7128.14,216.38,4737.6
SL-0002416,STR-013,CAT-08,2024-02-01,2024,2,528,226,17981.45,12705.01,191.11,5276.44
SL-0002417,STR-013,CAT-01,2024-03-01,2024,3,475,252,16089.54,8928.46,631.92,7161.08
SL-0002418,STR-013,CAT-02,2024-03-01,2024,3,385,218,14616.22,12441.31,411.38,2174.91
SL-0002419,STR-013,CAT-03,2024-03-01,2024,3,1072,573,21997.78,14330.38,1291.89,7667.4
SL-0002420,STR-013,CAT-04,2024-03-01,2024,3,423,289,13089.35,8197.62,721.96,4891.73
SL-0002421,STR-013,CAT-05,2024-03-01,2024,3,962,534,22669.82,10243.05,1341.31,12426.77
SL-0002422,STR-013,CAT-06,2024-03-01,2024,3,1252,725,28151.47,21977.97,338.99,6173.5
SL-0002423,STR-013,CAT-07,2024-03-01,2024,3,355,228,9138.25,5307.34,110.33,3830.91
SL-0002424,STR-013,CAT-08,2024-03-01,2024,3,784,457,16628.69,11512.84,314.19,5115.85
SL-0002425,STR-013,CAT-01,2024-04-01,2024,4,452,197,16387.36,9201.03,973.09,7186.33
SL-0002426,STR-013,CAT-02,2024-04-01,2024,4,1117,637,26023.13,21767.22,1377.79,4255.91
SL-0002427,STR-013,CAT-03,2024-04-01,2024,4,768,415,26300.65,16158.43,1185.9,10142.22
SL-0002428,STR-013,CAT-04,2024-04-01,2024,4,1104,804,32466.86,21811.43,1105.22,10655.43
SL-0002429,STR-013,CAT-05,2024-04-01,2024,4,562,335,21808.27,9933.69,1071.29,11874.58
SL-0002430,STR-013,CAT-06,2024-04-01,2024,4,1126,586,19969.44,15196.7,339.51,4772.74
SL-0002431,STR-013,CAT-07,2024-04-01,2024,4,636,379,18688.47,10688.61,864.95,7999.86
SL-0002432,STR-013,CAT-08,2024-04-01,2024,4,736,366,17586.64,12029.4,792.41,5557.24
SL-0002433,STR-013,CAT-01,2024-05-01,2024,5,290,214,9565.64,5311.75,108.78,4253.89
SL-0002434,STR-013,CAT-02,2024-05-01,2024,5,1233,723,18953.48,15183.99,597.79,3769.49
SL-0002435,STR-013,CAT-03,2024-05-01,2024,5,663,321,25557.56,15123.96,1046.92,10433.6
SL-0002436,STR-013,CAT-04,2024-05-01,2024,5,411,267,14764.5,9890.5,542.82,4874.0
SL-0002437,STR-013,CAT-05,2024-05-01,2024,5,327,209,12596.94,5500.36,459.79,7096.58
SL-0002438,STR-013,CAT-06,2024-05-01,2024,5,397,197,15474.39,11699.29,279.68,3775.1
SL-0002439,STR-013,CAT-07,2024-05-01,2024,5,438,199,12627.15,8055.61,371.66,4571.54
SL-0002440,STR-013,CAT-08,2024-05-01,2024,5,742,428,13973.17,9691.0,257.57,4282.17
SL-0002441,STR-013,CAT-01,2024-06-01,2024,6,1381,786,26739.49,14438.46,1094.83,12301.03
SL-0002442,STR-013,CAT-02,2024-06-01,2024,6,959,588,24351.67,19966.99,949.5,4384.68
SL-0002443,STR-013,CAT-03,2024-06-01,2024,6,1166,742,23048.34,14501.75,513.99,8546.59
SL-0002444,STR-013,CAT-04,2024-06-01,2024,6,837,418,39793.87,25135.93,2218.48,14657.94
SL-0002445,STR-013,CAT-05,2024-06-01,2024,6,2168,1482,22650.06,10723.23,1012.3,11926.83
SL-0002446,STR-013,CAT-06,2024-06-01,2024,6,696,311,24096.57,18350.01,1268.63,5746.56
SL-0002447,STR-013,CAT-07,2024-06-01,2024,6,697,423,19063.57,11603.93,471.03,7459.64
SL-0002448,STR-013,CAT-08,2024-06-01,2024,6,927,467,25936.31,17444.99,602.51,8491.32
SL-0002449,STR-013,CAT-01,2024-07-01,2024,7,443,232,16241.52,9540.86,313.84,6700.66
SL-0002450,STR-013,CAT-02,2024-07-01,2024,7,657,308,16971.32,14191.96,445.38,2779.36
SL-0002451,STR-013,CAT-03,2024-07-01,2024,7,402,182,16888.63,10006.99,692.41,6881.64
SL-0002452,STR-013,CAT-04,2024-07-01,2024,7,875,540,22613.61,15460.31,732.63,7153.3
SL-0002453,STR-013,CAT-05,2024-07-01,2024,7,501,254,13651.26,5858.92,592.22,7792.34
SL-0002454,STR-013,CAT-06,2024-07-01,2024,7,1696,985,17861.45,14400.53,432.66,3460.92
SL-0002455,STR-013,CAT-07,2024-07-01,2024,7,449,248,15922.64,9450.4,690.66,6472.24
SL-0002456,STR-013,CAT-08,2024-07-01,2024,7,479,227,12763.23,9283.39,609.8,3479.84
SL-0002457,STR-013,CAT-01,2024-08-01,2024,8,399,311,16048.95,9136.54,540.0,6912.41
SL-0002458,STR-013,CAT-02,2024-08-01,2024,8,317,182,14005.53,11677.53,634.19,2328.0
SL-0002459,STR-013,CAT-03,2024-08-01,2024,8,756,444,19931.96,13526.69,334.48,6405.27
SL-0002460,STR-013,CAT-04,2024-08-01,2024,8,1233,707,23017.48,14746.49,544.9,8270.99
SL-0002461,STR-013,CAT-05,2024-08-01,2024,8,588,362,12109.17,5571.89,299.74,6537.28
SL-0002462,STR-013,CAT-06,2024-08-01,2024,8,967,574,20614.09,15647.12,747.81,4966.97
SL-0002463,STR-013,CAT-07,2024-08-01,2024,8,584,301,21247.24,12946.5,1227.03,8300.74
SL-0002464,STR-013,CAT-08,2024-08-01,2024,8,843,381,15537.59,10364.06,279.78,5173.53
SL-0002465,STR-013,CAT-01,2024-09-01,2024,9,643,339,20099.37,11524.89,994.35,8574.48
SL-0002466,STR-013,CAT-02,2024-09-01,2024,9,812,497,20130.37,16424.76,430.51,3705.61
SL-0002467,STR-013,CAT-03,2024-09-01,2024,9,563,245,14938.27,8477.75,709.43,6460.52
SL-0002468,STR-013,CAT-04,2024-09-01,2024,9,958,528,21514.4,14782.5,1126.51,6731.9
SL-0002469,STR-013,CAT-05,2024-09-01,2024,9,669,356,11631.82,5053.99,432.97,6577.83
SL-0002470,STR-013,CAT-06,2024-09-01,2024,9,729,436,17990.47,15227.57,286.21,2762.9
SL-0002471,STR-013,CAT-07,2024-09-01,2024,9,501,253,17036.72,10255.94,768.23,6780.78
SL-0002472,STR-013,CAT-08,2024-09-01,2024,9,1195,641,26216.68,18433.04,1102.5,7783.64
SL-0002473,STR-013,CAT-01,2024-10-01,2024,10,490,283,17455.74,10512.54,416.1,6943.2
SL-0002474,STR-013,CAT-02,2024-10-01,2024,10,615,354,25486.23,20834.57,1362.41,4651.66
SL-0002475,STR-013,CAT-03,2024-10-01,2024,10,801,420,12859.75,8054.35,370.11,4805.4
SL-0002476,STR-013,CAT-04,2024-10-01,2024,10,235,108,10365.16,6897.9,543.98,3467.26
SL-0002477,STR-013,CAT-05,2024-10-01,2024,10,451,330,16850.58,7334.79,775.0,9515.79
SL-0002478,STR-013,CAT-06,2024-10-01,2024,10,434,371,14317.5,10919.89,611.33,3397.61
SL-0002479,STR-013,CAT-07,2024-10-01,2024,10,444,278,12473.73,7109.71,298.27,5364.02
SL-0002480,STR-013,CAT-08,2024-10-01,2024,10,2003,1149,28834.84,19729.04,1202.29,9105.8
SL-0002481,STR-013,CAT-01,2024-11-01,2024,11,426,276,19534.56,10804.64,878.44,8729.92
SL-0002482,STR-013,CAT-02,2024-11-01,2024,11,1024,722,29888.86,22331.08,458.92,7557.78
SL-0002483,STR-013,CAT-03,2024-11-01,2024,11,685,430,20487.07,12872.39,827.72,7614.68
SL-0002484,STR-013,CAT-04,2024-11-01,2024,11,810,401,17028.29,11179.44,482.59,5848.85
SL-0002485,STR-013,CAT-05,2024-11-01,2024,11,523,267,21994.17,9528.01,808.18,12466.16
SL-0002486,STR-013,CAT-06,2024-11-01,2024,11,1244,902,26252.72,21842.51,416.44,4410.21
SL-0002487,STR-013,CAT-07,2024-11-01,2024,11,1087,530,34620.36,21031.82,1832.27,13588.54
SL-0002488,STR-013,CAT-08,2024-11-01,2024,11,1416,714,16885.76,12648.15,946.11,4237.61
SL-0002489,STR-013,CAT-01,2024-12-01,2024,12,760,381,19226.79,11172.11,644.12,8054.68
SL-0002490,STR-013,CAT-02,2024-12-01,2024,12,463,310,18331.16,14793.43,238.92,3537.73
SL-0002491,STR-013,CAT-03,2024-12-01,2024,12,1156,608,33190.45,20065.17,1469.85,13125.28
SL-0002492,STR-013,CAT-04,2024-12-01,2024,12,318,168,11045.28,6836.86,205.08,4208.42
SL-0002493,STR-013,CAT-05,2024-12-01,2024,12,1156,585,27041.03,12384.8,1124.2,14656.23
SL-0002494,STR-013,CAT-06,2024-12-01,2024,12,1052,753,29023.83,22672.3,1033.86,6351.53
SL-0002495,STR-013,CAT-07,2024-12-01,2024,12,2149,1281,41748.05,24901.43,767.81,16846.62
SL-0002496,STR-013,CAT-08,2024-12-01,2024,12,1008,554,16910.39,11113.06,573.32,5797.33
SL-0002497,STR-014,CAT-01,2023-01-01,2023,1,3465,1879,38191.38,22424.57,500.1,15766.81
SL-0002498,STR-014,CAT-02,2023-01-01,2023,1,802,410,31770.97,25766.53,366.08,6004.44
SL-0002499,STR-014,CAT-03,2023-01-01,2023,1,1927,963,38129.9,24752.45,1536.11,13377.45
SL-0002500,STR-014,CAT-04,2023-01-01,2023,1,690,353,28164.04,18860.87,1284.53,9303.17
SL-0002501,STR-014,CAT-05,2023-01-01,2023,1,1316,772,37477.53,16438.61,2023.02,21038.92
SL-0002502,STR-014,CAT-06,2023-01-01,2023,1,1452,820,37104.12,29027.26,483.72,8076.86
SL-0002503,STR-014,CAT-07,2023-01-01,2023,1,540,249,18073.89,10584.34,355.61,7489.55
SL-0002504,STR-014,CAT-08,2023-01-01,2023,1,548,281,15274.47,11146.32,341.95,4128.15
SL-0002505,STR-014,CAT-01,2023-02-01,2023,2,976,569,34549.82,19854.47,1502.78,14695.35
SL-0002506,STR-014,CAT-02,2023-02-01,2023,2,381,192,15447.45,13470.99,389.42,1976.46
SL-0002507,STR-014,CAT-03,2023-02-01,2023,2,1387,720,35460.34,22387.91,1857.38,13072.43
SL-0002508,STR-014,CAT-04,2023-02-01,2023,2,691,485,34500.73,22630.6,1474.0,11870.13
SL-0002509,STR-014,CAT-05,2023-02-01,2023,2,762,341,26583.24,11545.91,847.76,15037.33
SL-0002510,STR-014,CAT-06,2023-02-01,2023,2,721,471,27193.46,20952.17,562.69,6241.29
SL-0002511,STR-014,CAT-07,2023-02-01,2023,2,953,743,14254.82,8505.42,822.74,5749.4
SL-0002512,STR-014,CAT-08,2023-02-01,2023,2,1454,1001,30334.47,20577.74,897.04,9756.73
SL-0002513,STR-014,CAT-01,2023-03-01,2023,3,885,467,33086.71,19013.74,1965.28,14072.97
SL-0002514,STR-014,CAT-02,2023-03-01,2023,3,1096,670,28747.34,25349.09,1415.55,3398.25
SL-0002515,STR-014,CAT-03,2023-03-01,2023,3,1662,828,43573.59,28405.74,1343.4,15167.85
SL-0002516,STR-014,CAT-04,2023-03-01,2023,3,1053,483,23403.17,15494.1,1019.94,7909.07
SL-0002517,STR-014,CAT-05,2023-03-01,2023,3,1196,648,40652.6,18969.01,2076.91,21683.59
SL-0002518,STR-014,CAT-06,2023-03-01,2023,3,1581,674,39809.55,31556.74,1454.23,8252.81
SL-0002519,STR-014,CAT-07,2023-03-01,2023,3,857,421,24377.96,14653.11,740.81,9724.85
SL-0002520,STR-014,CAT-08,2023-03-01,2023,3,1047,662,34314.78,23948.72,675.54,10366.06
SL-0002521,STR-014,CAT-01,2023-04-01,2023,4,662,265,23722.02,14121.43,1360.73,9600.59
SL-0002522,STR-014,CAT-02,2023-04-01,2023,4,982,538,19017.66,15339.44,491.23,3678.22
SL-0002523,STR-014,CAT-03,2023-04-01,2023,4,600,298,22031.79,13370.58,519.28,8661.21
SL-0002524,STR-014,CAT-04,2023-04-01,2023,4,1611,905,40852.09,27565.25,1082.79,13286.84
SL-0002525,STR-014,CAT-05,2023-04-01,2023,4,1168,941,18400.34,8218.51,1015.47,10181.83
SL-0002526,STR-014,CAT-06,2023-04-01,2023,4,1171,628,32858.37,27078.28,1936.59,5780.09
SL-0002527,STR-014,CAT-07,2023-04-01,2023,4,573,315,18938.13,11206.84,977.63,7731.29
SL-0002528,STR-014,CAT-08,2023-04-01,2023,4,985,649,17390.47,12959.2,287.12,4431.27
SL-0002529,STR-014,CAT-01,2023-05-01,2023,5,1662,749,30772.89,16595.79,537.8,14177.1
SL-0002530,STR-014,CAT-02,2023-05-01,2023,5,639,338,20307.58,15970.2,650.29,4337.38
SL-0002531,STR-014,CAT-03,2023-05-01,2023,5,610,340,24905.24,16039.95,408.44,8865.29
SL-0002532,STR-014,CAT-04,2023-05-01,2023,5,1442,751,47623.61,31932.82,1125.89,15690.79
SL-0002533,STR-014,CAT-05,2023-05-01,2023,5,1436,693,42703.46,17948.38,1823.7,24755.08
SL-0002534,STR-014,CAT-06,2023-05-01,2023,5,1246,647,28785.46,21949.75,921.61,6835.71
SL-0002535,STR-014,CAT-07,2023-05-01,2023,5,716,445,25629.9,15610.52,1474.69,10019.38
SL-0002536,STR-014,CAT-08,2023-05-01,2023,5,1401,895,34481.49,24479.13,1183.64,10002.36
SL-0002537,STR-014,CAT-01,2023-06-01,2023,6,842,347,32390.36,18894.79,962.38,13495.57
SL-0002538,STR-014,CAT-02,2023-06-01,2023,6,569,297,18076.5,14308.04,615.39,3768.46
SL-0002539,STR-014,CAT-03,2023-06-01,2023,6,734,356,22754.03,13913.85,537.74,8840.18
SL-0002540,STR-014,CAT-04,2023-06-01,2023,6,1028,561,35339.01,22937.08,1601.62,12401.93
SL-0002541,STR-014,CAT-05,2023-06-01,2023,6,1430,843,32032.87,14357.55,1432.4,17675.32
SL-0002542,STR-014,CAT-06,2023-06-01,2023,6,1138,1058,31900.04,24608.69,1253.99,7291.35
SL-0002543,STR-014,CAT-07,2023-06-01,2023,6,602,351,19131.24,11169.14,335.44,7962.1
SL-0002544,STR-014,CAT-08,2023-06-01,2023,6,1072,460,36364.13,24983.69,445.44,11380.44
SL-0002545,STR-014,CAT-01,2023-07-01,2023,7,1267,682,44829.68,26561.57,1931.26,18268.11
SL-0002546,STR-014,CAT-02,2023-07-01,2023,7,1145,757,32183.85,25814.18,338.38,6369.67
SL-0002547,STR-014,CAT-03,2023-07-01,2023,7,1848,985,30155.83,18949.1,1016.11,11206.73
SL-0002548,STR-014,CAT-04,2023-07-01,2023,7,1065,1065,27078.88,18024.57,718.47,9054.31
SL-0002549,STR-014,CAT-05,2023-07-01,2023,7,1,1,27927.79,12667.12,1191.65,15260.67
SL-0002550,STR-014,CAT-06,2023-07-01,2023,7,1641,926,29697.78,23424.27,1124.17,6273.51
SL-0002551,STR-014,CAT-07,2023-07-01,2023,7,905,422,27961.63,17124.48,635.95,10837.15
SL-0002552,STR-014,CAT-08,2023-07-01,2023,7,1265,1091,35131.2,24241.58,1214.85,10889.62
SL-0002553,STR-014,CAT-01,2023-08-01,2023,8,1727,953,55914.09,32835.75,1095.12,23078.34
SL-0002554,STR-014,CAT-02,2023-08-01,2023,8,1178,575,45020.16,37135.01,1039.83,7885.15
SL-0002555,STR-014,CAT-03,2023-08-01,2023,8,1851,1085,39758.28,24257.14,2156.44,15501.14
SL-0002556,STR-014,CAT-04,2023-08-01,2023,8,1072,862,44732.25,29509.95,1812.19,15222.3
SL-0002557,STR-014,CAT-05,2023-08-01,2023,8,2179,1349,42212.89,19232.05,443.6,22980.84
SL-0002558,STR-014,CAT-06,2023-08-01,2023,8,2194,1225,34911.8,26638.28,1850.66,8273.52
SL-0002559,STR-014,CAT-07,2023-08-01,2023,8,940,470,37890.76,22881.52,576.86,15009.24
SL-0002560,STR-014,CAT-08,2023-08-01,2023,8,1847,1166,45630.1,32393.87,469.27,13236.23
SL-0002561,STR-014,CAT-01,2023-09-01,2023,9,494,331,20391.92,12036.72,594.94,8355.2
SL-0002562,STR-014,CAT-02,2023-09-01,2023,9,863,422,25456.43,20432.46,1234.55,5023.97
SL-0002563,STR-014,CAT-03,2023-09-01,2023,9,561,368,21734.89,13904.96,908.31,7829.93
SL-0002564,STR-014,CAT-04,2023-09-01,2023,9,1971,1065,37871.55,25915.26,1817.38,11956.29
SL-0002565,STR-014,CAT-05,2023-09-01,2023,9,1558,890,30388.02,13810.65,1352.04,16577.37
SL-0002566,STR-014,CAT-06,2023-09-01,2023,9,851,422,17346.18,13711.98,311.7,3634.2
SL-0002567,STR-014,CAT-07,2023-09-01,2023,9,1036,884,33337.34,18572.23,1438.08,14765.11
SL-0002568,STR-014,CAT-08,2023-09-01,2023,9,1338,729,25287.8,18032.14,1424.39,7255.66
SL-0002569,STR-014,CAT-01,2023-10-01,2023,10,398,195,14272.91,8233.6,445.58,6039.31
SL-0002570,STR-014,CAT-02,2023-10-01,2023,10,1012,566,22907.67,19396.01,1339.01,3511.66
SL-0002571,STR-014,CAT-03,2023-10-01,2023,10,806,387,14163.17,8619.01,203.27,5544.16
SL-0002572,STR-014,CAT-04,2023-10-01,2023,10,743,320,22644.16,15019.82,1022.24,7624.34
SL-0002573,STR-014,CAT-05,2023-10-01,2023,10,785,350,13941.07,6036.25,215.24,7904.82
SL-0002574,STR-014,CAT-06,2023-10-01,2023,10,647,283,17813.99,13692.73,1023.31,4121.26
SL-0002575,STR-014,CAT-07,2023-10-01,2023,10,714,426,21576.83,12932.29,893.52,8644.54
SL-0002576,STR-014,CAT-08,2023-10-01,2023,10,915,464,24368.16,17438.54,1182.21,6929.62
SL-0002577,STR-014,CAT-01,2023-11-01,2023,11,652,483,27149.74,16215.2,582.02,10934.54
SL-0002578,STR-014,CAT-02,2023-11-01,2023,11,2119,961,47400.83,38756.12,1937.54,8644.71
SL-0002579,STR-014,CAT-03,2023-11-01,2023,11,1481,653,40835.6,25274.91,1546.69,15560.69
SL-0002580,STR-014,CAT-04,2023-11-01,2023,11,644,344,25022.5,16307.96,394.46,8714.54
SL-0002581,STR-014,CAT-05,2023-11-01,2023,11,938,424,28790.2,12911.8,479.0,15878.4
SL-0002582,STR-014,CAT-06,2023-11-01,2023,11,1240,808,42892.1,34315.4,1890.62,8576.7
SL-0002583,STR-014,CAT-07,2023-11-01,2023,11,1441,735,46370.39,28811.68,2585.43,17558.71
SL-0002584,STR-014,CAT-08,2023-11-01,2023,11,1228,574,30142.92,20959.91,1018.64,9183.01
SL-0002585,STR-014,CAT-01,2023-12-01,2023,12,1807,1048,39598.61,23777.22,2152.38,15821.39
SL-0002586,STR-014,CAT-02,2023-12-01,2023,12,1701,1260,43426.82,35676.75,1255.1,7750.07
SL-0002587,STR-014,CAT-03,2023-12-01,2023,12,826,429,26097.05,16319.67,365.27,9777.38
SL-0002588,STR-014,CAT-04,2023-12-01,2023,12,1161,678,27035.24,18428.1,1057.34,8607.14
SL-0002589,STR-014,CAT-05,2023-12-01,2023,12,743,452,22111.17,10124.7,1315.56,11986.47
SL-0002590,STR-014,CAT-06,2023-12-01,2023,12,1023,637,31854.68,23814.35,578.56,8040.33
SL-0002591,STR-014,CAT-07,2023-12-01,2023,12,3178,2099,53811.65,32860.21,1731.53,20951.44
SL-0002592,STR-014,CAT-08,2023-12-01,2023,12,1222,610,40185.03,27916.14,1504.03,12268.89
SL-0002593,STR-014,CAT-01,2024-01-01,2024,1,698,276,23077.61,13224.94,1076.36,9852.67
SL-0002594,STR-014,CAT-02,2024-01-01,2024,1,764,315,23604.23,20248.02,561.03,3356.21
SL-0002595,STR-014,CAT-03,2024-01-01,2024,1,1366,861,27285.44,16113.8,714.72,11171.64
SL-0002596,STR-014,CAT-04,2024-01-01,2024,1,1969,1142,31406.85,19754.76,1063.8,11652.09
SL-0002597,STR-014,CAT-05,2024-01-01,2024,1,450,395,16784.89,7650.3,222.19,9134.59
SL-0002598,STR-014,CAT-06,2024-01-01,2024,1,820,316,20020.29,16155.8,1111.11,3864.49
SL-0002599,STR-014,CAT-07,2024-01-01,2024,1,976,548,19579.53,11771.53,864.04,7808.0
SL-0002600,STR-014,CAT-08,2024-01-01,2024,1,745,345,24063.61,15850.81,316.54,8212.8
SL-0002601,STR-014,CAT-01,2024-02-01,2024,2,1438,845,26073.25,15283.25,460.99,10790.0
SL-0002602,STR-014,CAT-02,2024-02-01,2024,2,617,409,22738.94,18634.73,1011.59,4104.21
SL-0002603,STR-014,CAT-03,2024-02-01,2024,2,781,538,20824.44,12540.57,334.45,8283.87
SL-0002604,STR-014,CAT-04,2024-02-01,2024,2,1373,802,28266.11,18808.87,469.57,9457.24
SL-0002605,STR-014,CAT-05,2024-02-01,2024,2,860,370,25735.62,10921.55,553.86,14814.07
SL-0002606,STR-014,CAT-06,2024-02-01,2024,2,878,434,34161.08,26904.38,1039.21,7256.7
SL-0002607,STR-014,CAT-07,2024-02-01,2024,2,679,300,15922.66,9385.55,902.94,6537.11
SL-0002608,STR-014,CAT-08,2024-02-01,2024,2,812,523,27359.77,19626.72,752.03,7733.05
SL-0002609,STR-014,CAT-01,2024-03-01,2024,3,795,626,21352.61,12527.09,491.99,8825.52
SL-0002610,STR-014,CAT-02,2024-03-01,2024,3,980,497,19478.72,14790.47,214.02,4688.25
SL-0002611,STR-014,CAT-03,2024-03-01,2024,3,966,415,19467.51,11747.8,205.52,7719.71
SL-0002612,STR-014,CAT-04,2024-03-01,2024,3,595,245,12903.1,8649.16,624.35,4253.94
SL-0002613,STR-014,CAT-05,2024-03-01,2024,3,393,221,12559.96,5466.2,266.68,7093.76
SL-0002614,STR-014,CAT-06,2024-03-01,2024,3,417,236,19088.0,14905.13,905.56,4182.87
SL-0002615,STR-014,CAT-07,2024-03-01,2024,3,389,194,13514.9,7939.11,582.9,5575.79
SL-0002616,STR-014,CAT-08,2024-03-01,2024,3,702,461,16797.08,12238.43,663.22,4558.65
SL-0002617,STR-014,CAT-01,2024-04-01,2024,4,1583,971,27076.91,15827.44,1353.36,11249.47
SL-0002618,STR-014,CAT-02,2024-04-01,2024,4,1260,522,28741.45,23606.95,1545.18,5134.5
SL-0002619,STR-014,CAT-03,2024-04-01,2024,4,1785,1190,32708.58,20165.32,1551.1,12543.26
SL-0002620,STR-014,CAT-04,2024-04-01,2024,4,4523,2139,35932.25,22930.83,1738.06,13001.42
SL-0002621,STR-014,CAT-05,2024-04-01,2024,4,602,318,18440.53,8297.09,191.35,10143.44
SL-0002622,STR-014,CAT-06,2024-04-01,2024,4,779,323,30265.26,24819.93,1064.13,5445.33
SL-0002623,STR-014,CAT-07,2024-04-01,2024,4,498,234,23595.47,14700.13,1415.48,8895.34
SL-0002624,STR-014,CAT-08,2024-04-01,2024,4,927,488,16429.82,11160.19,585.8,5269.63
SL-0002625,STR-014,CAT-01,2024-05-01,2024,5,1360,687,44531.36,25829.77,1830.06,18701.59
SL-0002626,STR-014,CAT-02,2024-05-01,2024,5,1030,652,34625.94,27682.24,968.85,6943.7
SL-0002627,STR-014,CAT-03,2024-05-01,2024,5,1772,663,39464.62,24714.26,1719.02,14750.36
SL-0002628,STR-014,CAT-04,2024-05-01,2024,5,1741,956,37620.95,25285.99,848.84,12334.96
SL-0002629,STR-014,CAT-05,2024-05-01,2024,5,828,500,33640.01,15419.87,585.25,18220.14
SL-0002630,STR-014,CAT-06,2024-05-01,2024,5,845,651,29171.18,21608.32,1496.87,7562.86
SL-0002631,STR-014,CAT-07,2024-05-01,2024,5,966,482,25100.36,14693.92,272.45,10406.44
SL-0002632,STR-014,CAT-08,2024-05-01,2024,5,2020,1218,40760.17,26565.33,1526.86,14194.84
SL-0002633,STR-014,CAT-01,2024-06-01,2024,6,998,577,18907.67,10411.48,599.66,8496.19
SL-0002634,STR-014,CAT-02,2024-06-01,2024,6,812,490,21186.78,17835.95,441.37,3350.83
SL-0002635,STR-014,CAT-03,2024-06-01,2024,6,1080,545,26566.55,16177.71,455.51,10388.84
SL-0002636,STR-014,CAT-04,2024-06-01,2024,6,2020,1040,36008.69,23166.83,386.68,12841.86
SL-0002637,STR-014,CAT-05,2024-06-01,2024,6,1297,821,30309.33,13457.36,1513.16,16851.97
SL-0002638,STR-014,CAT-06,2024-06-01,2024,6,1569,974,22466.05,16941.28,537.02,5524.77
SL-0002639,STR-014,CAT-07,2024-06-01,2024,6,498,267,22109.37,12953.84,950.13,9155.53
SL-0002640,STR-014,CAT-08,2024-06-01,2024,6,1084,675,25683.12,19127.59,585.35,6555.53
SL-0002641,STR-014,CAT-01,2024-07-01,2024,7,1218,606,32045.5,18728.31,1760.99,13317.19
SL-0002642,STR-014,CAT-02,2024-07-01,2024,7,1176,914,37763.02,30572.19,490.35,7190.83
SL-0002643,STR-014,CAT-03,2024-07-01,2024,7,938,506,22277.35,13298.36,722.35,8978.99
SL-0002644,STR-014,CAT-04,2024-07-01,2024,7,1534,722,43241.96,29518.3,851.09,13723.66
SL-0002645,STR-014,CAT-05,2024-07-01,2024,7,1044,537,38540.74,17991.31,1163.75,20549.43
SL-0002646,STR-014,CAT-06,2024-07-01,2024,7,1324,568,34139.41,25755.91,744.88,8383.5
SL-0002647,STR-014,CAT-07,2024-07-01,2024,7,1195,573,40512.82,24582.45,1947.74,15930.37
SL-0002648,STR-014,CAT-08,2024-07-01,2024,7,1137,488,24740.7,18201.26,969.18,6539.44
SL-0002649,STR-014,CAT-01,2024-08-01,2024,8,980,546,31420.23,17030.28,1194.94,14389.95
SL-0002650,STR-014,CAT-02,2024-08-01,2024,8,1008,467,19420.37,16198.49,814.07,3221.88
SL-0002651,STR-014,CAT-03,2024-08-01,2024,8,720,435,19426.48,12378.42,489.68,7048.06
SL-0002652,STR-014,CAT-04,2024-08-01,2024,8,2971,1802,35600.55,22892.69,562.64,12707.86
SL-0002653,STR-014,CAT-05,2024-08-01,2024,8,724,363,28909.87,13809.98,526.36,15099.89
SL-0002654,STR-014,CAT-06,2024-08-01,2024,8,417,250,15833.97,11881.34,273.87,3952.63
SL-0002655,STR-014,CAT-07,2024-08-01,2024,8,674,308,13455.88,7871.09,503.75,5584.79
SL-0002656,STR-014,CAT-08,2024-08-01,2024,8,739,422,23389.68,17017.45,753.87,6372.23
SL-0002657,STR-014,CAT-01,2024-09-01,2024,9,556,292,23801.53,13790.07,1063.91,10011.46
SL-0002658,STR-014,CAT-02,2024-09-01,2024,9,360,177,14291.43,12360.27,168.45,1931.16
SL-0002659,STR-014,CAT-03,2024-09-01,2024,9,528,244,15562.38,9463.59,749.25,6098.79
SL-0002660,STR-014,CAT-04,2024-09-01,2024,9,508,256,16350.92,10468.39,519.01,5882.53
SL-0002661,STR-014,CAT-05,2024-09-01,2024,9,540,303,18141.86,8050.61,635.43,10091.25
SL-0002662,STR-014,CAT-06,2024-09-01,2024,9,1160,673,16615.76,13163.99,645.27,3451.77
SL-0002663,STR-014,CAT-07,2024-09-01,2024,9,855,387,24296.74,14313.09,578.25,9983.65
SL-0002664,STR-014,CAT-08,2024-09-01,2024,9,684,427,29715.69,20899.48,1544.3,8816.21
SL-0002665,STR-014,CAT-01,2024-10-01,2024,10,1196,847,28077.66,16803.71,712.83,11273.95
SL-0002666,STR-014,CAT-02,2024-10-01,2024,10,1064,626,35584.44,29202.42,1180.13,6382.02
SL-0002667,STR-014,CAT-03,2024-10-01,2024,10,1263,820,35674.17,21962.79,389.5,13711.38
SL-0002668,STR-014,CAT-04,2024-10-01,2024,10,1196,561,19468.02,12096.91,550.88,7371.11
SL-0002669,STR-014,CAT-05,2024-10-01,2024,10,590,352,21708.19,9418.29,1295.42,12289.9
SL-0002670,STR-014,CAT-06,2024-10-01,2024,10,1008,569,44678.01,33908.06,1704.07,10769.95
SL-0002671,STR-014,CAT-07,2024-10-01,2024,10,977,521,30508.2,18333.71,955.33,12174.49
SL-0002672,STR-014,CAT-08,2024-10-01,2024,10,1080,552,35358.46,25176.92,1327.29,10181.54
SL-0002673,STR-014,CAT-01,2024-11-01,2024,11,1646,773,37808.82,20603.87,1368.51,17204.95
SL-0002674,STR-014,CAT-02,2024-11-01,2024,11,1251,552,34706.51,28258.12,645.15,6448.39
SL-0002675,STR-014,CAT-03,2024-11-01,2024,11,960,551,20740.49,13058.41,411.99,7682.08
SL-0002676,STR-014,CAT-04,2024-11-01,2024,11,1256,606,26455.84,17502.4,1503.02,8953.44
SL-0002677,STR-014,CAT-05,2024-11-01,2024,11,1756,956,39956.79,17502.83,619.26,22453.96
SL-0002678,STR-014,CAT-06,2024-11-01,2024,11,632,357,21016.31,16022.88,839.69,4993.43
SL-0002679,STR-014,CAT-07,2024-11-01,2024,11,1225,794,38906.24,23645.55,1471.07,15260.69
SL-0002680,STR-014,CAT-08,2024-11-01,2024,11,798,439,23621.55,16275.53,603.26,7346.02
SL-0002681,STR-014,CAT-01,2024-12-01,2024,12,751,434,26700.08,15235.73,600.27,11464.35
SL-0002682,STR-014,CAT-02,2024-12-01,2024,12,2721,1396,68683.78,54792.38,2390.07,13891.4
SL-0002683,STR-014,CAT-03,2024-12-01,2024,12,3359,2227,56800.08,32282.89,736.16,24517.19
SL-0002684,STR-014,CAT-04,2024-12-01,2024,12,1134,469,26146.16,17866.1,1169.44,8280.06
SL-0002685,STR-014,CAT-05,2024-12-01,2024,12,1725,776,51073.94,22964.05,1125.48,28109.89
SL-0002686,STR-014,CAT-06,2024-12-01,2024,12,826,456,27591.88,21371.87,615.88,6220.01
SL-0002687,STR-014,CAT-07,2024-12-01,2024,12,2305,1204,76404.11,46334.31,1942.36,30069.8
SL-0002688,STR-014,CAT-08,2024-12-01,2024,12,1235,558,37873.01,24977.49,1300.15,12895.52
SL-0002689,STR-015,CAT-01,2023-01-01,2023,1,473,296,20056.35,12433.03,299.17,7623.32
SL-0002690,STR-015,CAT-02,2023-01-01,2023,1,771,414,25935.2,22079.7,562.93,3855.5
SL-0002691,STR-015,CAT-03,2023-01-01,2023,1,878,477,21257.65,13428.44,388.81,7829.21
SL-0002692,STR-015,CAT-04,2023-01-01,2023,1,1060,584,28919.88,18866.05,1694.12,10053.83
SL-0002693,STR-015,CAT-05,2023-01-01,2023,1,1135,692,17457.19,7887.56,632.35,9569.63
SL-0002694,STR-015,CAT-06,2023-01-01,2023,1,431,172,18001.02,14369.56,625.12,3631.46
SL-0002695,STR-015,CAT-07,2023-01-01,2023,1,625,418,13369.86,8440.02,697.94,4929.84
SL-0002696,STR-015,CAT-08,2023-01-01,2023,1,555,283,20987.87,14091.38,340.04,6896.49
SL-0002697,STR-015,CAT-01,2023-02-01,2023,2,1249,827,28724.3,17160.86,986.76,11563.44
SL-0002698,STR-015,CAT-02,2023-02-01,2023,2,391,173,14202.57,11368.71,481.5,2833.86
SL-0002699,STR-015,CAT-03,2023-02-01,2023,2,1596,1095,30091.81,18232.47,1045.99,11859.34
SL-0002700,STR-015,CAT-04,2023-02-01,2023,2,457,238,16690.84,11142.11,591.54,5548.73
SL-0002701,STR-015,CAT-05,2023-02-01,2023,2,2316,1718,23899.31,10256.05,529.1,13643.26
SL-0002702,STR-015,CAT-06,2023-02-01,2023,2,974,524,21248.16,16704.19,414.91,4543.97
SL-0002703,STR-015,CAT-07,2023-02-01,2023,2,337,234,14759.86,9036.83,179.37,5723.03
SL-0002704,STR-015,CAT-08,2023-02-01,2023,2,612,317,21470.21,15424.94,1250.36,6045.27
SL-0002705,STR-015,CAT-01,2023-03-01,2023,3,1406,1009,33310.21,19266.85,1021.44,14043.36
SL-0002706,STR-015,CAT-02,2023-03-01,2023,3,651,308,15395.59,12750.79,260.71,2644.8
SL-0002707,STR-015,CAT-03,2023-03-01,2023,3,487,274,16664.78,10165.47,339.08,6499.31
SL-0002708,STR-015,CAT-04,2023-03-01,2023,3,1182,646,30056.36,18653.34,1728.83,11403.02
SL-0002709,STR-015,CAT-05,2023-03-01,2023,3,1147,676,29869.96,13543.27,637.18,16326.69
SL-0002710,STR-015,CAT-06,2023-03-01,2023,3,720,340,27414.73,21936.83,868.78,5477.9
SL-0002711,STR-015,CAT-07,2023-03-01,2023,3,583,361,13127.12,8002.59,381.78,5124.53
SL-0002712,STR-015,CAT-08,2023-03-01,2023,3,419,222,14407.43,9860.99,316.09,4546.44
SL-0002713,STR-015,CAT-01,2023-04-01,2023,4,775,591,13298.69,7857.96,410.43,5440.73
SL-0002714,STR-015,CAT-02,2023-04-01,2023,4,722,395,17153.82,13914.51,888.42,3239.31
SL-0002715,STR-015,CAT-03,2023-04-01,2023,4,628,336,17952.05,10992.99,643.58,6959.06
SL-0002716,STR-015,CAT-04,2023-04-01,2023,4,465,259,17634.38,11250.3,936.03,6384.08
SL-0002717,STR-015,CAT-05,2023-04-01,2023,4,758,397,23556.84,10514.52,413.19,13042.32
SL-0002718,STR-015,CAT-06,2023-04-01,2023,4,830,475,29171.45,22759.65,956.35,6411.8
SL-0002719,STR-015,CAT-07,2023-04-01,2023,4,510,294,10956.17,6532.66,150.56,4423.51
SL-0002720,STR-015,CAT-08,2023-04-01,2023,4,2175,1062,23267.39,17253.59,466.11,6013.8
SL-0002721,STR-015,CAT-01,2023-05-01,2023,5,730,265,19159.68,10849.76,928.82,8309.92
SL-0002722,STR-015,CAT-02,2023-05-01,2023,5,680,322,17252.06,14399.17,422.72,2852.89
SL-0002723,STR-015,CAT-03,2023-05-01,2023,5,653,273,15203.01,9599.76,507.56,5603.25
SL-0002724,STR-015,CAT-04,2023-05-01,2023,5,946,622,39828.12,25345.79,1986.88,14482.33
SL-0002725,STR-015,CAT-05,2023-05-01,2023,5,838,570,19222.94,8582.48,322.6,10640.46
SL-0002726,STR-015,CAT-06,2023-05-01,2023,5,1853,870,30011.47,22628.71,1639.59,7382.76
SL-0002727,STR-015,CAT-07,2023-05-01,2023,5,1793,1071,29901.13,18295.99,889.74,11605.14
SL-0002728,STR-015,CAT-08,2023-05-01,2023,5,845,564,24049.81,16676.09,1120.19,7373.72
SL-0002729,STR-015,CAT-01,2023-06-01,2023,6,931,569,23918.98,14385.74,1235.82,9533.24
SL-0002730,STR-015,CAT-02,2023-06-01,2023,6,1045,447,19061.97,15606.99,377.65,3454.98
SL-0002731,STR-015,CAT-03,2023-06-01,2023,6,572,470,17850.4,10915.31,469.14,6935.09
SL-0002732,STR-015,CAT-04,2023-06-01,2023,6,452,242,19426.83,12834.07,201.4,6592.76
SL-0002733,STR-015,CAT-05,2023-06-01,2023,6,978,626,29898.99,13934.97,592.73,15964.02
SL-0002734,STR-015,CAT-06,2023-06-01,2023,6,639,244,16455.65,12626.91,243.61,3828.74
SL-0002735,STR-015,CAT-07,2023-06-01,2023,6,1139,803,26769.17,15922.12,1586.02,10847.05
SL-0002736,STR-015,CAT-08,2023-06-01,2023,6,985,571,18584.21,13449.21,1023.53,5135.0
SL-0002737,STR-015,CAT-01,2023-07-01,2023,7,1138,629,35249.06,19617.64,387.06,15631.42
SL-0002738,STR-015,CAT-02,2023-07-01,2023,7,922,616,18377.36,14919.04,1069.3,3458.32
SL-0002739,STR-015,CAT-03,2023-07-01,2023,7,518,321,21904.13,13052.0,984.41,8852.13
SL-0002740,STR-015,CAT-04,2023-07-01,2023,7,575,301,16559.18,11126.6,204.97,5432.58
SL-0002741,STR-015,CAT-05,2023-07-01,2023,7,1138,578,29469.33,12895.51,1292.24,16573.82
SL-0002742,STR-015,CAT-06,2023-07-01,2023,7,537,324,18425.21,14216.78,644.28,4208.43
SL-0002743,STR-015,CAT-07,2023-07-01,2023,7,515,299,17411.54,9811.34,627.7,7600.2
SL-0002744,STR-015,CAT-08,2023-07-01,2023,7,576,288,25430.5,18110.37,770.22,7320.13
SL-0002745,STR-015,CAT-01,2023-08-01,2023,8,2852,1515,37199.85,21896.55,1720.76,15303.3
SL-0002746,STR-015,CAT-02,2023-08-01,2023,8,937,489,25458.25,19967.83,944.44,5490.42
SL-0002747,STR-015,CAT-03,2023-08-01,2023,8,594,356,14530.15,9339.1,678.49,5191.05
SL-0002748,STR-015,CAT-04,2023-08-01,2023,8,1143,710,19962.46,12288.04,392.26,7674.42
SL-0002749,STR-015,CAT-05,2023-08-01,2023,8,1070,764,28736.19,13362.36,547.02,15373.83
SL-0002750,STR-015,CAT-06,2023-08-01,2023,8,1380,642,40973.66,32747.16,1591.97,8226.5
SL-0002751,STR-015,CAT-07,2023-08-01,2023,8,792,372,20779.71,13395.81,230.95,7383.9
SL-0002752,STR-015,CAT-08,2023-08-01,2023,8,1419,689,37319.02,26666.92,938.27,10652.1
SL-0002753,STR-015,CAT-01,2023-09-01,2023,9,859,598,26762.91,15592.19,795.65,11170.72
SL-0002754,STR-015,CAT-02,2023-09-01,2023,9,815,308,27205.4,23648.46,730.66,3556.94
SL-0002755,STR-015,CAT-03,2023-09-01,2023,9,1516,980,29672.82,18346.5,1638.64,11326.32
SL-0002756,STR-015,CAT-04,2023-09-01,2023,9,660,379,15151.05,10486.98,581.37,4664.07
SL-0002757,STR-015,CAT-05,2023-09-01,2023,9,1059,561,29213.2,12544.42,613.35,16668.78
SL-0002758,STR-015,CAT-06,2023-09-01,2023,9,948,503,22430.99,17641.62,912.23,4789.37
SL-0002759,STR-015,CAT-07,2023-09-01,2023,9,890,574,27914.01,16950.19,1285.2,10963.82
SL-0002760,STR-015,CAT-08,2023-09-01,2023,9,574,363,17746.61,11992.72,326.78,5753.89
SL-0002761,STR-015,CAT-01,2023-10-01,2023,10,531,339,12071.32,6855.86,481.92,5215.46
SL-0002762,STR-015,CAT-02,2023-10-01,2023,10,766,383,25309.31,20754.37,640.58,4554.94
SL-0002763,STR-015,CAT-03,2023-10-01,2023,10,678,333,19356.07,12145.46,486.8,7210.61
SL-0002764,STR-015,CAT-04,2023-10-01,2023,10,441,224,14035.72,9407.3,579.46,4628.42
SL-0002765,STR-015,CAT-05,2023-10-01,2023,10,533,272,14142.38,6648.96,265.38,7493.42
SL-0002766,STR-015,CAT-06,2023-10-01,2023,10,761,523,28124.88,21713.97,340.19,6410.91
SL-0002767,STR-015,CAT-07,2023-10-01,2023,10,1094,602,20354.14,11853.88,415.55,8500.26
SL-0002768,STR-015,CAT-08,2023-10-01,2023,10,590,332,13695.65,9088.7,580.55,4606.95
SL-0002769,STR-015,CAT-01,2023-11-01,2023,11,1092,482,34083.84,20102.82,749.98,13981.02
SL-0002770,STR-015,CAT-02,2023-11-01,2023,11,842,522,24983.29,20988.29,499.24,3995.0
SL-0002771,STR-015,CAT-03,2023-11-01,2023,11,749,438,18283.06,11159.38,788.33,7123.68
SL-0002772,STR-015,CAT-04,2023-11-01,2023,11,461,223,14916.89,9329.32,501.85,5587.57
SL-0002773,STR-015,CAT-05,2023-11-01,2023,11,1548,973,39926.61,17446.38,611.97,22480.23
SL-0002774,STR-015,CAT-06,2023-11-01,2023,11,1040,479,26966.02,21216.49,609.94,5749.53
SL-0002775,STR-015,CAT-07,2023-11-01,2023,11,1355,790,33675.41,19617.35,463.92,14058.06
SL-0002776,STR-015,CAT-08,2023-11-01,2023,11,462,269,19243.81,13099.84,324.58,6143.97
SL-0002777,STR-015,CAT-01,2023-12-01,2023,12,545,229,19964.04,11590.11,326.82,8373.93
SL-0002778,STR-015,CAT-02,2023-12-01,2023,12,1129,738,48191.07,40750.33,2669.61,7440.74
SL-0002779,STR-015,CAT-03,2023-12-01,2023,12,920,474,18198.15,11923.32,1052.12,6274.83
SL-0002780,STR-015,CAT-04,2023-12-01,2023,12,585,310,18883.07,12132.22,994.11,6750.85
SL-0002781,STR-015,CAT-05,2023-12-01,2023,12,1042,457,34956.4,15697.28,1846.22,19259.12
SL-0002782,STR-015,CAT-06,2023-12-01,2023,12,1406,1285,27199.01,21105.75,1614.94,6093.26
SL-0002783,STR-015,CAT-07,2023-12-01,2023,12,1171,974,32839.21,19276.37,834.11,13562.84
SL-0002784,STR-015,CAT-08,2023-12-01,2023,12,2189,986,23575.21,16279.19,660.84,7296.02
SL-0002785,STR-015,CAT-01,2024-01-01,2024,1,2145,1699,24891.77,14326.81,492.9,10564.96
SL-0002786,STR-015,CAT-02,2024-01-01,2024,1,436,236,13817.82,11286.38,668.81,2531.44
SL-0002787,STR-015,CAT-03,2024-01-01,2024,1,876,589,15944.2,9658.09,782.33,6286.11
SL-0002788,STR-015,CAT-04,2024-01-01,2024,1,657,413,20778.64,13479.87,1210.2,7298.77
SL-0002789,STR-015,CAT-05,2024-01-01,2024,1,523,259,14499.86,6316.81,379.77,8183.05
SL-0002790,STR-015,CAT-06,2024-01-01,2024,1,342,193,10400.22,7822.43,517.98,2577.79
SL-0002791,STR-015,CAT-07,2024-01-01,2024,1,636,338,14447.04,8711.68,168.12,5735.36
SL-0002792,STR-015,CAT-08,2024-01-01,2024,1,473,236,17637.48,12178.12,707.17,5459.36
SL-0002793,STR-015,CAT-01,2024-02-01,2024,2,546,334,17619.14,10525.64,411.27,7093.5
SL-0002794,STR-015,CAT-02,2024-02-01,2024,2,316,168,6476.14,5234.62,187.18,1241.52
SL-0002795,STR-015,CAT-03,2024-02-01,2024,2,750,405,18019.45,10671.99,241.9,7347.46
SL-0002796,STR-015,CAT-04,2024-02-01,2024,2,935,523,22183.22,15473.78,754.7,6709.44
SL-0002797,STR-015,CAT-05,2024-02-01,2024,2,585,373,13624.68,6022.3,813.3,7602.38
SL-0002798,STR-015,CAT-06,2024-02-01,2024,2,945,351,19741.15,16094.47,809.93,3646.68
SL-0002799,STR-015,CAT-07,2024-02-01,2024,2,378,238,9276.12,5698.14,382.57,3577.98
SL-0002800,STR-015,CAT-08,2024-02-01,2024,2,862,606,20152.83,14262.79,1106.56,5890.04
SL-0002801,STR-015,CAT-01,2024-03-01,2024,3,676,413,24835.65,14688.67,728.25,10146.98
SL-0002802,STR-015,CAT-02,2024-03-01,2024,3,551,231,12650.96,10375.01,645.92,2275.95
SL-0002803,STR-015,CAT-03,2024-03-01,2024,3,414,245,13611.02,8676.76,249.33,4934.26
SL-0002804,STR-015,CAT-04,2024-03-01,2024,3,591,299,23826.24,16274.3,1070.87,7551.94
SL-0002805,STR-015,CAT-05,2024-03-01,2024,3,972,534,23731.23,10982.11,1397.92,12749.12
SL-0002806,STR-015,CAT-06,2024-03-01,2024,3,574,314,24530.04,20260.59,1230.3,4269.45
SL-0002807,STR-015,CAT-07,2024-03-01,2024,3,758,405,14844.43,8750.94,418.91,6093.49
SL-0002808,STR-015,CAT-08,2024-03-01,2024,3,849,406,31298.95,22222.63,916.05,9076.32
SL-0002809,STR-015,CAT-01,2024-04-01,2024,4,1746,900,22619.44,13546.63,253.43,9072.81
SL-0002810,STR-015,CAT-02,2024-04-01,2024,4,767,451,23016.93,18074.77,1374.7,4942.16
SL-0002811,STR-015,CAT-03,2024-04-01,2024,4,1747,980,41874.2,24858.72,943.47,17015.48
SL-0002812,STR-015,CAT-04,2024-04-01,2024,4,1245,714,42072.87,26468.48,1984.05,15604.39
SL-0002813,STR-015,CAT-05,2024-04-01,2024,4,1473,747,22170.96,9455.33,1145.21,12715.63
SL-0002814,STR-015,CAT-06,2024-04-01,2024,4,698,441,21109.29,15740.39,369.13,5368.9
SL-0002815,STR-015,CAT-07,2024-04-01,2024,4,367,179,15488.37,9321.76,472.71,6166.61
SL-0002816,STR-015,CAT-08,2024-04-01,2024,4,1596,1014,34102.75,24449.72,537.62,9653.03
SL-0002817,STR-015,CAT-01,2024-05-01,2024,5,510,275,15609.33,9204.18,456.15,6405.15
SL-0002818,STR-015,CAT-02,2024-05-01,2024,5,609,332,22279.04,18076.48,1008.41,4202.56
SL-0002819,STR-015,CAT-03,2024-05-01,2024,5,567,212,17886.04,10919.26,1062.21,6966.78
SL-0002820,STR-015,CAT-04,2024-05-01,2024,5,873,360,29601.24,18224.58,756.68,11376.66
SL-0002821,STR-015,CAT-05,2024-05-01,2024,5,840,528,20377.84,9390.5,433.63,10987.34
SL-0002822,STR-015,CAT-06,2024-05-01,2024,5,879,446,20295.37,15288.8,543.16,5006.57
SL-0002823,STR-015,CAT-07,2024-05-01,2024,5,486,262,12728.48,7666.99,208.21,5061.49
SL-0002824,STR-015,CAT-08,2024-05-01,2024,5,674,403,13609.98,9307.85,816.07,4302.13
SL-0002825,STR-015,CAT-01,2024-06-01,2024,6,498,267,16003.24,9201.16,836.84,6802.08
SL-0002826,STR-015,CAT-02,2024-06-01,2024,6,422,228,13495.93,10921.43,252.19,2574.5
SL-0002827,STR-015,CAT-03,2024-06-01,2024,6,580,350,13463.99,8571.41,295.2,4892.58
SL-0002828,STR-015,CAT-04,2024-06-01,2024,6,1191,519,29733.26,19404.44,1676.3,10328.82
SL-0002829,STR-015,CAT-05,2024-06-01,2024,6,292,165,12602.12,5350.68,524.76,7251.44
SL-0002830,STR-015,CAT-06,2024-06-01,2024,6,826,553,24496.41,20142.12,1090.69,4354.29
SL-0002831,STR-015,CAT-07,2024-06-01,2024,6,511,314,12818.27,7771.18,197.44,5047.09
SL-0002832,STR-015,CAT-08,2024-06-01,2024,6,518,279,15852.27,10864.89,683.3,4987.38
SL-0002833,STR-015,CAT-01,2024-07-01,2024,7,395,206,18866.21,10808.7,387.48,8057.51
SL-0002834,STR-015,CAT-02,2024-07-01,2024,7,483,300,18902.92,16586.6,1066.4,2316.32
SL-0002835,STR-015,CAT-03,2024-07-01,2024,7,554,296,17177.48,10847.59,524.29,6329.89
SL-0002836,STR-015,CAT-04,2024-07-01,2024,7,1067,523,22075.42,14845.02,829.73,7230.4
SL-0002837,STR-015,CAT-05,2024-07-01,2024,7,552,319,13951.39,6314.02,252.45,7637.37
SL-0002838,STR-015,CAT-06,2024-07-01,2024,7,874,456,26309.93,21789.61,357.12,4520.32
SL-0002839,STR-015,CAT-07,2024-07-01,2024,7,438,199,17761.6,10869.1,818.21,6892.5
SL-0002840,STR-015,CAT-08,2024-07-01,2024,7,435,267,18006.85,12336.28,268.28,5670.57
SL-0002841,STR-015,CAT-01,2024-08-01,2024,8,999,586,29150.79,17325.23,484.32,11825.56
SL-0002842,STR-015,CAT-02,2024-08-01,2024,8,725,304,23042.3,19163.75,799.19,3878.55
SL-0002843,STR-015,CAT-03,2024-08-01,2024,8,2042,1245,32424.39,20796.72,1495.13,11627.67
SL-0002844,STR-015,CAT-04,2024-08-01,2024,8,1220,767,40448.52,25839.87,1351.07,14608.65
SL-0002845,STR-015,CAT-05,2024-08-01,2024,8,566,314,18689.42,8774.96,264.82,9914.46
SL-0002846,STR-015,CAT-06,2024-08-01,2024,8,1037,616,38535.58,29545.93,1562.5,8989.65
SL-0002847,STR-015,CAT-07,2024-08-01,2024,8,937,385,20606.58,12599.55,521.33,8007.03
SL-0002848,STR-015,CAT-08,2024-08-01,2024,8,906,481,22917.51,15837.72,703.7,7079.79
SL-0002849,STR-015,CAT-01,2024-09-01,2024,9,1755,762,33176.94,19697.71,1171.33,13479.23
SL-0002850,STR-015,CAT-02,2024-09-01,2024,9,501,362,18392.51,14288.93,445.21,4103.58
SL-0002851,STR-015,CAT-03,2024-09-01,2024,9,727,321,22693.98,14215.62,545.89,8478.36
SL-0002852,STR-015,CAT-04,2024-09-01,2024,9,749,408,17843.43,11379.38,676.66,6464.05
SL-0002853,STR-015,CAT-05,2024-09-01,2024,9,800,474,26862.68,11790.09,304.09,15072.59
SL-0002854,STR-015,CAT-06,2024-09-01,2024,9,565,359,17630.78,13945.71,663.53,3685.07
SL-0002855,STR-015,CAT-07,2024-09-01,2024,9,756,464,23466.69,13694.53,640.34,9772.16
SL-0002856,STR-015,CAT-08,2024-09-01,2024,9,677,457,30024.38,21532.98,1674.31,8491.4
SL-0002857,STR-015,CAT-01,2024-10-01,2024,10,788,480,24336.0,13706.94,1358.51,10629.06
SL-0002858,STR-015,CAT-02,2024-10-01,2024,10,8424,5314,27347.47,21913.7,1123.97,5433.77
SL-0002859,STR-015,CAT-03,2024-10-01,2024,10,930,655,33975.58,21046.3,1367.67,12929.28
SL-0002860,STR-015,CAT-04,2024-10-01,2024,10,881,447,17459.2,11366.01,1002.64,6093.19
SL-0002861,STR-015,CAT-05,2024-10-01,2024,10,1194,817,22953.48,9977.28,1077.29,12976.2
SL-0002862,STR-015,CAT-06,2024-10-01,2024,10,733,298,23355.33,18091.07,235.49,5264.26
SL-0002863,STR-015,CAT-07,2024-10-01,2024,10,1732,1288,43568.06,26135.26,1227.45,17432.8
SL-0002864,STR-015,CAT-08,2024-10-01,2024,10,548,319,19187.18,12839.73,306.52,6347.45
SL-0002865,STR-015,CAT-01,2024-11-01,2024,11,962,484,25023.17,14672.39,357.03,10350.78
SL-0002866,STR-015,CAT-02,2024-11-01,2024,11,799,646,20818.82,17542.17,1025.8,3276.65
SL-0002867,STR-015,CAT-03,2024-11-01,2024,11,753,348,22501.4,13858.48,610.39,8642.92
SL-0002868,STR-015,CAT-04,2024-11-01,2024,11,1017,574,16847.42,10878.04,222.34,5969.38
SL-0002869,STR-015,CAT-05,2024-11-01,2024,11,1034,638,23037.01,10989.77,1133.36,12047.24
SL-0002870,STR-015,CAT-06,2024-11-01,2024,11,572,406,12104.91,9183.26,542.65,2921.65
SL-0002871,STR-015,CAT-07,2024-11-01,2024,11,672,374,26830.78,16252.87,1584.64,10577.91
SL-0002872,STR-015,CAT-08,2024-11-01,2024,11,770,551,24884.04,17462.81,858.97,7421.23
SL-0002873,STR-015,CAT-01,2024-12-01,2024,12,808,616,19728.38,11237.02,379.01,8491.36
SL-0002874,STR-015,CAT-02,2024-12-01,2024,12,2113,1552,33069.92,26577.39,1269.69,6492.53
SL-0002875,STR-015,CAT-03,2024-12-01,2024,12,1828,995,36538.35,22677.66,1924.57,13860.69
SL-0002876,STR-015,CAT-04,2024-12-01,2024,12,1278,878,22158.33,14726.06,683.97,7432.27
SL-0002877,STR-015,CAT-05,2024-12-01,2024,12,1251,814,36489.59,15887.54,1731.61,20602.05
SL-0002878,STR-015,CAT-06,2024-12-01,2024,12,1875,957,38176.27,30025.62,463.52,8150.65
SL-0002879,STR-015,CAT-07,2024-12-01,2024,12,2174,919,70639.86,42099.15,1801.68,28540.71
SL-0002880,STR-015,CAT-08,2024-12-01,2024,12,1148,782,33418.89,23749.75,1862.39,9669.14
SL-0002881,STR-016,CAT-01,2023-01-01,2023,1,624,335,16478.94,9511.14,222.35,6967.8
SL-0002882,STR-016,CAT-02,2023-01-01,2023,1,268,147,7856.93,6843.57,302.1,1013.36
SL-0002883,STR-016,CAT-03,2023-01-01,2023,1,266,157,9480.8,6023.38,493.98,3457.42
SL-0002884,STR-016,CAT-04,2023-01-01,2023,1,555,381,16325.02,10869.69,416.39,5455.33
SL-0002885,STR-016,CAT-05,2023-01-01,2023,1,220,177,8670.84,3833.24,367.96,4837.6
SL-0002886,STR-016,CAT-06,2023-01-01,2023,1,345,206,15204.65,12136.12,855.98,3068.53
SL-0002887,STR-016,CAT-07,2023-01-01,2023,1,922,732,13655.42,8101.77,139.56,5553.65
SL-0002888,STR-016,CAT-08,2023-01-01,2023,1,238,133,8352.11,5774.95,133.31,2577.16
SL-0002889,STR-016,CAT-01,2023-02-01,2023,2,415,204,9602.53,5389.9,187.42,4212.63
SL-0002890,STR-016,CAT-02,2023-02-01,2023,2,794,498,14342.44,11997.61,693.45,2344.83
SL-0002891,STR-016,CAT-03,2023-02-01,2023,2,550,287,11527.69,7115.76,677.97,4411.93
SL-0002892,STR-016,CAT-04,2023-02-01,2023,2,512,269,12720.57,7658.31,221.51,5062.26
SL-0002893,STR-016,CAT-05,2023-02-01,2023,2,805,365,18941.05,8640.93,962.55,10300.12
SL-0002894,STR-016,CAT-06,2023-02-01,2023,2,1008,810,17304.58,13473.04,607.75,3831.54
SL-0002895,STR-016,CAT-07,2023-02-01,2023,2,300,172,10177.37,6172.05,206.99,4005.32
SL-0002896,STR-016,CAT-08,2023-02-01,2023,2,445,246,16463.2,11432.41,755.9,5030.79
SL-0002897,STR-016,CAT-01,2023-03-01,2023,3,483,302,14948.64,8428.43,537.0,6520.21
SL-0002898,STR-016,CAT-02,2023-03-01,2023,3,390,253,17503.09,14260.15,570.84,3242.94
SL-0002899,STR-016,CAT-03,2023-03-01,2023,3,1104,555,26388.01,16712.21,333.68,9675.8
SL-0002900,STR-016,CAT-04,2023-03-01,2023,3,810,454,18311.87,11969.12,215.86,6342.75
SL-0002901,STR-016,CAT-05,2023-03-01,2023,3,533,355,15654.95,7046.6,896.18,8608.35
SL-0002902,STR-016,CAT-06,2023-03-01,2023,3,1507,930,22728.16,17841.63,243.31,4886.53
SL-0002903,STR-016,CAT-07,2023-03-01,2023,3,323,163,12745.01,7343.55,418.57,5401.46
SL-0002904,STR-016,CAT-08,2023-03-01,2023,3,633,391,23577.44,17368.2,551.88,6209.24
SL-0002905,STR-016,CAT-01,2023-04-01,2023,4,295,119,11782.14,6761.65,192.55,5020.49
SL-0002906,STR-016,CAT-02,2023-04-01,2023,4,463,229,18269.12,15260.38,508.7,3008.74
SL-0002907,STR-016,CAT-03,2023-04-01,2023,4,1516,942,24210.54,15376.24,1064.69,8834.3
SL-0002908,STR-016,CAT-04,2023-04-01,2023,4,1039,532,25485.17,15603.34,665.3,9881.83
SL-0002909,STR-016,CAT-05,2023-04-01,2023,4,494,295,21782.29,9977.81,534.22,11804.48
SL-0002910,STR-016,CAT-06,2023-04-01,2023,4,796,425,20768.3,16446.62,291.45,4321.68
SL-0002911,STR-016,CAT-07,2023-04-01,2023,4,513,266,15565.34,9279.1,890.01,6286.24
SL-0002912,STR-016,CAT-08,2023-04-01,2023,4,351,204,15671.67,11110.89,256.43,4560.78
SL-0002913,STR-016,CAT-01,2023-05-01,2023,5,286,166,11041.31,6181.29,557.99,4860.02
SL-0002914,STR-016,CAT-02,2023-05-01,2023,5,615,285,16044.34,13826.67,494.06,2217.67
SL-0002915,STR-016,CAT-03,2023-05-01,2023,5,553,252,18992.96,11691.47,952.74,7301.49
SL-0002916,STR-016,CAT-04,2023-05-01,2023,5,751,471,19755.72,12543.43,448.47,7212.29
SL-0002917,STR-016,CAT-05,2023-05-01,2023,5,543,318,17423.73,8178.43,272.94,9245.3
SL-0002918,STR-016,CAT-06,2023-05-01,2023,5,550,274,14446.38,11357.02,814.68,3089.36
SL-0002919,STR-016,CAT-07,2023-05-01,2023,5,705,434,9149.14,5265.64,475.7,3883.5
SL-0002920,STR-016,CAT-08,2023-05-01,2023,5,673,319,18599.9,13329.84,992.17,5270.06
SL-0002921,STR-016,CAT-01,2023-06-01,2023,6,1098,874,17188.17,10048.98,498.33,7139.19
SL-0002922,STR-016,CAT-02,2023-06-01,2023,6,476,266,17026.22,14271.05,973.31,2755.17
SL-0002923,STR-016,CAT-03,2023-06-01,2023,6,855,440,23531.1,14916.73,1158.64,8614.37
SL-0002924,STR-016,CAT-04,2023-06-01,2023,6,1092,556,28545.13,19731.16,1258.52,8813.97
SL-0002925,STR-016,CAT-05,2023-06-01,2023,6,576,370,20487.77,9413.64,748.41,11074.13
SL-0002926,STR-016,CAT-06,2023-06-01,2023,6,959,436,21680.18,17047.85,615.12,4632.33
SL-0002927,STR-016,CAT-07,2023-06-01,2023,6,539,360,17289.65,10568.41,963.33,6721.24
SL-0002928,STR-016,CAT-08,2023-06-01,2023,6,325,211,11378.28,8137.34,344.37,3240.94
SL-0002929,STR-016,CAT-01,2023-07-01,2023,7,516,256,18394.14,10574.25,626.56,7819.89
SL-0002930,STR-016,CAT-02,2023-07-01,2023,7,502,245,15622.9,12675.35,217.46,2947.55
SL-0002931,STR-016,CAT-03,2023-07-01,2023,7,534,290,17609.54,10855.39,865.44,6754.15
SL-0002932,STR-016,CAT-04,2023-07-01,2023,7,772,512,16720.63,10577.46,283.89,6143.17
SL-0002933,STR-016,CAT-05,2023-07-01,2023,7,487,233,11551.83,4989.45,183.85,6562.38
SL-0002934,STR-016,CAT-06,2023-07-01,2023,7,800,476,28471.03,21777.33,523.37,6693.7
SL-0002935,STR-016,CAT-07,2023-07-01,2023,7,299,164,13910.57,7991.64,520.08,5918.93
SL-0002936,STR-016,CAT-08,2023-07-01,2023,7,742,407,17187.97,11492.93,978.99,5695.04
SL-0002937,STR-016,CAT-01,2023-08-01,2023,8,680,308,12856.77,7613.87,528.52,5242.9
SL-0002938,STR-016,CAT-02,2023-08-01,2023,8,927,566,12962.29,10549.34,628.8,2412.95
SL-0002939,STR-016,CAT-03,2023-08-01,2023,8,455,256,10212.95,6290.77,517.46,3922.18
SL-0002940,STR-016,CAT-04,2023-08-01,2023,8,229,183,8812.12,5593.07,521.08,3219.05
SL-0002941,STR-016,CAT-05,2023-08-01,2023,8,698,293,15102.3,7111.47,770.38,7990.83
SL-0002942,STR-016,CAT-06,2023-08-01,2023,8,631,325,14365.21,11222.8,294.66,3142.41
SL-0002943,STR-016,CAT-07,2023-08-01,2023,8,331,177,8788.44,5219.82,289.37,3568.62
SL-0002944,STR-016,CAT-08,2023-08-01,2023,8,396,208,11035.83,8170.2,477.59,2865.63
SL-0002945,STR-016,CAT-01,2023-09-01,2023,9,560,329,16853.67,9948.2,195.34,6905.47
SL-0002946,STR-016,CAT-02,2023-09-01,2023,9,837,466,22198.06,18357.07,1099.25,3840.99
SL-0002947,STR-016,CAT-03,2023-09-01,2023,9,1571,829,17377.64,10810.28,498.49,6567.36
SL-0002948,STR-016,CAT-04,2023-09-01,2023,9,769,500,18163.3,11423.04,1034.8,6740.26
SL-0002949,STR-016,CAT-05,2023-09-01,2023,9,1188,684,28109.42,12385.43,1168.96,15723.99
SL-0002950,STR-016,CAT-06,2023-09-01,2023,9,420,225,13492.2,10786.71,229.23,2705.49
SL-0002951,STR-016,CAT-07,2023-09-01,2023,9,903,927,27499.28,16840.78,422.73,10658.5
SL-0002952,STR-016,CAT-08,2023-09-01,2023,9,1291,740,33948.1,22889.47,585.92,11058.63
SL-0002953,STR-016,CAT-01,2023-10-01,2023,10,1031,531,16758.03,9894.92,187.5,6863.11
SL-0002954,STR-016,CAT-02,2023-10-01,2023,10,284,177,9719.32,7775.36,175.81,1943.96
SL-0002955,STR-016,CAT-03,2023-10-01,2023,10,422,180,15338.77,9618.62,873.23,5720.15
SL-0002956,STR-016,CAT-04,2023-10-01,2023,10,539,323,15433.9,10513.64,824.1,4920.26
SL-0002957,STR-016,CAT-05,2023-10-01,2023,10,519,265,14380.6,6395.81,488.65,7984.79
SL-0002958,STR-016,CAT-06,2023-10-01,2023,10,619,377,11330.87,8959.15,524.83,2371.72
SL-0002959,STR-016,CAT-07,2023-10-01,2023,10,414,212,15441.29,9173.72,284.54,6267.57
SL-0002960,STR-016,CAT-08,2023-10-01,2023,10,418,214,13179.73,9737.54,564.71,3442.19
SL-0002961,STR-016,CAT-01,2023-11-01,2023,11,1215,807,28015.19,16165.91,1185.53,11849.28
SL-0002962,STR-016,CAT-02,2023-11-01,2023,11,1442,753,33185.6,28884.82,877.93,4300.78
SL-0002963,STR-016,CAT-03,2023-11-01,2023,11,1018,539,22782.82,14364.01,349.06,8418.81
SL-0002964,STR-016,CAT-04,2023-11-01,2023,11,368,276,11946.55,7599.35,699.07,4347.2
SL-0002965,STR-016,CAT-05,2023-11-01,2023,11,815,389,21049.59,9676.7,733.83,11372.89
SL-0002966,STR-016,CAT-06,2023-11-01,2023,11,445,406,11662.78,9613.99,503.4,2048.79
SL-0002967,STR-016,CAT-07,2023-11-01,2023,11,509,315,18997.74,11427.46,875.18,7570.28
SL-0002968,STR-016,CAT-08,2023-11-01,2023,11,623,325,15471.93,11301.52,247.05,4170.41
SL-0002969,STR-016,CAT-01,2023-12-01,2023,12,642,307,23688.21,14024.71,617.61,9663.5
SL-0002970,STR-016,CAT-02,2023-12-01,2023,12,1025,562,22545.81,18757.81,1066.82,3788.0
SL-0002971,STR-016,CAT-03,2023-12-01,2023,12,1586,939,21027.85,12971.43,256.33,8056.42
SL-0002972,STR-016,CAT-04,2023-12-01,2023,12,346,171,7818.29,5168.07,456.87,2650.22
SL-0002973,STR-016,CAT-05,2023-12-01,2023,12,689,383,25269.02,11487.34,835.82,13781.68
SL-0002974,STR-016,CAT-06,2023-12-01,2023,12,638,281,19798.65,14570.57,636.73,5228.08
SL-0002975,STR-016,CAT-07,2023-12-01,2023,12,811,398,39064.12,24346.11,2021.64,14718.01
SL-0002976,STR-016,CAT-08,2023-12-01,2023,12,355,213,15581.66,10752.66,863.26,4829.0
SL-0002977,STR-016,CAT-01,2024-01-01,2024,1,486,332,15439.14,8849.76,532.19,6589.38
SL-0002978,STR-016,CAT-02,2024-01-01,2024,1,377,207,6201.8,5156.93,364.03,1044.87
SL-0002979,STR-016,CAT-03,2024-01-01,2024,1,197,85,8695.9,5376.76,149.42,3319.14
SL-0002980,STR-016,CAT-04,2024-01-01,2024,1,428,217,12600.32,7983.47,501.8,4616.85
SL-0002981,STR-016,CAT-05,2024-01-01,2024,1,177,95,7294.72,3326.41,171.24,3968.31
SL-0002982,STR-016,CAT-06,2024-01-01,2024,1,376,187,14847.04,11597.1,323.84,3249.94
SL-0002983,STR-016,CAT-07,2024-01-01,2024,1,251,174,8086.35,4844.25,474.81,3242.1
SL-0002984,STR-016,CAT-08,2024-01-01,2024,1,305,161,8176.79,5536.74,101.92,2640.05
SL-0002985,STR-016,CAT-01,2024-02-01,2024,2,374,196,9489.32,5086.56,504.27,4402.76
SL-0002986,STR-016,CAT-02,2024-02-01,2024,2,446,223,10787.41,9016.79,270.01,1770.62
SL-0002987,STR-016,CAT-03,2024-02-01,2024,2,376,207,9355.08,5976.33,142.51,3378.75
SL-0002988,STR-016,CAT-04,2024-02-01,2024,2,366,179,16104.8,10480.72,935.66,5624.08
SL-0002989,STR-016,CAT-05,2024-02-01,2024,2,199,139,7331.34,3361.62,285.5,3969.72
SL-0002990,STR-016,CAT-06,2024-02-01,2024,2,422,230,11512.65,9595.7,453.74,1916.95
SL-0002991,STR-016,CAT-07,2024-02-01,2024,2,220,155,5719.48,3370.56,120.19,2348.92
SL-0002992,STR-016,CAT-08,2024-02-01,2024,2,282,196,10651.0,7446.47,264.7,3204.53
SL-0002993,STR-016,CAT-01,2024-03-01,2024,3,491,273,18086.1,10300.95,336.68,7785.15
SL-0002994,STR-016,CAT-02,2024-03-01,2024,3,455,256,15063.58,12202.9,271.81,2860.68
SL-0002995,STR-016,CAT-03,2024-03-01,2024,3,1171,633,17309.59,10507.16,306.2,6802.43
SL-0002996,STR-016,CAT-04,2024-03-01,2024,3,763,375,14368.47,9196.91,525.7,5171.56
SL-0002997,STR-016,CAT-05,2024-03-01,2024,3,997,516,17173.0,7894.47,736.32,9278.53
SL-0002998,STR-016,CAT-06,2024-03-01,2024,3,358,177,11653.99,9465.86,568.29,2188.13
SL-0002999,STR-016,CAT-07,2024-03-01,2024,3,567,275,11455.09,6803.33,376.44,4651.76
SL-0003000,STR-016,CAT-08,2024-03-01,2024,3,597,313,12010.01,8111.67,344.6,3898.34
SL-0003001,STR-016,CAT-01,2024-04-01,2024,4,507,242,15649.5,8789.56,929.57,6859.94
SL-0003002,STR-016,CAT-02,2024-04-01,2024,4,517,325,13047.43,10097.89,240.81,2949.54
SL-0003003,STR-016,CAT-03,2024-04-01,2024,4,894,525,15748.22,9178.96,438.36,6569.26
SL-0003004,STR-016,CAT-04,2024-04-01,2024,4,554,310,16858.85,11236.97,867.38,5621.88
SL-0003005,STR-016,CAT-05,2024-04-01,2024,4,446,207,17579.82,8187.74,316.98,9392.08
SL-0003006,STR-016,CAT-06,2024-04-01,2024,4,369,198,14822.08,11966.55,673.07,2855.53
SL-0003007,STR-016,CAT-07,2024-04-01,2024,4,382,207,12953.1,7787.6,655.24,5165.5
SL-0003008,STR-016,CAT-08,2024-04-01,2024,4,292,171,10335.88,7326.28,589.2,3009.6
SL-0003009,STR-016,CAT-01,2024-05-01,2024,5,441,274,13565.0,7906.73,481.92,5658.27
SL-0003010,STR-016,CAT-02,2024-05-01,2024,5,468,329,12907.93,10356.55,695.31,2551.38
SL-0003011,STR-016,CAT-03,2024-05-01,2024,5,656,372,19857.79,12512.06,856.9,7345.73
SL-0003012,STR-016,CAT-04,2024-05-01,2024,5,883,486,20656.46,13621.64,282.84,7034.82
SL-0003013,STR-016,CAT-05,2024-05-01,2024,5,513,246,12947.11,5630.84,234.9,7316.27
SL-0003014,STR-016,CAT-06,2024-05-01,2024,5,777,579,22389.67,17297.26,227.67,5092.41
SL-0003015,STR-016,CAT-07,2024-05-01,2024,5,711,331,19440.45,12282.14,449.6,7158.31
SL-0003016,STR-016,CAT-08,2024-05-01,2024,5,502,362,18782.08,13091.26,723.44,5690.82
SL-0003017,STR-016,CAT-01,2024-06-01,2024,6,486,274,13607.02,8257.44,660.19,5349.58
SL-0003018,STR-016,CAT-02,2024-06-01,2024,6,409,216,13370.69,11317.95,747.75,2052.74
SL-0003019,STR-016,CAT-03,2024-06-01,2024,6,628,302,15745.09,10357.63,844.08,5387.46
SL-0003020,STR-016,CAT-04,2024-06-01,2024,6,378,191,9509.46,6528.83,516.21,2980.63
SL-0003021,STR-016,CAT-05,2024-06-01,2024,6,429,204,11804.07,5273.16,504.72,6530.91
SL-0003022,STR-016,CAT-06,2024-06-01,2024,6,337,203,7804.2,6088.14,403.09,1716.06
SL-0003023,STR-016,CAT-07,2024-06-01,2024,6,648,348,16691.98,9885.39,516.23,6806.59
SL-0003024,STR-016,CAT-08,2024-06-01,2024,6,633,315,19215.81,13926.74,291.76,5289.07
SL-0003025,STR-016,CAT-01,2024-07-01,2024,7,502,335,16838.78,9826.6,210.97,7012.18
SL-0003026,STR-016,CAT-02,2024-07-01,2024,7,418,195,11728.88,9177.21,367.38,2551.67
SL-0003027,STR-016,CAT-03,2024-07-01,2024,7,825,421,18734.45,11162.83,597.32,7571.62
SL-0003028,STR-016,CAT-04,2024-07-01,2024,7,795,383,15920.75,10914.88,777.83,5005.87
SL-0003029,STR-016,CAT-05,2024-07-01,2024,7,716,467,19347.61,8720.34,387.04,10627.27
SL-0003030,STR-016,CAT-06,2024-07-01,2024,7,362,180,12680.92,10170.64,452.11,2510.28
SL-0003031,STR-016,CAT-07,2024-07-01,2024,7,332,203,11481.24,7040.83,664.64,4440.41
SL-0003032,STR-016,CAT-08,2024-07-01,2024,7,335,180,11826.75,8275.6,461.45,3551.15
SL-0003033,STR-016,CAT-01,2024-08-01,2024,8,427,282,15880.03,8663.12,940.47,7216.91
SL-0003034,STR-016,CAT-02,2024-08-01,2024,8,361,224,9238.91,7817.33,404.5,1421.58
SL-0003035,STR-016,CAT-03,2024-08-01,2024,8,623,345,19145.22,12132.86,1136.16,7012.36
SL-0003036,STR-016,CAT-04,2024-08-01,2024,8,406,190,14773.95,9484.54,723.73,5289.41
SL-0003037,STR-016,CAT-05,2024-08-01,2024,8,353,179,10029.65,4770.59,569.37,5259.06
SL-0003038,STR-016,CAT-06,2024-08-01,2024,8,492,380,15419.09,11403.87,190.33,4015.22
SL-0003039,STR-016,CAT-07,2024-08-01,2024,8,573,323,7215.96,4287.29,362.28,2928.67
SL-0003040,STR-016,CAT-08,2024-08-01,2024,8,303,177,11267.34,7875.67,566.78,3391.67
SL-0003041,STR-016,CAT-01,2024-09-01,2024,9,441,286,12000.49,7398.47,365.53,4602.02
SL-0003042,STR-016,CAT-02,2024-09-01,2024,9,289,149,11477.06,9419.68,598.78,2057.38
SL-0003043,STR-016,CAT-03,2024-09-01,2024,9,482,210,15650.47,9642.92,412.96,6007.55
SL-0003044,STR-016,CAT-04,2024-09-01,2024,9,730,467,19855.47,12964.13,910.02,6891.34
SL-0003045,STR-016,CAT-05,2024-09-01,2024,9,543,306,15867.25,7229.51,212.7,8637.74
SL-0003046,STR-016,CAT-06,2024-09-01,2024,9,964,427,21023.06,16320.94,1016.27,4702.12
SL-0003047,STR-016,CAT-07,2024-09-01,2024,9,1435,766,16249.12,9360.33,351.56,6888.79
SL-0003048,STR-016,CAT-08,2024-09-01,2024,9,814,513,17947.94,12290.45,497.08,5657.49
SL-0003049,STR-016,CAT-01,2024-10-01,2024,10,498,266,15424.02,8878.05,806.86,6545.97
SL-0003050,STR-016,CAT-02,2024-10-01,2024,10,378,254,9676.66,7866.65,394.52,1810.01
SL-0003051,STR-016,CAT-03,2024-10-01,2024,10,404,182,7544.15,4751.92,126.18,2792.23
SL-0003052,STR-016,CAT-04,2024-10-01,2024,10,704,406,16576.32,10653.24,527.36,5923.08
SL-0003053,STR-016,CAT-05,2024-10-01,2024,10,587,456,19711.96,8810.8,990.23,10901.16
SL-0003054,STR-016,CAT-06,2024-10-01,2024,10,526,296,11078.15,8992.94,577.88,2085.21
SL-0003055,STR-016,CAT-07,2024-10-01,2024,10,343,156,9953.68,5994.58,206.61,3959.1
SL-0003056,STR-016,CAT-08,2024-10-01,2024,10,466,252,19779.9,13514.19,831.95,6265.71
SL-0003057,STR-016,CAT-01,2024-11-01,2024,11,368,186,15049.13,9255.98,700.61,5793.15
SL-0003058,STR-016,CAT-02,2024-11-01,2024,11,1204,1255,27748.87,22074.19,1208.61,5674.68
SL-0003059,STR-016,CAT-03,2024-11-01,2024,11,534,225,20606.7,12980.01,508.26,7626.69
SL-0003060,STR-016,CAT-04,2024-11-01,2024,11,1360,797,12945.59,8412.57,629.05,4533.02
SL-0003061,STR-016,CAT-05,2024-11-01,2024,11,631,360,20935.23,9715.2,998.1,11220.03
SL-0003062,STR-016,CAT-06,2024-11-01,2024,11,641,353,13924.07,10400.88,633.35,3523.19
SL-0003063,STR-016,CAT-07,2024-11-01,2024,11,1265,685,30003.58,17940.46,605.92,12063.12
SL-0003064,STR-016,CAT-08,2024-11-01,2024,11,775,301,15816.19,10824.98,716.92,4991.21
SL-0003065,STR-016,CAT-01,2024-12-01,2024,12,819,398,25624.54,14187.56,1217.44,11436.98
SL-0003066,STR-016,CAT-02,2024-12-01,2024,12,584,265,19762.51,16558.33,417.97,3204.18
SL-0003067,STR-016,CAT-03,2024-12-01,2024,12,530,304,13780.04,8617.52,400.79,5162.52
SL-0003068,STR-016,CAT-04,2024-12-01,2024,12,319,168,9429.55,5988.36,354.87,3441.19
SL-0003069,STR-016,CAT-05,2024-12-01,2024,12,804,465,27479.99,12260.18,718.87,15219.81
SL-0003070,STR-016,CAT-06,2024-12-01,2024,12,1381,826,16151.13,12873.79,607.11,3277.34
SL-0003071,STR-016,CAT-07,2024-12-01,2024,12,1433,773,22018.48,12897.29,311.37,9121.19
SL-0003072,STR-016,CAT-08,2024-12-01,2024,12,683,333,17235.69,12396.47,714.84,4839.22
SL-0003073,STR-017,CAT-01,2023-01-01,2023,1,1456,935,22897.6,15458.15,1280.74,7439.45
SL-0003074,STR-017,CAT-02,2023-01-01,2023,1,960,456,14527.72,13144.55,549.94,1383.17
SL-0003075,STR-017,CAT-03,2023-01-01,2023,1,732,439,18378.36,12138.29,344.41,6240.07
SL-0003076,STR-017,CAT-04,2023-01-01,2023,1,515,288,15383.85,10888.51,884.87,4495.34
SL-0003077,STR-017,CAT-05,2023-01-01,2023,1,2598,1338,12478.41,6403.99,606.23,6074.42
SL-0003078,STR-017,CAT-06,2023-01-01,2023,1,1492,1041,20774.76,16620.13,647.98,4154.63
SL-0003079,STR-017,CAT-07,2023-01-01,2023,1,412,242,11106.09,6896.05,113.53,4210.04
SL-0003080,STR-017,CAT-08,2023-01-01,2023,1,551,266,19951.98,14883.12,649.42,5068.86
SL-0003081,STR-017,CAT-01,2023-02-01,2023,2,1020,524,18843.83,11047.74,837.89,7796.09
SL-0003082,STR-017,CAT-02,2023-02-01,2023,2,364,161,11167.0,9973.75,390.27,1193.25
SL-0003083,STR-017,CAT-03,2023-02-01,2023,2,585,311,16667.09,11576.69,331.55,5090.4
SL-0003084,STR-017,CAT-04,2023-02-01,2023,2,580,459,21137.84,15691.58,1116.5,5446.26
SL-0003085,STR-017,CAT-05,2023-02-01,2023,2,816,499,26425.63,12969.29,955.5,13456.34
SL-0003086,STR-017,CAT-06,2023-02-01,2023,2,681,534,22556.47,18246.65,1071.67,4309.82
SL-0003087,STR-017,CAT-07,2023-02-01,2023,2,433,233,11513.12,7084.7,273.67,4428.42
SL-0003088,STR-017,CAT-08,2023-02-01,2023,2,598,332,23413.5,17693.94,1060.32,5719.56
SL-0003089,STR-017,CAT-01,2023-03-01,2023,3,1145,538,28471.1,18202.67,921.2,10268.43
SL-0003090,STR-017,CAT-02,2023-03-01,2023,3,278,113,9610.09,8016.47,410.55,1593.62
SL-0003091,STR-017,CAT-03,2023-03-01,2023,3,939,511,33265.92,21681.94,828.79,11583.98
SL-0003092,STR-017,CAT-04,2023-03-01,2023,3,422,237,15334.01,10731.16,212.78,4602.85
SL-0003093,STR-017,CAT-05,2023-03-01,2023,3,841,465,22884.38,10345.31,1367.99,12539.07
SL-0003094,STR-017,CAT-06,2023-03-01,2023,3,711,351,22422.85,19619.85,731.87,2803.0
SL-0003095,STR-017,CAT-07,2023-03-01,2023,3,712,328,19715.06,13578.31,844.92,6136.75
SL-0003096,STR-017,CAT-08,2023-03-01,2023,3,1024,595,20609.33,15060.88,1005.21,5548.45
SL-0003097,STR-017,CAT-01,2023-04-01,2023,4,374,195,11484.95,7317.68,377.72,4167.27
SL-0003098,STR-017,CAT-02,2023-04-01,2023,4,500,314,13188.75,11812.95,687.57,1375.8
SL-0003099,STR-017,CAT-03,2023-04-01,2023,4,768,497,23166.33,15379.3,248.5,7787.03
SL-0003100,STR-017,CAT-04,2023-04-01,2023,4,915,518,22724.08,16191.8,617.36,6532.28
SL-0003101,STR-017,CAT-05,2023-04-01,2023,4,409,233,14738.09,7115.3,232.0,7622.79
SL-0003102,STR-017,CAT-06,2023-04-01,2023,4,375,193,15532.1,13675.5,334.55,1856.6
SL-0003103,STR-017,CAT-07,2023-04-01,2023,4,431,226,13689.53,8923.76,597.86,4765.77
SL-0003104,STR-017,CAT-08,2023-04-01,2023,4,532,241,22208.04,17686.08,316.53,4521.96
SL-0003105,STR-017,CAT-01,2023-05-01,2023,5,1073,481,24789.08,15934.41,672.84,8854.67
SL-0003106,STR-017,CAT-02,2023-05-01,2023,5,1017,524,15693.87,13599.94,887.8,2093.93
SL-0003107,STR-017,CAT-03,2023-05-01,2023,5,638,356,19193.41,13006.07,282.5,6187.34
SL-0003108,STR-017,CAT-04,2023-05-01,2023,5,1086,584,32588.07,23462.63,369.12,9125.44
SL-0003109,STR-017,CAT-05,2023-05-01,2023,5,1026,782,28507.22,13100.02,1275.03,15407.2
SL-0003110,STR-017,CAT-06,2023-05-01,2023,5,636,294,20359.81,17445.23,995.2,2914.58
SL-0003111,STR-017,CAT-07,2023-05-01,2023,5,716,352,20811.97,13581.25,662.78,7230.72
SL-0003112,STR-017,CAT-08,2023-05-01,2023,5,449,225,19251.34,14579.73,521.08,4671.61
SL-0003113,STR-017,CAT-01,2023-06-01,2023,6,870,467,22020.91,13805.28,701.65,8215.63
SL-0003114,STR-017,CAT-02,2023-06-01,2023,6,770,385,22001.71,19558.23,1044.65,2443.48
SL-0003115,STR-017,CAT-03,2023-06-01,2023,6,623,259,15134.19,9923.59,629.56,5210.6
SL-0003116,STR-017,CAT-04,2023-06-01,2023,6,635,413,22756.68,15848.45,280.87,6908.23
SL-0003117,STR-017,CAT-05,2023-06-01,2023,6,918,467,30091.91,14450.64,1479.39,15641.27
SL-0003118,STR-017,CAT-06,2023-06-01,2023,6,620,366,21101.33,17959.11,279.57,3142.22
SL-0003119,STR-017,CAT-07,2023-06-01,2023,6,778,407,26348.67,17230.2,1289.66,9118.47
SL-0003120,STR-017,CAT-08,2023-06-01,2023,6,533,259,20786.1,15724.53,1028.04,5061.57
SL-0003121,STR-017,CAT-01,2023-07-01,2023,7,871,412,17487.68,10891.99,761.2,6595.69
SL-0003122,STR-017,CAT-02,2023-07-01,2023,7,584,267,18713.01,17420.64,776.58,1292.37
SL-0003123,STR-017,CAT-03,2023-07-01,2023,7,1066,672,25112.25,16758.88,1254.88,8353.37
SL-0003124,STR-017,CAT-04,2023-07-01,2023,7,663,430,22850.83,16186.75,764.92,6664.08
SL-0003125,STR-017,CAT-05,2023-07-01,2023,7,1135,611,17836.1,8600.08,608.9,9236.02
SL-0003126,STR-017,CAT-06,2023-07-01,2023,7,800,412,21422.72,17311.21,372.35,4111.51
SL-0003127,STR-017,CAT-07,2023-07-01,2023,7,731,387,18800.3,11897.09,1113.58,6903.21
SL-0003128,STR-017,CAT-08,2023-07-01,2023,7,451,234,16871.15,12154.43,674.97,4716.72
SL-0003129,STR-017,CAT-01,2023-08-01,2023,8,1843,1214,21003.59,12938.05,1102.33,8065.54
SL-0003130,STR-017,CAT-02,2023-08-01,2023,8,389,201,12328.3,10907.74,530.85,1420.56
SL-0003131,STR-017,CAT-03,2023-08-01,2023,8,608,366,13518.29,8798.22,360.25,4720.07
SL-0003132,STR-017,CAT-04,2023-08-01,2023,8,412,218,15192.55,10807.84,530.61,4384.71
SL-0003133,STR-017,CAT-05,2023-08-01,2023,8,502,207,15582.1,7246.59,715.85,8335.51
SL-0003134,STR-017,CAT-06,2023-08-01,2023,8,794,383,19511.59,16556.75,398.81,2954.84
SL-0003135,STR-017,CAT-07,2023-08-01,2023,8,534,292,15391.67,9946.89,609.38,5444.78
SL-0003136,STR-017,CAT-08,2023-08-01,2023,8,613,439,18060.68,13887.2,757.18,4173.48
SL-0003137,STR-017,CAT-01,2023-09-01,2023,9,1022,495,28629.16,17476.3,567.38,11152.86
SL-0003138,STR-017,CAT-02,2023-09-01,2023,9,655,349,23383.63,19921.83,1280.2,3461.8
SL-0003139,STR-017,CAT-03,2023-09-01,2023,9,897,1135,26738.84,17708.68,1343.14,9030.16
SL-0003140,STR-017,CAT-04,2023-09-01,2023,9,640,453,28587.55,17984.18,1436.11,10603.37
SL-0003141,STR-017,CAT-05,2023-09-01,2023,9,2302,1071,31591.15,15289.35,637.78,16301.8
SL-0003142,STR-017,CAT-06,2023-09-01,2023,9,1333,818,26730.06,22743.55,1075.81,3986.51
SL-0003143,STR-017,CAT-07,2023-09-01,2023,9,401,341,18038.46,11402.6,842.51,6635.86
SL-0003144,STR-017,CAT-08,2023-09-01,2023,9,886,613,26240.43,21322.74,1261.86,4917.69
SL-0003145,STR-017,CAT-01,2023-10-01,2023,10,811,628,24876.61,16078.66,1321.49,8797.95
SL-0003146,STR-017,CAT-02,2023-10-01,2023,10,927,640,20423.44,17617.61,1013.77,2805.83
SL-0003147,STR-017,CAT-03,2023-10-01,2023,10,4936,2278,24030.59,15701.06,1025.01,8329.53
SL-0003148,STR-017,CAT-04,2023-10-01,2023,10,605,426,22618.62,16355.08,743.82,6263.54
SL-0003149,STR-017,CAT-05,2023-10-01,2023,10,926,667,20480.85,10696.29,453.78,9784.56
SL-0003150,STR-017,CAT-06,2023-10-01,2023,10,990,606,18641.91,15410.35,619.2,3231.56
SL-0003151,STR-017,CAT-07,2023-10-01,2023,10,835,431,17445.42,12075.85,258.64,5369.57
SL-0003152,STR-017,CAT-08,2023-10-01,2023,10,2257,1113,25314.26,19606.92,645.47,5707.34
SL-0003153,STR-017,CAT-01,2023-11-01,2023,11,1574,638,29463.13,18278.67,376.1,11184.46
SL-0003154,STR-017,CAT-02,2023-11-01,2023,11,606,409,23206.14,20576.47,1020.95,2629.67
SL-0003155,STR-017,CAT-03,2023-11-01,2023,11,559,434,24333.08,16345.57,1302.37,7987.51
SL-0003156,STR-017,CAT-04,2023-11-01,2023,11,481,193,15464.14,10875.75,481.74,4588.39
SL-0003157,STR-017,CAT-05,2023-11-01,2023,11,990,502,25144.95,11844.46,575.03,13300.49
SL-0003158,STR-017,CAT-06,2023-11-01,2023,11,1016,518,19540.36,16599.08,688.42,2941.28
SL-0003159,STR-017,CAT-07,2023-11-01,2023,11,1231,744,40632.04,26878.78,2092.76,13753.26
SL-0003160,STR-017,CAT-08,2023-11-01,2023,11,524,256,17455.7,13339.59,175.54,4116.11
SL-0003161,STR-017,CAT-01,2023-12-01,2023,12,1057,859,27986.26,17754.48,687.54,10231.78
SL-0003162,STR-017,CAT-02,2023-12-01,2023,12,2524,1304,51076.49,45251.3,2690.2,5825.19
SL-0003163,STR-017,CAT-03,2023-12-01,2023,12,1608,1120,40347.95,26709.76,986.87,13638.19
SL-0003164,STR-017,CAT-04,2023-12-01,2023,12,417,219,13010.13,9044.05,329.12,3966.08
SL-0003165,STR-017,CAT-05,2023-12-01,2023,12,1435,898,35421.98,17532.33,430.82,17889.65
SL-0003166,STR-017,CAT-06,2023-12-01,2023,12,1436,689,43267.38,35118.64,850.31,8148.74
SL-0003167,STR-017,CAT-07,2023-12-01,2023,12,2606,1757,53831.43,34105.95,2361.35,19725.48
SL-0003168,STR-017,CAT-08,2023-12-01,2023,12,1178,628,43172.88,32865.45,1577.63,10307.43
SL-0003169,STR-017,CAT-01,2024-01-01,2024,1,898,510,24833.84,16246.49,1399.16,8587.35
SL-0003170,STR-017,CAT-02,2024-01-01,2024,1,525,255,14017.23,12700.69,713.34,1316.54
SL-0003171,STR-017,CAT-03,2024-01-01,2024,1,276,180,11335.0,7897.64,497.25,3437.36
SL-0003172,STR-017,CAT-04,2024-01-01,2024,1,515,283,18065.51,13074.08,529.59,4991.43
SL-0003173,STR-017,CAT-05,2024-01-01,2024,1,753,420,19024.76,9377.66,651.74,9647.1
SL-0003174,STR-017,CAT-06,2024-01-01,2024,1,722,447,18840.5,15536.38,989.37,3304.12
SL-0003175,STR-017,CAT-07,2024-01-01,2024,1,346,178,10663.57,6850.58,585.71,3812.99
SL-0003176,STR-017,CAT-08,2024-01-01,2024,1,1462,975,14282.32,11011.92,636.29,3270.4
SL-0003177,STR-017,CAT-01,2024-02-01,2024,2,555,282,11917.09,7566.79,202.72,4350.3
SL-0003178,STR-017,CAT-02,2024-02-01,2024,2,374,184,9223.05,7695.86,210.11,1527.19
SL-0003179,STR-017,CAT-03,2024-02-01,2024,2,480,433,10902.22,7563.82,464.41,3338.4
SL-0003180,STR-017,CAT-04,2024-02-01,2024,2,361,196,15418.02,11024.13,800.06,4393.89
SL-0003181,STR-017,CAT-05,2024-02-01,2024,2,886,521,20528.15,10039.78,304.26,10488.37
SL-0003182,STR-017,CAT-06,2024-02-01,2024,2,320,176,8944.59,7372.8,350.19,1571.79
SL-0003183,STR-017,CAT-07,2024-02-01,2024,2,226,111,6997.6,4361.49,85.91,2636.11
SL-0003184,STR-017,CAT-08,2024-02-01,2024,2,484,261,14796.7,11529.1,254.95,3267.6
SL-0003185,STR-017,CAT-01,2024-03-01,2024,3,495,247,15367.36,9293.64,534.09,6073.72
SL-0003186,STR-017,CAT-02,2024-03-01,2024,3,669,287,12973.67,11243.93,470.02,1729.74
SL-0003187,STR-017,CAT-03,2024-03-01,2024,3,705,431,22300.6,15299.88,1248.91,7000.72
SL-0003188,STR-017,CAT-04,2024-03-01,2024,3,931,572,19161.4,13805.54,1033.86,5355.86
SL-0003189,STR-017,CAT-05,2024-03-01,2024,3,506,268,15393.82,7387.62,840.03,8006.2
SL-0003190,STR-017,CAT-06,2024-03-01,2024,3,452,203,16012.44,12755.09,808.77,3257.35
SL-0003191,STR-017,CAT-07,2024-03-01,2024,3,949,690,21199.9,13592.43,1084.23,7607.47
SL-0003192,STR-017,CAT-08,2024-03-01,2024,3,1299,879,24316.62,19404.52,1086.89,4912.1
SL-0003193,STR-017,CAT-01,2024-04-01,2024,4,243,148,9528.02,6234.11,481.58,3293.91
SL-0003194,STR-017,CAT-02,2024-04-01,2024,4,328,161,11226.51,9803.58,183.43,1422.93
SL-0003195,STR-017,CAT-03,2024-04-01,2024,4,1187,682,17659.98,11231.24,189.59,6428.74
SL-0003196,STR-017,CAT-04,2024-04-01,2024,4,879,565,16587.96,11146.77,885.48,5441.19
SL-0003197,STR-017,CAT-05,2024-04-01,2024,4,306,154,10565.93,5111.85,159.16,5454.08
SL-0003198,STR-017,CAT-06,2024-04-01,2024,4,816,428,23281.68,19192.35,450.07,4089.33
SL-0003199,STR-017,CAT-07,2024-04-01,2024,4,490,475,17062.91,11273.73,620.03,5789.18
SL-0003200,STR-017,CAT-08,2024-04-01,2024,4,433,212,8359.11,6278.98,110.68,2080.13
SL-0003201,STR-017,CAT-01,2024-05-01,2024,5,453,406,11983.62,7666.17,528.0,4317.45
SL-0003202,STR-017,CAT-02,2024-05-01,2024,5,832,526,26674.1,24858.71,705.94,1815.39
SL-0003203,STR-017,CAT-03,2024-05-01,2024,5,410,364,20569.33,14884.5,750.71,5684.83
SL-0003204,STR-017,CAT-04,2024-05-01,2024,5,1223,898,22315.88,16000.6,1135.31,6315.28
SL-0003205,STR-017,CAT-05,2024-05-01,2024,5,1000,629,19276.6,9828.9,259.91,9447.7
SL-0003206,STR-017,CAT-06,2024-05-01,2024,5,1300,748,26310.53,21728.06,705.37,4582.47
SL-0003207,STR-017,CAT-07,2024-05-01,2024,5,528,314,12779.0,8383.27,635.84,4395.73
SL-0003208,STR-017,CAT-08,2024-05-01,2024,5,3689,2049,11001.48,8145.12,558.96,2856.36
SL-0003209,STR-017,CAT-01,2024-06-01,2024,6,1046,865,19010.15,12307.63,1026.35,6702.52
SL-0003210,STR-017,CAT-02,2024-06-01,2024,6,987,507,25549.49,22204.36,756.92,3345.13
SL-0003211,STR-017,CAT-03,2024-06-01,2024,6,403,174,13263.31,9108.61,757.67,4154.7
SL-0003212,STR-017,CAT-04,2024-06-01,2024,6,1391,838,35140.34,25258.48,371.51,9881.86
SL-0003213,STR-017,CAT-05,2024-06-01,2024,6,639,417,20645.25,9895.22,1160.74,10750.03
SL-0003214,STR-017,CAT-06,2024-06-01,2024,6,955,678,24755.15,20283.97,604.53,4471.18
SL-0003215,STR-017,CAT-07,2024-06-01,2024,6,324,185,13751.87,8745.04,359.8,5006.83
SL-0003216,STR-017,CAT-08,2024-06-01,2024,6,485,267,15731.47,12317.26,828.69,3414.21
SL-0003217,STR-017,CAT-01,2024-07-01,2024,7,1483,720,32261.7,19603.13,595.52,12658.57
SL-0003218,STR-017,CAT-02,2024-07-01,2024,7,353,245,16371.49,14133.27,209.7,2238.22
SL-0003219,STR-017,CAT-03,2024-07-01,2024,7,1193,517,29711.05,19981.67,1129.0,9729.38
SL-0003220,STR-017,CAT-04,2024-07-01,2024,7,1329,824,27267.52,19329.11,1363.57,7938.41
SL-0003221,STR-017,CAT-05,2024-07-01,2024,7,741,343,29070.27,14125.8,1108.02,14944.47
SL-0003222,STR-017,CAT-06,2024-07-01,2024,7,695,444,21610.6,18119.49,570.27,3491.11
SL-0003223,STR-017,CAT-07,2024-07-01,2024,7,775,382,23287.26,14890.49,799.66,8396.77
SL-0003224,STR-017,CAT-08,2024-07-01,2024,7,762,372,25596.5,20440.48,747.57,5156.02
SL-0003225,STR-017,CAT-01,2024-08-01,2024,8,720,405,19056.08,11923.48,901.89,7132.6
SL-0003226,STR-017,CAT-02,2024-08-01,2024,8,719,758,22436.94,19799.89,997.5,2637.05
SL-0003227,STR-017,CAT-03,2024-08-01,2024,8,391,215,13021.9,8860.72,167.78,4161.18
SL-0003228,STR-017,CAT-04,2024-08-01,2024,8,1209,631,31225.78,22276.34,505.01,8949.44
SL-0003229,STR-017,CAT-05,2024-08-01,2024,8,1304,849,28274.65,13019.0,598.7,15255.65
SL-0003230,STR-017,CAT-06,2024-08-01,2024,8,797,656,26167.54,22108.35,1018.41,4059.19
SL-0003231,STR-017,CAT-07,2024-08-01,2024,8,673,352,16791.36,11103.92,769.14,5687.44
SL-0003232,STR-017,CAT-08,2024-08-01,2024,8,823,362,25175.57,19019.15,1464.65,6156.42
SL-0003233,STR-017,CAT-01,2024-09-01,2024,9,498,279,13370.9,8295.04,747.3,5075.86
SL-0003234,STR-017,CAT-02,2024-09-01,2024,9,396,212,11057.86,9795.37,121.0,1262.49
SL-0003235,STR-017,CAT-03,2024-09-01,2024,9,1104,571,23600.85,16442.9,792.5,7157.95
SL-0003236,STR-017,CAT-04,2024-09-01,2024,9,628,302,23734.64,16681.27,1312.24,7053.37
SL-0003237,STR-017,CAT-05,2024-09-01,2024,9,678,338,25274.25,12437.53,305.81,12836.72
SL-0003238,STR-017,CAT-06,2024-09-01,2024,9,449,255,14084.49,11898.27,201.71,2186.22
SL-0003239,STR-017,CAT-07,2024-09-01,2024,9,652,372,21296.04,14004.66,274.21,7291.38
SL-0003240,STR-017,CAT-08,2024-09-01,2024,9,1353,984,18941.4,14673.5,964.46,4267.9
SL-0003241,STR-017,CAT-01,2024-10-01,2024,10,443,246,16594.67,10971.63,901.72,5623.04
SL-0003242,STR-017,CAT-02,2024-10-01,2024,10,1826,973,14011.06,12944.21,810.99,1066.85
SL-0003243,STR-017,CAT-03,2024-10-01,2024,10,627,310,18808.96,13080.67,599.64,5728.29
SL-0003244,STR-017,CAT-04,2024-10-01,2024,10,1516,988,22715.16,15274.53,730.7,7440.63
SL-0003245,STR-017,CAT-05,2024-10-01,2024,10,562,319,16007.36,7745.76,484.02,8261.6
SL-0003246,STR-017,CAT-06,2024-10-01,2024,10,583,290,10369.88,9062.43,333.85,1307.45
SL-0003247,STR-017,CAT-07,2024-10-01,2024,10,384,224,15569.99,10747.99,699.97,4822.0
SL-0003248,STR-017,CAT-08,2024-10-01,2024,10,834,467,25605.64,18446.99,1444.11,7158.65
SL-0003249,STR-017,CAT-01,2024-11-01,2024,11,1231,663,34713.78,21870.32,351.75,12843.46
SL-0003250,STR-017,CAT-02,2024-11-01,2024,11,870,386,32197.48,27996.98,832.24,4200.5
SL-0003251,STR-017,CAT-03,2024-11-01,2024,11,683,295,16144.68,10378.44,693.59,5766.24
SL-0003252,STR-017,CAT-04,2024-11-01,2024,11,560,297,17204.68,12155.19,724.7,5049.49
SL-0003253,STR-017,CAT-05,2024-11-01,2024,11,548,298,12247.21,6094.83,548.72,6152.38
SL-0003254,STR-017,CAT-06,2024-11-01,2024,11,1280,699,16346.96,13749.12,287.38,2597.84
SL-0003255,STR-017,CAT-07,2024-11-01,2024,11,1493,856,32740.42,21696.3,1211.68,11044.12
SL-0003256,STR-017,CAT-08,2024-11-01,2024,11,841,435,21058.05,16591.23,464.91,4466.82
SL-0003257,STR-017,CAT-01,2024-12-01,2024,12,1131,553,23586.87,15293.88,537.26,8292.99
SL-0003258,STR-017,CAT-02,2024-12-01,2024,12,1269,662,34006.33,28739.87,766.32,5266.46
SL-0003259,STR-017,CAT-03,2024-12-01,2024,12,702,330,23902.77,16593.76,1014.95,7309.01
SL-0003260,STR-017,CAT-04,2024-12-01,2024,12,8198,4482,16065.85,10976.67,185.68,5089.18
SL-0003261,STR-017,CAT-05,2024-12-01,2024,12,969,536,30412.95,14677.21,641.16,15735.74
SL-0003262,STR-017,CAT-06,2024-12-01,2024,12,629,354,18837.33,16235.63,353.74,2601.7
SL-0003263,STR-017,CAT-07,2024-12-01,2024,12,2676,1972,45003.17,28706.97,1267.99,16296.2
SL-0003264,STR-017,CAT-08,2024-12-01,2024,12,837,411,24533.94,17983.36,950.92,6550.58
SL-0003265,STR-018,CAT-01,2023-01-01,2023,1,794,449,23306.33,14388.26,539.63,8918.07
SL-0003266,STR-018,CAT-02,2023-01-01,2023,1,850,434,24755.67,20647.32,1142.73,4108.35
SL-0003267,STR-018,CAT-03,2023-01-01,2023,1,794,335,27656.79,17305.21,718.04,10351.58
SL-0003268,STR-018,CAT-04,2023-01-01,2023,1,793,390,22051.03,14283.34,1171.57,7767.69
SL-0003269,STR-018,CAT-05,2023-01-01,2023,1,607,345,19118.83,8355.18,771.08,10763.65
SL-0003270,STR-018,CAT-06,2023-01-01,2023,1,816,510,33087.15,25984.95,765.0,7102.2
SL-0003271,STR-018,CAT-07,2023-01-01,2023,1,833,427,18911.51,11680.76,1040.44,7230.75
SL-0003272,STR-018,CAT-08,2023-01-01,2023,1,2106,1300,44070.03,31478.78,931.11,12591.25
SL-0003273,STR-018,CAT-01,2023-02-01,2023,2,506,280,16006.27,9652.77,322.6,6353.5
SL-0003274,STR-018,CAT-02,2023-02-01,2023,2,441,352,16114.17,13416.71,376.87,2697.46
SL-0003275,STR-018,CAT-03,2023-02-01,2023,2,556,243,16650.3,10056.09,799.61,6594.21
SL-0003276,STR-018,CAT-04,2023-02-01,2023,2,647,365,21097.12,14307.66,626.67,6789.46
SL-0003277,STR-018,CAT-05,2023-02-01,2023,2,1183,733,30321.06,14240.74,706.08,16080.32
SL-0003278,STR-018,CAT-06,2023-02-01,2023,2,878,500,19053.9,14507.42,1101.44,4546.48
SL-0003279,STR-018,CAT-07,2023-02-01,2023,2,611,360,11111.74,6667.9,195.31,4443.84
SL-0003280,STR-018,CAT-08,2023-02-01,2023,2,1063,707,19595.65,13192.51,988.54,6403.14
SL-0003281,STR-018,CAT-01,2023-03-01,2023,3,598,288,18065.62,10316.29,443.8,7749.33
SL-0003282,STR-018,CAT-02,2023-03-01,2023,3,1558,754,24668.23,20969.26,576.55,3698.97
SL-0003283,STR-018,CAT-03,2023-03-01,2023,3,1196,956,33954.66,20398.13,1300.07,13556.53
SL-0003284,STR-018,CAT-04,2023-03-01,2023,3,652,338,24943.43,16717.95,1387.09,8225.48
SL-0003285,STR-018,CAT-05,2023-03-01,2023,3,1350,851,34146.94,15218.84,1251.11,18928.1
SL-0003286,STR-018,CAT-06,2023-03-01,2023,3,866,665,38418.54,28667.36,1833.46,9751.18
SL-0003287,STR-018,CAT-07,2023-03-01,2023,3,702,341,20473.36,12254.72,662.89,8218.64
SL-0003288,STR-018,CAT-08,2023-03-01,2023,3,1035,528,20066.17,13534.12,305.26,6532.05
SL-0003289,STR-018,CAT-01,2023-04-01,2023,4,1195,864,26431.84,14819.46,921.64,11612.38
SL-0003290,STR-018,CAT-02,2023-04-01,2023,4,1441,778,20015.7,15880.28,1150.11,4135.42
SL-0003291,STR-018,CAT-03,2023-04-01,2023,4,3292,1387,47962.87,29337.82,1870.12,18625.05
SL-0003292,STR-018,CAT-04,2023-04-01,2023,4,613,309,24426.69,15838.5,1277.97,8588.19
SL-0003293,STR-018,CAT-05,2023-04-01,2023,4,622,298,27197.96,13616.57,605.88,13581.39
SL-0003294,STR-018,CAT-06,2023-04-01,2023,4,1164,863,30465.4,23970.08,914.69,6495.32
SL-0003295,STR-018,CAT-07,2023-04-01,2023,4,798,446,23867.11,14004.84,1118.87,9862.27
SL-0003296,STR-018,CAT-08,2023-04-01,2023,4,1390,617,34287.01,23322.23,672.28,10964.78
SL-0003297,STR-018,CAT-01,2023-05-01,2023,5,893,421,23465.79,12996.04,766.94,10469.75
SL-0003298,STR-018,CAT-02,2023-05-01,2023,5,918,373,34578.61,28625.84,983.91,5952.77
SL-0003299,STR-018,CAT-03,2023-05-01,2023,5,546,384,20914.08,12659.27,330.36,8254.81
SL-0003300,STR-018,CAT-04,2023-05-01,2023,5,1419,753,41026.09,25478.47,825.86,15547.62
SL-0003301,STR-018,CAT-05,2023-05-01,2023,5,629,375,28698.09,12848.69,1543.31,15849.4
SL-0003302,STR-018,CAT-06,2023-05-01,2023,5,1569,1173,38467.89,29056.45,2042.92,9411.44
SL-0003303,STR-018,CAT-07,2023-05-01,2023,5,433,245,19131.09,11832.72,581.57,7298.37
SL-0003304,STR-018,CAT-08,2023-05-01,2023,5,1168,546,30270.02,20718.59,1177.64,9551.43
SL-0003305,STR-018,CAT-01,2023-06-01,2023,6,1233,693,22625.43,12673.04,1178.89,9952.39
SL-0003306,STR-018,CAT-02,2023-06-01,2023,6,1283,786,22907.5,19562.75,1364.22,3344.75
SL-0003307,STR-018,CAT-03,2023-06-01,2023,6,2150,1391,35931.6,22769.44,2019.71,13162.16
SL-0003308,STR-018,CAT-04,2023-06-01,2023,6,2447,1450,44284.38,27782.94,659.04,16501.44
SL-0003309,STR-018,CAT-05,2023-06-01,2023,6,1641,939,39832.5,18729.05,959.7,21103.45
SL-0003310,STR-018,CAT-06,2023-06-01,2023,6,1458,781,44628.68,33338.96,2601.74,11289.72
SL-0003311,STR-018,CAT-07,2023-06-01,2023,6,607,321,22708.12,13897.28,659.46,8810.84
SL-0003312,STR-018,CAT-08,2023-06-01,2023,6,1011,506,36608.26,25061.68,1101.83,11546.58
SL-0003313,STR-018,CAT-01,2023-07-01,2023,7,1717,1012,43067.83,25936.05,1080.82,17131.78
SL-0003314,STR-018,CAT-02,2023-07-01,2023,7,783,448,27711.72,21126.0,1395.65,6585.72
SL-0003315,STR-018,CAT-03,2023-07-01,2023,7,1302,633,25114.8,15392.92,700.06,9721.88
SL-0003316,STR-018,CAT-04,2023-07-01,2023,7,988,609,47219.67,29375.08,1709.8,17844.59
SL-0003317,STR-018,CAT-05,2023-07-01,2023,7,744,477,28637.28,12787.74,837.23,15849.54
SL-0003318,STR-018,CAT-06,2023-07-01,2023,7,1192,579,35532.34,27921.8,1855.83,7610.54
SL-0003319,STR-018,CAT-07,2023-07-01,2023,7,1006,599,36327.87,21582.36,415.49,14745.51
SL-0003320,STR-018,CAT-08,2023-07-01,2023,7,1392,651,34134.47,25243.02,351.96,8891.45
SL-0003321,STR-018,CAT-01,2023-08-01,2023,8,903,528,26887.36,15653.6,961.15,11233.76
SL-0003322,STR-018,CAT-02,2023-08-01,2023,8,692,366,27319.02,22130.06,1167.53,5188.96
SL-0003323,STR-018,CAT-03,2023-08-01,2023,8,802,784,34781.21,22355.46,1630.73,12425.75
SL-0003324,STR-018,CAT-04,2023-08-01,2023,8,1371,570,37975.72,24509.5,1067.31,13466.22
SL-0003325,STR-018,CAT-05,2023-08-01,2023,8,938,562,20690.22,9730.93,360.54,10959.29
SL-0003326,STR-018,CAT-06,2023-08-01,2023,8,1937,990,40396.31,32382.12,1327.92,8014.19
SL-0003327,STR-018,CAT-07,2023-08-01,2023,8,863,610,21100.24,12822.47,1117.66,8277.77
SL-0003328,STR-018,CAT-08,2023-08-01,2023,8,834,456,24108.95,17775.45,1295.61,6333.5
SL-0003329,STR-018,CAT-01,2023-09-01,2023,9,2193,1191,60656.28,34908.18,2616.36,25748.1
SL-0003330,STR-018,CAT-02,2023-09-01,2023,9,1025,612,37586.95,29564.79,2093.64,8022.16
SL-0003331,STR-018,CAT-03,2023-09-01,2023,9,1028,513,34063.02,20293.65,998.39,13769.37
SL-0003332,STR-018,CAT-04,2023-09-01,2023,9,1443,661,31567.13,21607.26,746.9,9959.87
SL-0003333,STR-018,CAT-05,2023-09-01,2023,9,988,667,23695.18,10727.17,605.86,12968.01
SL-0003334,STR-018,CAT-06,2023-09-01,2023,9,1774,921,32893.64,26424.7,1633.01,6468.94
SL-0003335,STR-018,CAT-07,2023-09-01,2023,9,1151,921,27109.31,15726.52,1406.77,11382.79
SL-0003336,STR-018,CAT-08,2023-09-01,2023,9,1791,1022,50673.02,35183.02,1221.87,15490.0
SL-0003337,STR-018,CAT-01,2023-10-01,2023,10,467,254,20050.85,11307.45,968.91,8743.4
SL-0003338,STR-018,CAT-02,2023-10-01,2023,10,715,386,18686.38,15496.66,1040.88,3189.72
SL-0003339,STR-018,CAT-03,2023-10-01,2023,10,761,389,28679.7,17094.65,1095.62,11585.05
SL-0003340,STR-018,CAT-04,2023-10-01,2023,10,566,322,19532.15,12708.06,233.32,6824.09
SL-0003341,STR-018,CAT-05,2023-10-01,2023,10,782,335,20448.65,9389.1,276.98,11059.55
SL-0003342,STR-018,CAT-06,2023-10-01,2023,10,904,637,28877.66,21564.22,386.31,7313.44
SL-0003343,STR-018,CAT-07,2023-10-01,2023,10,1180,570,35400.53,20589.51,439.75,14811.02
SL-0003344,STR-018,CAT-08,2023-10-01,2023,10,662,384,21711.35,15477.32,1208.89,6234.03
SL-0003345,STR-018,CAT-01,2023-11-01,2023,11,2689,1162,57506.04,32703.86,1228.74,24802.18
SL-0003346,STR-018,CAT-02,2023-11-01,2023,11,2200,1402,51784.45,43648.78,1455.04,8135.67
SL-0003347,STR-018,CAT-03,2023-11-01,2023,11,1325,1313,43802.26,26378.57,582.08,17423.69
SL-0003348,STR-018,CAT-04,2023-11-01,2023,11,1633,841,39582.7,25801.0,2331.27,13781.7
SL-0003349,STR-018,CAT-05,2023-11-01,2023,11,775,427,26446.6,11953.54,1530.39,14493.06
SL-0003350,STR-018,CAT-06,2023-11-01,2023,11,2107,1093,32596.45,26636.59,337.15,5959.86
SL-0003351,STR-018,CAT-07,2023-11-01,2023,11,3695,2241,61871.17,37836.81,1437.06,24034.36
SL-0003352,STR-018,CAT-08,2023-11-01,2023,11,2199,1006,47792.56,35527.28,655.64,12265.28
SL-0003353,STR-018,CAT-01,2023-12-01,2023,12,1005,698,23867.24,13638.7,293.49,10228.54
SL-0003354,STR-018,CAT-02,2023-12-01,2023,12,1690,922,43012.93,35400.7,869.14,7612.23
SL-0003355,STR-018,CAT-03,2023-12-01,2023,12,702,460,26453.46,16230.66,513.62,10222.8
SL-0003356,STR-018,CAT-04,2023-12-01,2023,12,732,372,24258.03,15951.24,917.69,8306.79
SL-0003357,STR-018,CAT-05,2023-12-01,2023,12,1461,1022,33077.89,14020.06,1112.7,19057.83
SL-0003358,STR-018,CAT-06,2023-12-01,2023,12,1075,463,17442.93,13223.55,449.31,4219.38
SL-0003359,STR-018,CAT-07,2023-12-01,2023,12,1792,886,42117.13,23801.97,1081.01,18315.16
SL-0003360,STR-018,CAT-08,2023-12-01,2023,12,627,454,25455.09,18323.84,1057.26,7131.25
SL-0003361,STR-018,CAT-01,2024-01-01,2024,1,1639,1035,47658.7,27318.7,1867.3,20340.0
SL-0003362,STR-018,CAT-02,2024-01-01,2024,1,1187,668,32047.11,26065.37,1491.26,5981.74
SL-0003363,STR-018,CAT-03,2024-01-01,2024,1,1030,604,40773.27,24633.23,1635.59,16140.04
SL-0003364,STR-018,CAT-04,2024-01-01,2024,1,1472,795,26125.1,17038.89,460.61,9086.21
SL-0003365,STR-018,CAT-05,2024-01-01,2024,1,1954,1014,45962.65,21290.39,951.65,24672.26
SL-0003366,STR-018,CAT-06,2024-01-01,2024,1,1549,755,41708.92,32302.88,1653.62,9406.04
SL-0003367,STR-018,CAT-07,2024-01-01,2024,1,1510,863,33807.56,19407.41,1301.65,14400.15
SL-0003368,STR-018,CAT-08,2024-01-01,2024,1,1211,840,41961.49,30311.39,1218.26,11650.1
SL-0003369,STR-018,CAT-01,2024-02-01,2024,2,725,492,31130.45,18323.3,767.29,12807.15
SL-0003370,STR-018,CAT-02,2024-02-01,2024,2,1889,1007,23009.0,18621.94,827.91,4387.06
SL-0003371,STR-018,CAT-03,2024-02-01,2024,2,783,528,26241.59,16509.87,1520.47,9731.72
SL-0003372,STR-018,CAT-04,2024-02-01,2024,2,1081,476,25942.45,17162.44,1161.51,8780.01
SL-0003373,STR-018,CAT-05,2024-02-01,2024,2,818,525,25233.3,10874.8,655.96,14358.5
SL-0003374,STR-018,CAT-06,2024-02-01,2024,2,2130,1258,35943.75,28865.71,1421.05,7078.04
SL-0003375,STR-018,CAT-07,2024-02-01,2024,2,632,396,17657.16,10049.5,676.66,7607.66
SL-0003376,STR-018,CAT-08,2024-02-01,2024,2,1318,765,29372.57,20353.05,1304.08,9019.52
SL-0003377,STR-018,CAT-01,2024-03-01,2024,3,676,404,27022.98,15166.61,963.43,11856.37
SL-0003378,STR-018,CAT-02,2024-03-01,2024,3,705,427,23312.91,18781.02,629.7,4531.89
SL-0003379,STR-018,CAT-03,2024-03-01,2024,3,634,394,25221.74,15721.33,1455.65,9500.41
SL-0003380,STR-018,CAT-04,2024-03-01,2024,3,1287,565,29368.09,19169.18,1470.7,10198.91
SL-0003381,STR-018,CAT-05,2024-03-01,2024,3,1026,555,31334.89,14177.37,507.25,17157.52
SL-0003382,STR-018,CAT-06,2024-03-01,2024,3,678,410,18760.81,14780.03,981.1,3980.78
SL-0003383,STR-018,CAT-07,2024-03-01,2024,3,532,391,12657.55,7363.34,600.78,5294.21
SL-0003384,STR-018,CAT-08,2024-03-01,2024,3,629,604,26019.67,18422.62,514.5,7597.05
SL-0003385,STR-018,CAT-01,2024-04-01,2024,4,627,417,25247.85,14426.39,1100.55,10821.46
SL-0003386,STR-018,CAT-02,2024-04-01,2024,4,724,332,20615.76,16765.4,716.3,3850.36
SL-0003387,STR-018,CAT-03,2024-04-01,2024,4,1464,671,30976.73,19338.49,1795.56,11638.24
SL-0003388,STR-018,CAT-04,2024-04-01,2024,4,605,384,27210.57,18467.08,1219.83,8743.49
SL-0003389,STR-018,CAT-05,2024-04-01,2024,4,1130,605,28933.84,12687.23,782.54,16246.61
SL-0003390,STR-018,CAT-06,2024-04-01,2024,4,717,463,21590.16,17509.02,1285.85,4081.14
SL-0003391,STR-018,CAT-07,2024-04-01,2024,4,456,232,12525.91,7196.79,152.87,5329.12
SL-0003392,STR-018,CAT-08,2024-04-01,2024,4,843,440,28280.28,19810.88,1328.15,8469.4
SL-0003393,STR-018,CAT-01,2024-05-01,2024,5,1553,839,33757.41,18681.75,1552.74,15075.66
SL-0003394,STR-018,CAT-02,2024-05-01,2024,5,1059,732,36349.58,29598.34,1012.88,6751.24
SL-0003395,STR-018,CAT-03,2024-05-01,2024,5,810,557,21810.1,13119.22,1194.6,8690.88
SL-0003396,STR-018,CAT-04,2024-05-01,2024,5,4102,2490,41842.2,26632.11,1041.04,15210.09
SL-0003397,STR-018,CAT-05,2024-05-01,2024,5,1095,584,37342.22,16585.39,784.02,20756.83
SL-0003398,STR-018,CAT-06,2024-05-01,2024,5,1313,803,50785.91,37765.95,656.83,13019.96
SL-0003399,STR-018,CAT-07,2024-05-01,2024,5,1161,614,38258.44,23153.93,1977.93,15104.51
SL-0003400,STR-018,CAT-08,2024-05-01,2024,5,2580,2025,37161.39,25729.11,1441.76,11432.28
SL-0003401,STR-018,CAT-01,2024-06-01,2024,6,1722,1525,29273.09,15524.96,700.4,13748.13
SL-0003402,STR-018,CAT-02,2024-06-01,2024,6,696,352,28728.6,23996.69,1411.0,4731.91
SL-0003403,STR-018,CAT-03,2024-06-01,2024,6,1025,450,24766.22,15377.22,844.82,9389.0
SL-0003404,STR-018,CAT-04,2024-06-01,2024,6,1103,596,35049.55,22671.9,1064.01,12377.65
SL-0003405,STR-018,CAT-05,2024-06-01,2024,6,1542,716,19013.89,8348.78,761.32,10665.11
SL-0003406,STR-018,CAT-06,2024-06-01,2024,6,773,378,17297.13,13856.83,555.62,3440.3
SL-0003407,STR-018,CAT-07,2024-06-01,2024,6,1221,572,25077.02,15259.88,1349.01,9817.14
SL-0003408,STR-018,CAT-08,2024-06-01,2024,6,577,300,23471.98,17159.09,1238.03,6312.89
SL-0003409,STR-018,CAT-01,2024-07-01,2024,7,943,455,34429.64,19849.24,2009.61,14580.4
SL-0003410,STR-018,CAT-02,2024-07-01,2024,7,1294,707,24761.47,20614.16,705.91,4147.31
SL-0003411,STR-018,CAT-03,2024-07-01,2024,7,703,350,31924.42,20020.73,437.65,11903.69
SL-0003412,STR-018,CAT-04,2024-07-01,2024,7,1360,800,36330.06,22327.04,1790.29,14003.02
SL-0003413,STR-018,CAT-05,2024-07-01,2024,7,2264,1081,52713.36,24335.35,1136.52,28378.01
SL-0003414,STR-018,CAT-06,2024-07-01,2024,7,2277,985,31987.0,24525.82,694.18,7461.18
SL-0003415,STR-018,CAT-07,2024-07-01,2024,7,966,496,28848.84,16076.47,904.48,12772.37
SL-0003416,STR-018,CAT-08,2024-07-01,2024,7,871,378,31786.46,23159.69,1855.84,8626.77
SL-0003417,STR-018,CAT-01,2024-08-01,2024,8,1097,670,45322.1,26006.09,1038.97,19316.01
SL-0003418,STR-018,CAT-02,2024-08-01,2024,8,1401,812,33542.47,27409.49,1305.41,6132.98
SL-0003419,STR-018,CAT-03,2024-08-01,2024,8,1801,901,33910.64,21227.1,1410.4,12683.54
SL-0003420,STR-018,CAT-04,2024-08-01,2024,8,941,638,30162.98,19681.54,1496.38,10481.44
SL-0003421,STR-018,CAT-05,2024-08-01,2024,8,1165,527,33426.11,15734.73,1837.41,17691.38
SL-0003422,STR-018,CAT-06,2024-08-01,2024,8,1277,792,43086.34,32647.46,1755.2,10438.88
SL-0003423,STR-018,CAT-07,2024-08-01,2024,8,761,390,26280.44,15217.96,1254.45,11062.48
SL-0003424,STR-018,CAT-08,2024-08-01,2024,8,1112,551,28284.0,20000.98,1449.89,8283.02
SL-0003425,STR-018,CAT-01,2024-09-01,2024,9,1182,691,33337.32,18948.38,660.38,14388.94
SL-0003426,STR-018,CAT-02,2024-09-01,2024,9,705,417,18811.37,15381.2,850.09,3430.17
SL-0003427,STR-018,CAT-03,2024-09-01,2024,9,1132,565,32314.82,20516.15,333.51,11798.67
SL-0003428,STR-018,CAT-04,2024-09-01,2024,9,868,537,33869.55,20762.88,593.7,13106.67
SL-0003429,STR-018,CAT-05,2024-09-01,2024,9,1063,665,29604.92,13489.37,1725.11,16115.55
SL-0003430,STR-018,CAT-06,2024-09-01,2024,9,990,567,33485.64,25058.24,1211.64,8427.4
SL-0003431,STR-018,CAT-07,2024-09-01,2024,9,920,523,35066.53,21011.17,1820.4,14055.36
SL-0003432,STR-018,CAT-08,2024-09-01,2024,9,903,482,28625.35,20640.78,324.41,7984.57
SL-0003433,STR-018,CAT-01,2024-10-01,2024,10,1353,736,34348.94,18894.67,1786.88,15454.27
SL-0003434,STR-018,CAT-02,2024-10-01,2024,10,1819,1016,34504.81,27615.98,379.21,6888.83
SL-0003435,STR-018,CAT-03,2024-10-01,2024,10,465,234,18858.38,11839.39,682.03,7018.99
SL-0003436,STR-018,CAT-04,2024-10-01,2024,10,666,439,26982.44,16954.84,1120.03,10027.6
SL-0003437,STR-018,CAT-05,2024-10-01,2024,10,937,578,29276.17,13393.5,554.02,15882.67
SL-0003438,STR-018,CAT-06,2024-10-01,2024,10,697,400,23156.09,18040.75,1037.07,5115.34
SL-0003439,STR-018,CAT-07,2024-10-01,2024,10,1901,835,44065.75,27802.43,511.49,16263.32
SL-0003440,STR-018,CAT-08,2024-10-01,2024,10,748,396,29335.06,21195.93,1725.62,8139.13
SL-0003441,STR-018,CAT-01,2024-11-01,2024,11,1096,728,39236.5,22837.61,1708.59,16398.89
SL-0003442,STR-018,CAT-02,2024-11-01,2024,11,2094,1107,71018.29,58730.69,2712.04,12287.6
SL-0003443,STR-018,CAT-03,2024-11-01,2024,11,1010,565,31200.35,18803.04,634.66,12397.31
SL-0003444,STR-018,CAT-04,2024-11-01,2024,11,1618,753,18263.85,11402.01,906.15,6861.84
SL-0003445,STR-018,CAT-05,2024-11-01,2024,11,1233,677,33788.7,15763.18,441.91,18025.52
SL-0003446,STR-018,CAT-06,2024-11-01,2024,11,1509,792,42656.5,34497.19,2072.54,8159.31
SL-0003447,STR-018,CAT-07,2024-11-01,2024,11,1365,774,50657.75,29171.37,1839.78,21486.38
SL-0003448,STR-018,CAT-08,2024-11-01,2024,11,862,428,23143.77,16376.18,341.43,6767.59
SL-0003449,STR-018,CAT-01,2024-12-01,2024,12,1456,544,32662.58,19080.43,1195.95,13582.15
SL-0003450,STR-018,CAT-02,2024-12-01,2024,12,1652,963,55082.41,45132.48,879.43,9949.93
SL-0003451,STR-018,CAT-03,2024-12-01,2024,12,779,342,24634.03,15683.98,644.14,8950.05
SL-0003452,STR-018,CAT-04,2024-12-01,2024,12,568,343,14671.67,9393.6,761.97,5278.07
SL-0003453,STR-018,CAT-05,2024-12-01,2024,12,1163,672,34554.05,14787.87,1567.05,19766.18
SL-0003454,STR-018,CAT-06,2024-12-01,2024,12,1864,1392,39619.15,29890.01,1294.46,9729.14
SL-0003455,STR-018,CAT-07,2024-12-01,2024,12,1646,769,50608.76,31611.53,2615.9,18997.23
SL-0003456,STR-018,CAT-08,2024-12-01,2024,12,1144,683,41927.23,28925.63,1793.79,13001.6
SL-0003457,STR-019,CAT-01,2023-01-01,2023,1,520,287,14321.25,8956.89,426.57,5364.36
SL-0003458,STR-019,CAT-02,2023-01-01,2023,1,664,436,16576.81,14734.57,187.23,1842.24
SL-0003459,STR-019,CAT-03,2023-01-01,2023,1,604,390,9271.8,5918.4,261.12,3353.4
SL-0003460,STR-019,CAT-04,2023-01-01,2023,1,555,319,11176.86,7743.03,556.85,3433.83
SL-0003461,STR-019,CAT-05,2023-01-01,2023,1,480,275,11261.34,5182.86,179.49,6078.48
SL-0003462,STR-019,CAT-06,2023-01-01,2023,1,884,478,23868.32,20718.3,1087.58,3150.02
SL-0003463,STR-019,CAT-07,2023-01-01,2023,1,983,931,17963.09,11179.8,768.66,6783.29
SL-0003464,STR-019,CAT-08,2023-01-01,2023,1,573,298,14162.19,10635.01,160.89,3527.18
SL-0003465,STR-019,CAT-01,2023-02-01,2023,2,657,408,14272.81,9022.0,509.0,5250.81
SL-0003466,STR-019,CAT-02,2023-02-01,2023,2,428,291,14053.57,12868.02,183.82,1185.55
SL-0003467,STR-019,CAT-03,2023-02-01,2023,2,259,170,9160.15,6094.09,325.42,3066.06
SL-0003468,STR-019,CAT-04,2023-02-01,2023,2,586,447,12868.27,9078.9,161.02,3789.37
SL-0003469,STR-019,CAT-05,2023-02-01,2023,2,305,183,10743.52,5223.36,298.61,5520.16
SL-0003470,STR-019,CAT-06,2023-02-01,2023,2,468,233,12882.16,10978.92,549.33,1903.24
SL-0003471,STR-019,CAT-07,2023-02-01,2023,2,246,158,9775.6,6053.67,446.52,3721.93
SL-0003472,STR-019,CAT-08,2023-02-01,2023,2,490,242,13448.78,10530.55,500.97,2918.23
SL-0003473,STR-019,CAT-01,2023-03-01,2023,3,744,528,20329.33,12917.19,817.19,7412.14
SL-0003474,STR-019,CAT-02,2023-03-01,2023,3,399,268,10025.15,8737.33,481.27,1287.82
SL-0003475,STR-019,CAT-03,2023-03-01,2023,3,853,524,25435.29,16533.49,481.71,8901.8
SL-0003476,STR-019,CAT-04,2023-03-01,2023,3,351,160,13854.7,9878.66,538.81,3976.04
SL-0003477,STR-019,CAT-05,2023-03-01,2023,3,408,249,13857.23,6610.9,354.66,7246.33
SL-0003478,STR-019,CAT-06,2023-03-01,2023,3,754,740,20742.51,17370.59,1115.34,3371.92
SL-0003479,STR-019,CAT-07,2023-03-01,2023,3,495,212,13730.82,9116.96,507.97,4613.86
SL-0003480,STR-019,CAT-08,2023-03-01,2023,3,580,288,15065.62,11489.36,251.55,3576.26
SL-0003481,STR-019,CAT-01,2023-04-01,2023,4,529,281,19074.59,11879.35,957.14,7195.24
SL-0003482,STR-019,CAT-02,2023-04-01,2023,4,551,239,17449.13,14426.21,324.19,3022.92
SL-0003483,STR-019,CAT-03,2023-04-01,2023,4,530,246,19283.99,12877.47,195.06,6406.52
SL-0003484,STR-019,CAT-04,2023-04-01,2023,4,1561,1905,18123.67,13463.9,826.36,4659.77
SL-0003485,STR-019,CAT-05,2023-04-01,2023,4,413,189,11901.0,5851.59,186.29,6049.41
SL-0003486,STR-019,CAT-06,2023-04-01,2023,4,724,437,12832.43,11074.6,214.72,1757.83
SL-0003487,STR-019,CAT-07,2023-04-01,2023,4,751,464,14293.38,8855.14,799.68,5438.24
SL-0003488,STR-019,CAT-08,2023-04-01,2023,4,338,168,9741.05,7016.6,408.49,2724.45
SL-0003489,STR-019,CAT-01,2023-05-01,2023,5,484,242,15988.28,10668.67,242.07,5319.61
SL-0003490,STR-019,CAT-02,2023-05-01,2023,5,528,291,11188.09,10093.58,188.77,1094.51
SL-0003491,STR-019,CAT-03,2023-05-01,2023,5,853,390,26880.99,17912.23,740.26,8968.76
SL-0003492,STR-019,CAT-04,2023-05-01,2023,5,711,301,14869.56,11330.81,519.16,3538.75
SL-0003493,STR-019,CAT-05,2023-05-01,2023,5,433,188,11199.24,5367.32,462.34,5831.92
SL-0003494,STR-019,CAT-06,2023-05-01,2023,5,781,339,22484.3,19411.38,1340.62,3072.92
SL-0003495,STR-019,CAT-07,2023-05-01,2023,5,545,285,16216.05,10957.26,295.77,5258.79
SL-0003496,STR-019,CAT-08,2023-05-01,2023,5,583,274,14333.52,10575.11,444.21,3758.41
SL-0003497,STR-019,CAT-01,2023-06-01,2023,6,1013,529,29713.98,18999.78,1320.17,10714.2
SL-0003498,STR-019,CAT-02,2023-06-01,2023,6,572,312,16632.26,15051.37,181.26,1580.89
SL-0003499,STR-019,CAT-03,2023-06-01,2023,6,666,446,11514.21,7856.94,528.04,3657.27
SL-0003500,STR-019,CAT-04,2023-06-01,2023,6,821,404,23640.23,16473.65,1137.94,7166.58
SL-0003501,STR-019,CAT-05,2023-06-01,2023,6,1041,710,27373.31,12540.63,961.0,14832.68
SL-0003502,STR-019,CAT-06,2023-06-01,2023,6,927,524,20822.12,17331.43,667.93,3490.69
SL-0003503,STR-019,CAT-07,2023-06-01,2023,6,772,316,18216.93,12084.39,613.63,6132.54
SL-0003504,STR-019,CAT-08,2023-06-01,2023,6,554,300,16457.9,12755.64,729.85,3702.26
SL-0003505,STR-019,CAT-01,2023-07-01,2023,7,785,513,17690.59,11108.45,933.9,6582.14
SL-0003506,STR-019,CAT-02,2023-07-01,2023,7,692,614,21917.93,17734.4,511.53,4183.53
SL-0003507,STR-019,CAT-03,2023-07-01,2023,7,791,671,11418.19,7626.79,234.62,3791.4
SL-0003508,STR-019,CAT-04,2023-07-01,2023,7,675,329,26868.24,18421.67,573.78,8446.57
SL-0003509,STR-019,CAT-05,2023-07-01,2023,7,281,143,10659.11,5278.56,240.66,5380.55
SL-0003510,STR-019,CAT-06,2023-07-01,2023,7,758,503,27016.99,23114.11,1441.84,3902.88
SL-0003511,STR-019,CAT-07,2023-07-01,2023,7,664,377,17606.69,11313.09,738.7,6293.6
SL-0003512,STR-019,CAT-08,2023-07-01,2023,7,740,343,20103.34,14577.08,752.08,5526.26
SL-0003513,STR-019,CAT-01,2023-08-01,2023,8,1194,462,23259.94,14512.76,1090.56,8747.18
SL-0003514,STR-019,CAT-02,2023-08-01,2023,8,341,177,14548.6,13690.11,362.79,858.49
SL-0003515,STR-019,CAT-03,2023-08-01,2023,8,390,217,13655.11,9302.64,656.86,4352.47
SL-0003516,STR-019,CAT-04,2023-08-01,2023,8,300,176,10694.65,7751.87,309.56,2942.78
SL-0003517,STR-019,CAT-05,2023-08-01,2023,8,415,249,13894.12,6616.98,423.66,7277.14
SL-0003518,STR-019,CAT-06,2023-08-01,2023,8,425,251,11847.29,9994.42,676.33,1852.87
SL-0003519,STR-019,CAT-07,2023-08-01,2023,8,726,361,21613.32,14456.91,647.35,7156.41
SL-0003520,STR-019,CAT-08,2023-08-01,2023,8,967,469,18365.95,13601.96,431.28,4763.99
SL-0003521,STR-019,CAT-01,2023-09-01,2023,9,734,426,18804.05,11716.4,426.65,7087.65
SL-0003522,STR-019,CAT-02,2023-09-01,2023,9,550,295,16187.79,13542.33,391.33,2645.46
SL-0003523,STR-019,CAT-03,2023-09-01,2023,9,574,307,18218.78,12483.82,680.54,5734.96
SL-0003524,STR-019,CAT-04,2023-09-01,2023,9,547,292,12539.33,9310.93,702.58,3228.4
SL-0003525,STR-019,CAT-05,2023-09-01,2023,9,2222,1106,19316.53,9105.65,826.59,10210.88
SL-0003526,STR-019,CAT-06,2023-09-01,2023,9,608,434,20800.13,16929.99,829.41,3870.14
SL-0003527,STR-019,CAT-07,2023-09-01,2023,9,534,342,15756.77,9777.38,849.87,5979.39
SL-0003528,STR-019,CAT-08,2023-09-01,2023,9,490,281,16559.61,12125.94,464.5,4433.67
SL-0003529,STR-019,CAT-01,2023-10-01,2023,10,795,506,24730.85,15364.53,271.07,9366.32
SL-0003530,STR-019,CAT-02,2023-10-01,2023,10,876,446,14319.9,12407.82,827.37,1912.08
SL-0003531,STR-019,CAT-03,2023-10-01,2023,10,600,379,20183.04,12120.4,1091.06,8062.64
SL-0003532,STR-019,CAT-04,2023-10-01,2023,10,403,184,14894.58,10235.76,557.09,4658.82
SL-0003533,STR-019,CAT-05,2023-10-01,2023,10,373,175,12455.0,5821.76,603.88,6633.24
SL-0003534,STR-019,CAT-06,2023-10-01,2023,10,497,351,17421.78,14383.09,256.04,3038.69
SL-0003535,STR-019,CAT-07,2023-10-01,2023,10,540,348,17961.09,11118.55,572.84,6842.54
SL-0003536,STR-019,CAT-08,2023-10-01,2023,10,785,412,17776.32,13404.78,232.97,4371.54
SL-0003537,STR-019,CAT-01,2023-11-01,2023,11,4900,2200,23479.15,14731.8,738.28,8747.35
SL-0003538,STR-019,CAT-02,2023-11-01,2023,11,672,409,19764.95,17416.47,237.32,2348.48
SL-0003539,STR-019,CAT-03,2023-11-01,2023,11,838,449,19896.36,13460.83,285.1,6435.53
SL-0003540,STR-019,CAT-04,2023-11-01,2023,11,265,151,10366.67,7591.98,479.02,2774.69
SL-0003541,STR-019,CAT-05,2023-11-01,2023,11,491,313,20778.54,9595.68,364.55,11182.86
SL-0003542,STR-019,CAT-06,2023-11-01,2023,11,538,259,15810.38,13871.55,882.38,1938.83
SL-0003543,STR-019,CAT-07,2023-11-01,2023,11,865,571,23034.96,14906.41,342.48,8128.55
SL-0003544,STR-019,CAT-08,2023-11-01,2023,11,558,312,15292.92,11883.15,274.61,3409.77
SL-0003545,STR-019,CAT-01,2023-12-01,2023,12,868,503,32003.3,20225.92,707.02,11777.38
SL-0003546,STR-019,CAT-02,2023-12-01,2023,12,1439,984,35808.08,31288.58,1358.31,4519.5
SL-0003547,STR-019,CAT-03,2023-12-01,2023,12,862,472,31730.69,21109.69,1490.72,10621.0
SL-0003548,STR-019,CAT-04,2023-12-01,2023,12,328,161,9741.25,6749.21,191.99,2992.04
SL-0003549,STR-019,CAT-05,2023-12-01,2023,12,1014,623,22206.53,10867.99,709.32,11338.54
SL-0003550,STR-019,CAT-06,2023-12-01,2023,12,485,244,15873.36,13677.7,262.14,2195.66
SL-0003551,STR-019,CAT-07,2023-12-01,2023,12,1561,1090,52102.53,34343.51,1913.26,17759.02
SL-0003552,STR-019,CAT-08,2023-12-01,2023,12,1093,563,34538.9,26332.52,1584.67,8206.38
SL-0003553,STR-019,CAT-01,2024-01-01,2024,1,900,574,14850.29,9557.63,221.8,5292.66
SL-0003554,STR-019,CAT-02,2024-01-01,2024,1,369,185,8539.58,7246.42,319.56,1293.16
SL-0003555,STR-019,CAT-03,2024-01-01,2024,1,466,265,10892.15,7310.98,162.7,3581.17
SL-0003556,STR-019,CAT-04,2024-01-01,2024,1,322,186,11267.52,7882.9,440.02,3384.62
SL-0003557,STR-019,CAT-05,2024-01-01,2024,1,412,321,19700.01,9454.38,344.55,10245.63
SL-0003558,STR-019,CAT-06,2024-01-01,2024,1,681,344,11852.6,9596.16,270.32,2256.44
SL-0003559,STR-019,CAT-07,2024-01-01,2024,1,294,148,9528.5,6493.49,239.26,3035.01
SL-0003560,STR-019,CAT-08,2024-01-01,2024,1,556,270,17516.86,13588.12,280.3,3928.74
SL-0003561,STR-019,CAT-01,2024-02-01,2024,2,427,204,11903.48,7360.55,183.72,4542.93
SL-0003562,STR-019,CAT-02,2024-02-01,2024,2,544,264,15156.44,13637.61,846.61,1518.83
SL-0003563,STR-019,CAT-03,2024-02-01,2024,2,287,158,8123.45,5395.68,311.33,2727.77
SL-0003564,STR-019,CAT-04,2024-02-01,2024,2,501,327,14498.03,10321.97,273.62,4176.06
SL-0003565,STR-019,CAT-05,2024-02-01,2024,2,494,380,15821.06,7905.14,854.95,7915.92
SL-0003566,STR-019,CAT-06,2024-02-01,2024,2,378,218,10729.96,8791.37,213.58,1938.59
SL-0003567,STR-019,CAT-07,2024-02-01,2024,2,312,207,6840.09,4431.9,151.79,2408.19
SL-0003568,STR-019,CAT-08,2024-02-01,2024,2,381,228,9767.2,7391.84,256.52,2375.36
SL-0003569,STR-019,CAT-01,2024-03-01,2024,3,761,437,16297.97,9938.22,642.24,6359.75
SL-0003570,STR-019,CAT-02,2024-03-01,2024,3,837,460,15675.9,13438.85,433.61,2237.05
SL-0003571,STR-019,CAT-03,2024-03-01,2024,3,721,443,17101.44,11822.4,802.96,5279.04
SL-0003572,STR-019,CAT-04,2024-03-01,2024,3,855,545,21197.38,14772.41,1040.67,6424.97
SL-0003573,STR-019,CAT-05,2024-03-01,2024,3,3178,2337,25929.27,12435.03,544.56,13494.24
SL-0003574,STR-019,CAT-06,2024-03-01,2024,3,431,188,17656.55,14354.82,434.36,3301.73
SL-0003575,STR-019,CAT-07,2024-03-01,2024,3,1213,790,17143.85,10891.02,191.49,6252.83
SL-0003576,STR-019,CAT-08,2024-03-01,2024,3,546,354,17700.09,12705.11,840.42,4994.98
SL-0003577,STR-019,CAT-01,2024-04-01,2024,4,459,305,13206.94,8420.57,756.83,4786.37
SL-0003578,STR-019,CAT-02,2024-04-01,2024,4,470,258,15133.16,13698.8,816.1,1434.36
SL-0003579,STR-019,CAT-03,2024-04-01,2024,4,774,559,16065.91,10989.24,320.82,5076.67
SL-0003580,STR-019,CAT-04,2024-04-01,2024,4,581,417,24909.84,16602.42,395.36,8307.42
SL-0003581,STR-019,CAT-05,2024-04-01,2024,4,771,383,19308.63,9719.42,770.75,9589.21
SL-0003582,STR-019,CAT-06,2024-04-01,2024,4,1024,612,21842.04,18031.23,1096.65,3810.81
SL-0003583,STR-019,CAT-07,2024-04-01,2024,4,492,403,15416.6,9896.89,472.27,5519.71
SL-0003584,STR-019,CAT-08,2024-04-01,2024,4,661,293,16939.32,12926.0,1013.05,4013.32
SL-0003585,STR-019,CAT-01,2024-05-01,2024,5,699,502,13596.88,8426.59,650.87,5170.29
SL-0003586,STR-019,CAT-02,2024-05-01,2024,5,593,339,16854.68,14130.64,813.6,2724.04
SL-0003587,STR-019,CAT-03,2024-05-01,2024,5,887,526,15362.27,10252.99,886.19,5109.28
SL-0003588,STR-019,CAT-04,2024-05-01,2024,5,808,451,18073.09,13024.27,776.5,5048.82
SL-0003589,STR-019,CAT-05,2024-05-01,2024,5,441,195,14283.72,7192.2,757.84,7091.52
SL-0003590,STR-019,CAT-06,2024-05-01,2024,5,441,233,13994.32,12355.42,596.86,1638.9
SL-0003591,STR-019,CAT-07,2024-05-01,2024,5,962,626,14872.09,9634.85,756.73,5237.24
SL-0003592,STR-019,CAT-08,2024-05-01,2024,5,930,502,16247.33,11916.44,894.8,4330.89
SL-0003593,STR-019,CAT-01,2024-06-01,2024,6,568,332,25108.38,16547.11,300.33,8561.27
SL-0003594,STR-019,CAT-02,2024-06-01,2024,6,298,127,8995.97,8177.0,209.51,818.97
SL-0003595,STR-019,CAT-03,2024-06-01,2024,6,805,400,21248.63,14358.79,692.95,6889.84
SL-0003596,STR-019,CAT-04,2024-06-01,2024,6,294,135,13270.77,9015.65,557.01,4255.12
SL-0003597,STR-019,CAT-05,2024-06-01,2024,6,514,259,19619.16,9227.65,211.42,10391.51
SL-0003598,STR-019,CAT-06,2024-06-01,2024,6,733,474,18200.95,15496.79,832.45,2704.16
SL-0003599,STR-019,CAT-07,2024-06-01,2024,6,938,434,20160.57,12653.5,910.77,7507.07
SL-0003600,STR-019,CAT-08,2024-06-01,2024,6,520,265,16142.69,12195.44,721.67,3947.25
SL-0003601,STR-019,CAT-01,2024-07-01,2024,7,394,226,14303.25,8778.94,525.31,5524.31
SL-0003602,STR-019,CAT-02,2024-07-01,2024,7,673,480,19729.7,18047.76,783.11,1681.94
SL-0003603,STR-019,CAT-03,2024-07-01,2024,7,406,201,13645.33,9379.13,352.63,4266.2
SL-0003604,STR-019,CAT-04,2024-07-01,2024,7,438,334,14944.99,10698.63,253.75,4246.36
SL-0003605,STR-019,CAT-05,2024-07-01,2024,7,279,138,7733.71,4027.03,213.0,3706.68
SL-0003606,STR-019,CAT-06,2024-07-01,2024,7,666,289,13022.27,11229.22,492.78,1793.05
SL-0003607,STR-019,CAT-07,2024-07-01,2024,7,330,392,8092.44,5341.7,360.17,2750.74
SL-0003608,STR-019,CAT-08,2024-07-01,2024,7,340,154,9193.48,7004.86,399.7,2188.62
SL-0003609,STR-019,CAT-01,2024-08-01,2024,8,738,352,20691.41,12636.66,569.23,8054.75
SL-0003610,STR-019,CAT-02,2024-08-01,2024,8,572,340,18275.02,16739.57,836.5,1535.45
SL-0003611,STR-019,CAT-03,2024-08-01,2024,8,789,404,20260.68,13188.98,270.14,7071.7
SL-0003612,STR-019,CAT-04,2024-08-01,2024,8,5514,2776,24692.22,16852.75,331.93,7839.47
SL-0003613,STR-019,CAT-05,2024-08-01,2024,8,305,166,12691.13,6073.09,321.35,6618.04
SL-0003614,STR-019,CAT-06,2024-08-01,2024,8,647,436,19121.74,15805.18,468.84,3316.56
SL-0003615,STR-019,CAT-07,2024-08-01,2024,8,900,659,19893.63,13126.73,564.89,6766.9
SL-0003616,STR-019,CAT-08,2024-08-01,2024,8,957,656,19878.87,15704.49,404.37,4174.38
SL-0003617,STR-019,CAT-01,2024-09-01,2024,9,447,254,13991.52,9049.09,312.44,4942.43
SL-0003618,STR-019,CAT-02,2024-09-01,2024,9,1209,594,19569.66,18117.96,1029.41,1451.7
SL-0003619,STR-019,CAT-03,2024-09-01,2024,9,860,392,16983.78,10994.83,510.66,5988.95
SL-0003620,STR-019,CAT-04,2024-09-01,2024,9,409,185,14003.49,9446.17,400.82,4557.32
SL-0003621,STR-019,CAT-05,2024-09-01,2024,9,404,284,17098.64,8558.51,931.71,8540.13
SL-0003622,STR-019,CAT-06,2024-09-01,2024,9,616,296,13558.32,11799.43,665.38,1758.89
SL-0003623,STR-019,CAT-07,2024-09-01,2024,9,1174,808,16668.66,10706.03,653.61,5962.63
SL-0003624,STR-019,CAT-08,2024-09-01,2024,9,820,486,25987.88,20498.22,1275.57,5489.66
SL-0003625,STR-019,CAT-01,2024-10-01,2024,10,386,274,13363.77,8047.18,793.95,5316.59
SL-0003626,STR-019,CAT-02,2024-10-01,2024,10,277,136,10645.25,9063.76,577.57,1581.49
SL-0003627,STR-019,CAT-03,2024-10-01,2024,10,679,434,15522.09,10382.83,819.24,5139.26
SL-0003628,STR-019,CAT-04,2024-10-01,2024,10,493,289,13330.26,9502.73,158.14,3827.53
SL-0003629,STR-019,CAT-05,2024-10-01,2024,10,440,222,15569.1,7684.17,714.08,7884.93
SL-0003630,STR-019,CAT-06,2024-10-01,2024,10,409,261,8989.88,7304.08,213.98,1685.8
SL-0003631,STR-019,CAT-07,2024-10-01,2024,10,2035,1081,17298.27,11285.75,235.74,6012.52
SL-0003632,STR-019,CAT-08,2024-10-01,2024,10,253,149,9677.56,7095.45,327.63,2582.11
SL-0003633,STR-019,CAT-01,2024-11-01,2024,11,673,293,29144.56,18272.09,308.35,10872.47
SL-0003634,STR-019,CAT-02,2024-11-01,2024,11,728,369,31206.95,28893.75,613.21,2313.2
SL-0003635,STR-019,CAT-03,2024-11-01,2024,11,637,309,23325.23,15813.46,311.87,7511.77
SL-0003636,STR-019,CAT-04,2024-11-01,2024,11,739,443,14715.73,10551.07,850.53,4164.66
SL-0003637,STR-019,CAT-05,2024-11-01,2024,11,1459,1028,22686.74,10752.04,1035.36,11934.7
SL-0003638,STR-019,CAT-06,2024-11-01,2024,11,1060,814,21010.41,17836.38,898.48,3174.03
SL-0003639,STR-019,CAT-07,2024-11-01,2024,11,1239,639,41952.16,26187.72,2327.17,15764.44
SL-0003640,STR-019,CAT-08,2024-11-01,2024,11,827,395,15208.06,11515.17,430.75,3692.89
SL-0003641,STR-019,CAT-01,2024-12-01,2024,12,886,487,16540.84,10188.36,877.63,6352.48
SL-0003642,STR-019,CAT-02,2024-12-01,2024,12,794,341,19471.91,17570.91,830.81,1901.0
SL-0003643,STR-019,CAT-03,2024-12-01,2024,12,749,448,23105.3,15205.59,1384.56,7899.71
SL-0003644,STR-019,CAT-04,2024-12-01,2024,12,299,191,8972.2,6506.55,313.02,2465.65
SL-0003645,STR-019,CAT-05,2024-12-01,2024,12,813,379,20103.34,9338.72,1171.41,10764.62
SL-0003646,STR-019,CAT-06,2024-12-01,2024,12,544,379,19989.17,16428.81,1162.82,3560.36
SL-0003647,STR-019,CAT-07,2024-12-01,2024,12,835,481,21005.48,14279.6,908.72,6725.88
SL-0003648,STR-019,CAT-08,2024-12-01,2024,12,772,665,16394.79,12255.29,675.9,4139.5
SL-0003649,STR-020,CAT-01,2023-01-01,2023,1,1742,962,44968.11,27269.38,674.05,17698.73
SL-0003650,STR-020,CAT-02,2023-01-01,2023,1,1201,672,24393.63,19979.64,889.12,4413.99
SL-0003651,STR-020,CAT-03,2023-01-01,2023,1,562,301,20928.19,13161.54,1214.03,7766.65
SL-0003652,STR-020,CAT-04,2023-01-01,2023,1,855,451,34377.32,22247.53,1426.66,12129.79
SL-0003653,STR-020,CAT-05,2023-01-01,2023,1,583,241,18403.85,8149.32,500.0,10254.53
SL-0003654,STR-020,CAT-06,2023-01-01,2023,1,1153,485,42240.75,33033.68,1118.51,9207.07
SL-0003655,STR-020,CAT-07,2023-01-01,2023,1,439,310,12839.19,7700.23,555.23,5138.96
SL-0003656,STR-020,CAT-08,2023-01-01,2023,1,1310,739,38419.33,26887.07,820.36,11532.26
SL-0003657,STR-020,CAT-01,2023-02-01,2023,2,593,358,17227.96,10112.06,866.33,7115.9
SL-0003658,STR-020,CAT-02,2023-02-01,2023,2,502,332,16384.57,13547.98,736.42,2836.59
SL-0003659,STR-020,CAT-03,2023-02-01,2023,2,511,241,18337.88,11261.59,845.67,7076.29
SL-0003660,STR-020,CAT-04,2023-02-01,2023,2,691,358,15010.45,9368.32,199.89,5642.13
SL-0003661,STR-020,CAT-05,2023-02-01,2023,2,730,558,28431.58,12523.52,1362.84,15908.06
SL-0003662,STR-020,CAT-06,2023-02-01,2023,2,405,211,11629.61,9156.06,595.15,2473.55
SL-0003663,STR-020,CAT-07,2023-02-01,2023,2,368,222,10654.74,6063.81,425.78,4590.93
SL-0003664,STR-020,CAT-08,2023-02-01,2023,2,406,173,14774.83,10009.24,314.44,4765.59
SL-0003665,STR-020,CAT-01,2023-03-01,2023,3,384,194,10673.07,6500.19,534.85,4172.88
SL-0003666,STR-020,CAT-02,2023-03-01,2023,3,348,164,8341.12,6816.08,151.55,1525.04
SL-0003667,STR-020,CAT-03,2023-03-01,2023,3,1119,501,18886.67,11690.62,715.99,7196.05
SL-0003668,STR-020,CAT-04,2023-03-01,2023,3,938,571,20065.4,13508.92,758.68,6556.48
SL-0003669,STR-020,CAT-05,2023-03-01,2023,3,742,457,15853.06,7148.17,769.16,8704.89
SL-0003670,STR-020,CAT-06,2023-03-01,2023,3,545,322,17389.6,13054.61,635.47,4334.99
SL-0003671,STR-020,CAT-07,2023-03-01,2023,3,473,264,13119.27,7667.92,214.56,5451.35
SL-0003672,STR-020,CAT-08,2023-03-01,2023,3,916,629,23202.02,16701.81,705.14,6500.21
SL-0003673,STR-020,CAT-01,2023-04-01,2023,4,845,465,23909.68,13255.7,739.58,10653.98
SL-0003674,STR-020,CAT-02,2023-04-01,2023,4,1098,545,37667.58,30084.19,592.5,7583.39
SL-0003675,STR-020,CAT-03,2023-04-01,2023,4,1622,837,31848.12,19724.8,654.34,12123.32
SL-0003676,STR-020,CAT-04,2023-04-01,2023,4,969,539,41970.87,27091.18,1612.3,14879.69
SL-0003677,STR-020,CAT-05,2023-04-01,2023,4,868,512,28287.73,12610.19,377.21,15677.54
SL-0003678,STR-020,CAT-06,2023-04-01,2023,4,2276,1194,48366.19,37278.38,2101.95,11087.81
SL-0003679,STR-020,CAT-07,2023-04-01,2023,4,783,765,30385.07,17979.96,958.56,12405.11
SL-0003680,STR-020,CAT-08,2023-04-01,2023,4,1201,561,32177.73,21386.15,1654.24,10791.58
SL-0003681,STR-020,CAT-01,2023-05-01,2023,5,1149,883,41929.61,24479.8,1446.87,17449.81
SL-0003682,STR-020,CAT-02,2023-05-01,2023,5,895,554,30323.26,25091.32,1720.96,5231.94
SL-0003683,STR-020,CAT-03,2023-05-01,2023,5,804,412,25169.42,15743.19,727.13,9426.23
SL-0003684,STR-020,CAT-04,2023-05-01,2023,5,959,836,27936.3,18130.25,733.03,9806.05
SL-0003685,STR-020,CAT-05,2023-05-01,2023,5,1256,740,38586.83,17968.27,617.11,20618.56
SL-0003686,STR-020,CAT-06,2023-05-01,2023,5,804,545,27325.72,21108.39,857.68,6217.33
SL-0003687,STR-020,CAT-07,2023-05-01,2023,5,596,303,21905.16,12713.66,878.98,9191.5
SL-0003688,STR-020,CAT-08,2023-05-01,2023,5,648,483,19499.72,13781.6,997.1,5718.12
SL-0003689,STR-020,CAT-01,2023-06-01,2023,6,620,773,25233.33,14702.53,1362.75,10530.8
SL-0003690,STR-020,CAT-02,2023-06-01,2023,6,793,479,17511.81,14831.0,728.3,2680.81
SL-0003691,STR-020,CAT-03,2023-06-01,2023,6,718,338,21436.03,13117.1,467.35,8318.93
SL-0003692,STR-020,CAT-04,2023-06-01,2023,6,979,674,35071.01,22498.5,542.08,12572.51
SL-0003693,STR-020,CAT-05,2023-06-01,2023,6,524,233,14748.51,6585.08,337.81,8163.43
SL-0003694,STR-020,CAT-06,2023-06-01,2023,6,601,293,20569.34,15254.64,748.47,5314.7
SL-0003695,STR-020,CAT-07,2023-06-01,2023,6,429,236,13797.53,8498.97,228.77,5298.56
SL-0003696,STR-020,CAT-08,2023-06-01,2023,6,847,385,21880.93,14860.35,875.4,7020.58
SL-0003697,STR-020,CAT-01,2023-07-01,2023,7,1282,904,29672.32,17307.46,1047.53,12364.86
SL-0003698,STR-020,CAT-02,2023-07-01,2023,7,994,477,24887.98,19852.8,876.45,5035.18
SL-0003699,STR-020,CAT-03,2023-07-01,2023,7,656,398,24213.28,15328.79,909.26,8884.49
SL-0003700,STR-020,CAT-04,2023-07-01,2023,7,468,256,16855.24,10326.58,829.78,6528.66
SL-0003701,STR-020,CAT-05,2023-07-01,2023,7,484,271,14257.42,6257.9,834.18,7999.52
SL-0003702,STR-020,CAT-06,2023-07-01,2023,7,928,681,29721.33,24591.16,775.9,5130.17
SL-0003703,STR-020,CAT-07,2023-07-01,2023,7,1013,571,19006.36,11277.31,618.27,7729.05
SL-0003704,STR-020,CAT-08,2023-07-01,2023,7,1087,746,15159.48,10411.8,412.58,4747.68
SL-0003705,STR-020,CAT-01,2023-08-01,2023,8,928,485,25283.16,14655.0,598.58,10628.16
SL-0003706,STR-020,CAT-02,2023-08-01,2023,8,992,666,17005.43,13658.14,694.11,3347.29
SL-0003707,STR-020,CAT-03,2023-08-01,2023,8,879,517,22636.64,13978.89,1198.26,8657.75
SL-0003708,STR-020,CAT-04,2023-08-01,2023,8,509,354,16326.11,10292.69,702.94,6033.42
SL-0003709,STR-020,CAT-05,2023-08-01,2023,8,1115,653,31470.02,14310.85,1293.87,17159.17
SL-0003710,STR-020,CAT-06,2023-08-01,2023,8,510,266,16216.14,13058.87,285.57,3157.27
SL-0003711,STR-020,CAT-07,2023-08-01,2023,8,766,483,21214.55,13479.84,958.62,7734.71
SL-0003712,STR-020,CAT-08,2023-08-01,2023,8,1000,549,23179.8,16718.75,1263.26,6461.05
SL-0003713,STR-020,CAT-01,2023-09-01,2023,9,825,389,18519.53,10896.08,613.12,7623.45
SL-0003714,STR-020,CAT-02,2023-09-01,2023,9,945,602,18901.13,14577.52,284.54,4323.61
SL-0003715,STR-020,CAT-03,2023-09-01,2023,9,975,588,25587.3,15127.73,938.61,10459.57
SL-0003716,STR-020,CAT-04,2023-09-01,2023,9,742,445,18078.38,11568.87,788.58,6509.51
SL-0003717,STR-020,CAT-05,2023-09-01,2023,9,942,648,23608.62,10600.41,887.31,13008.21
SL-0003718,STR-020,CAT-06,2023-09-01,2023,9,340,187,14857.01,11977.03,845.13,2879.98
SL-0003719,STR-020,CAT-07,2023-09-01,2023,9,752,555,23043.0,14243.26,1268.92,8799.74
SL-0003720,STR-020,CAT-08,2023-09-01,2023,9,816,576,18843.21,13204.55,500.25,5638.66
SL-0003721,STR-020,CAT-01,2023-10-01,2023,10,2640,1739,22850.94,14167.55,854.86,8683.39
SL-0003722,STR-020,CAT-02,2023-10-01,2023,10,1012,446,33762.21,26859.75,556.87,6902.46
SL-0003723,STR-020,CAT-03,2023-10-01,2023,10,1448,804,27053.8,16793.82,1396.21,10259.98
SL-0003724,STR-020,CAT-04,2023-10-01,2023,10,2157,913,30606.91,20438.9,534.89,10168.01
SL-0003725,STR-020,CAT-05,2023-10-01,2023,10,1491,722,33185.93,15072.93,1970.05,18113.0
SL-0003726,STR-020,CAT-06,2023-10-01,2023,10,702,441,22883.94,17794.66,895.42,5089.28
SL-0003727,STR-020,CAT-07,2023-10-01,2023,10,1237,833,33988.17,20120.42,1044.14,13867.75
SL-0003728,STR-020,CAT-08,2023-10-01,2023,10,799,441,25459.44,17706.82,722.46,7752.62
SL-0003729,STR-020,CAT-01,2023-11-01,2023,11,628,393,23911.59,14798.85,620.25,9112.74
SL-0003730,STR-020,CAT-02,2023-11-01,2023,11,1531,884,36926.09,30574.77,2090.3,6351.32
SL-0003731,STR-020,CAT-03,2023-11-01,2023,11,902,534,24235.57,14209.5,1141.49,10026.07
SL-0003732,STR-020,CAT-04,2023-11-01,2023,11,858,475,26917.97,18372.23,614.01,8545.74
SL-0003733,STR-020,CAT-05,2023-11-01,2023,11,671,391,20331.42,9156.69,321.42,11174.73
SL-0003734,STR-020,CAT-06,2023-11-01,2023,11,841,528,25290.6,19210.41,824.41,6080.19
SL-0003735,STR-020,CAT-07,2023-11-01,2023,11,994,552,32048.1,19048.46,533.73,12999.64
SL-0003736,STR-020,CAT-08,2023-11-01,2023,11,480,211,21348.58,14575.65,656.53,6772.93
SL-0003737,STR-020,CAT-01,2023-12-01,2023,12,1668,970,41744.9,23698.53,824.54,18046.37
SL-0003738,STR-020,CAT-02,2023-12-01,2023,12,1413,680,63806.02,53505.31,2791.68,10300.71
SL-0003739,STR-020,CAT-03,2023-12-01,2023,12,931,549,31550.37,19450.62,740.2,12099.75
SL-0003740,STR-020,CAT-04,2023-12-01,2023,12,1033,711,28488.3,18236.58,381.72,10251.72
SL-0003741,STR-020,CAT-05,2023-12-01,2023,12,1329,759,26862.5,12031.43,308.26,14831.07
SL-0003742,STR-020,CAT-06,2023-12-01,2023,12,1207,633,39740.82,29268.06,2222.5,10472.76
SL-0003743,STR-020,CAT-07,2023-12-01,2023,12,2042,1217,55989.03,33480.1,1532.71,22508.93
SL-0003744,STR-020,CAT-08,2023-12-01,2023,12,1626,858,34667.46,24278.44,1435.46,10389.02
SL-0003745,STR-020,CAT-01,2024-01-01,2024,1,580,313,21874.71,11653.94,928.13,10220.77
SL-0003746,STR-020,CAT-02,2024-01-01,2024,1,2537,1305,31548.28,26723.19,1451.45,4825.09
SL-0003747,STR-020,CAT-03,2024-01-01,2024,1,668,403,22208.38,13695.22,1229.59,8513.16
SL-0003748,STR-020,CAT-04,2024-01-01,2024,1,695,545,21638.26,14238.75,1124.7,7399.51
SL-0003749,STR-020,CAT-05,2024-01-01,2024,1,860,412,27937.33,12275.42,735.5,15661.91
SL-0003750,STR-020,CAT-06,2024-01-01,2024,1,988,499,34656.19,27242.99,718.41,7413.2
SL-0003751,STR-020,CAT-07,2024-01-01,2024,1,697,384,19930.9,11770.18,449.34,8160.72
SL-0003752,STR-020,CAT-08,2024-01-01,2024,1,865,492,33484.93,24517.69,1710.17,8967.24
SL-0003753,STR-020,CAT-01,2024-02-01,2024,2,964,584,30324.73,17301.22,541.78,13023.51
SL-0003754,STR-020,CAT-02,2024-02-01,2024,2,511,376,20424.89,16876.24,205.13,3548.65
SL-0003755,STR-020,CAT-03,2024-02-01,2024,2,1152,580,25868.27,16439.62,1526.14,9428.65
SL-0003756,STR-020,CAT-04,2024-02-01,2024,2,2874,1430,29099.08,20375.4,632.18,8723.68
SL-0003757,STR-020,CAT-05,2024-02-01,2024,2,910,537,30707.05,13860.06,1295.16,16846.99
SL-0003758,STR-020,CAT-06,2024-02-01,2024,2,1856,1020,23192.85,19952.99,454.3,3239.86
SL-0003759,STR-020,CAT-07,2024-02-01,2024,2,626,508,15837.19,9299.79,188.5,6537.4
SL-0003760,STR-020,CAT-08,2024-02-01,2024,2,941,429,30033.56,21034.94,1161.66,8998.62
SL-0003761,STR-020,CAT-01,2024-03-01,2024,3,456,278,16634.58,9603.68,368.94,7030.9
SL-0003762,STR-020,CAT-02,2024-03-01,2024,3,562,345,26162.73,21547.68,295.92,4615.05
SL-0003763,STR-020,CAT-03,2024-03-01,2024,3,919,615,34156.96,20975.83,1835.11,13181.13
SL-0003764,STR-020,CAT-04,2024-03-01,2024,3,1302,953,32874.1,21880.65,1921.8,10993.45
SL-0003765,STR-020,CAT-05,2024-03-01,2024,3,1066,579,29401.18,12931.03,849.57,16470.15
SL-0003766,STR-020,CAT-06,2024-03-01,2024,3,1454,851,25958.49,20330.98,804.78,5627.51
SL-0003767,STR-020,CAT-07,2024-03-01,2024,3,1031,602,24760.3,14968.88,676.41,9791.42
SL-0003768,STR-020,CAT-08,2024-03-01,2024,3,1219,692,22507.96,16346.2,513.27,6161.76
SL-0003769,STR-020,CAT-01,2024-04-01,2024,4,1547,790,36905.63,21263.72,1898.76,15641.91
SL-0003770,STR-020,CAT-02,2024-04-01,2024,4,1777,1255,33525.03,28261.21,845.05,5263.82
SL-0003771,STR-020,CAT-03,2024-04-01,2024,4,900,431,36340.42,22415.7,373.82,13924.72
SL-0003772,STR-020,CAT-04,2024-04-01,2024,4,1893,856,49922.14,32012.65,2872.53,17909.49
SL-0003773,STR-020,CAT-05,2024-04-01,2024,4,547,271,19058.96,9378.59,306.35,9680.37
SL-0003774,STR-020,CAT-06,2024-04-01,2024,4,1529,681,42265.18,31970.88,869.96,10294.3
SL-0003775,STR-020,CAT-07,2024-04-01,2024,4,678,392,16951.55,10136.76,702.91,6814.79
SL-0003776,STR-020,CAT-08,2024-04-01,2024,4,1030,526,31744.97,22088.55,1675.32,9656.42
SL-0003777,STR-020,CAT-01,2024-05-01,2024,5,1305,981,15872.22,9586.76,418.76,6285.46
SL-0003778,STR-020,CAT-02,2024-05-01,2024,5,1180,764,31661.11,24921.28,627.27,6739.83
SL-0003779,STR-020,CAT-03,2024-05-01,2024,5,1099,1189,34239.54,22437.75,681.31,11801.79
SL-0003780,STR-020,CAT-04,2024-05-01,2024,5,1390,678,38246.42,25878.18,1363.64,12368.24
SL-0003781,STR-020,CAT-05,2024-05-01,2024,5,1190,981,28553.89,12866.33,1109.31,15687.56
SL-0003782,STR-020,CAT-06,2024-05-01,2024,5,1341,618,27322.22,20403.69,658.9,6918.53
SL-0003783,STR-020,CAT-07,2024-05-01,2024,5,524,429,16363.5,9671.13,591.77,6692.37
SL-0003784,STR-020,CAT-08,2024-05-01,2024,5,935,468,27045.1,18703.2,1060.68,8341.9
SL-0003785,STR-020,CAT-01,2024-06-01,2024,6,519,314,23231.49,14277.59,312.6,8953.9
SL-0003786,STR-020,CAT-02,2024-06-01,2024,6,1892,926,24121.34,19272.37,307.73,4848.97
SL-0003787,STR-020,CAT-03,2024-06-01,2024,6,893,439,21672.54,13491.95,1267.54,8180.59
SL-0003788,STR-020,CAT-04,2024-06-01,2024,6,822,500,22515.95,15058.74,584.86,7457.21
SL-0003789,STR-020,CAT-05,2024-06-01,2024,6,421,272,14696.68,6744.68,614.17,7952.0
SL-0003790,STR-020,CAT-06,2024-06-01,2024,6,606,307,20458.23,16545.68,1067.66,3912.55
SL-0003791,STR-020,CAT-07,2024-06-01,2024,6,756,406,19370.71,11678.36,694.47,7692.35
SL-0003792,STR-020,CAT-08,2024-06-01,2024,6,652,322,27315.05,19536.26,665.14,7778.79
SL-0003793,STR-020,CAT-01,2024-07-01,2024,7,1348,844,25933.18,14717.91,1359.9,11215.27
SL-0003794,STR-020,CAT-02,2024-07-01,2024,7,730,445,18563.36,15244.97,350.91,3318.39
SL-0003795,STR-020,CAT-03,2024-07-01,2024,7,380,210,12854.8,7596.81,521.31,5257.99
SL-0003796,STR-020,CAT-04,2024-07-01,2024,7,765,381,27055.05,17086.31,1459.44,9968.74
SL-0003797,STR-020,CAT-05,2024-07-01,2024,7,1098,559,25387.4,11501.04,1406.4,13886.36
SL-0003798,STR-020,CAT-06,2024-07-01,2024,7,808,408,29800.66,23017.05,1742.51,6783.61
SL-0003799,STR-020,CAT-07,2024-07-01,2024,7,923,535,22275.34,13602.87,1044.22,8672.47
SL-0003800,STR-020,CAT-08,2024-07-01,2024,7,1167,733,18930.95,13118.82,750.76,5812.13
SL-0003801,STR-020,CAT-01,2024-08-01,2024,8,1243,877,37588.71,21046.91,1075.36,16541.8
SL-0003802,STR-020,CAT-02,2024-08-01,2024,8,866,380,36302.82,31226.71,1453.71,5076.11
SL-0003803,STR-020,CAT-03,2024-08-01,2024,8,1208,598,31892.41,20202.5,1288.53,11689.91
SL-0003804,STR-020,CAT-04,2024-08-01,2024,8,1067,480,32511.71,20599.37,1886.14,11912.34
SL-0003805,STR-020,CAT-05,2024-08-01,2024,8,874,454,35310.0,14907.66,1048.85,20402.34
SL-0003806,STR-020,CAT-06,2024-08-01,2024,8,1395,873,42827.91,34386.87,2094.23,8441.04
SL-0003807,STR-020,CAT-07,2024-08-01,2024,8,1241,748,30406.13,18221.26,586.4,12184.87
SL-0003808,STR-020,CAT-08,2024-08-01,2024,8,930,446,34634.06,24558.75,1158.83,10075.31
SL-0003809,STR-020,CAT-01,2024-09-01,2024,9,855,626,19582.06,11171.12,520.17,8410.94
SL-0003810,STR-020,CAT-02,2024-09-01,2024,9,537,611,17274.02,14361.4,826.58,2912.62
SL-0003811,STR-020,CAT-03,2024-09-01,2024,9,1158,916,33907.22,21587.62,547.7,12319.6
SL-0003812,STR-020,CAT-04,2024-09-01,2024,9,864,410,21882.27,14290.29,278.3,7591.98
SL-0003813,STR-020,CAT-05,2024-09-01,2024,9,954,742,28100.53,12676.55,1064.12,15423.98
SL-0003814,STR-020,CAT-06,2024-09-01,2024,9,834,527,17358.9,13653.55,933.24,3705.35
SL-0003815,STR-020,CAT-07,2024-09-01,2024,9,714,487,20239.51,12726.82,314.33,7512.69
SL-0003816,STR-020,CAT-08,2024-09-01,2024,9,897,492,25734.17,18382.62,616.19,7351.55
SL-0003817,STR-020,CAT-01,2024-10-01,2024,10,1451,995,42788.45,23929.36,1859.17,18859.09
SL-0003818,STR-020,CAT-02,2024-10-01,2024,10,429,195,20806.11,16411.4,917.29,4394.71
SL-0003819,STR-020,CAT-03,2024-10-01,2024,10,1130,553,31935.74,20090.09,423.35,11845.65
SL-0003820,STR-020,CAT-04,2024-10-01,2024,10,1234,593,25717.32,16923.16,618.85,8794.16
SL-0003821,STR-020,CAT-05,2024-10-01,2024,10,1864,1198,30781.67,13280.72,689.91,17500.95
SL-0003822,STR-020,CAT-06,2024-10-01,2024,10,589,302,19380.35,14864.12,1157.08,4516.23
SL-0003823,STR-020,CAT-07,2024-10-01,2024,10,848,437,35240.89,21819.4,1049.16,13421.49
SL-0003824,STR-020,CAT-08,2024-10-01,2024,10,2882,1338,36551.86,24301.08,778.31,12250.78
SL-0003825,STR-020,CAT-01,2024-11-01,2024,11,1570,728,44837.0,27388.22,1439.71,17448.78
SL-0003826,STR-020,CAT-02,2024-11-01,2024,11,1098,741,49697.97,40946.23,613.82,8751.74
SL-0003827,STR-020,CAT-03,2024-11-01,2024,11,580,336,23046.4,14186.63,555.9,8859.77
SL-0003828,STR-020,CAT-04,2024-11-01,2024,11,800,515,24794.4,15966.86,484.63,8827.54
SL-0003829,STR-020,CAT-05,2024-11-01,2024,11,1588,730,41410.95,18275.58,1302.16,23135.37
SL-0003830,STR-020,CAT-06,2024-11-01,2024,11,1683,983,37091.87,28442.87,1604.35,8649.0
SL-0003831,STR-020,CAT-07,2024-11-01,2024,11,657,380,25647.99,16306.24,807.19,9341.75
SL-0003832,STR-020,CAT-08,2024-11-01,2024,11,977,665,30338.55,22220.18,307.66,8118.37
SL-0003833,STR-020,CAT-01,2024-12-01,2024,12,538,312,16441.8,9484.93,655.73,6956.87
SL-0003834,STR-020,CAT-02,2024-12-01,2024,12,1179,639,37565.82,30703.14,830.91,6862.68
SL-0003835,STR-020,CAT-03,2024-12-01,2024,12,894,690,28215.42,16792.02,332.63,11423.4
SL-0003836,STR-020,CAT-04,2024-12-01,2024,12,853,469,16554.24,10778.94,296.88,5775.3
SL-0003837,STR-020,CAT-05,2024-12-01,2024,12,810,372,18735.28,8163.36,750.82,10571.92
SL-0003838,STR-020,CAT-06,2024-12-01,2024,12,699,303,19982.49,15772.94,702.76,4209.55
SL-0003839,STR-020,CAT-07,2024-12-01,2024,12,1596,647,44799.71,26719.23,915.23,18080.48
SL-0003840,STR-020,CAT-08,2024-12-01,2024,12,842,503,22765.8,15858.89,1109.05,6906.91
SL-0003841,STR-021,CAT-01,2023-01-01,2023,1,806,742,28173.99,16726.22,1560.37,11447.77
SL-0003842,STR-021,CAT-02,2023-01-01,2023,1,470,325,13886.92,11551.38,800.66,2335.54
SL-0003843,STR-021,CAT-03,2023-01-01,2023,1,558,470,18499.21,11111.49,589.99,7387.72
SL-0003844,STR-021,CAT-04,2023-01-01,2023,1,426,225,16322.8,10981.01,352.27,5341.79
SL-0003845,STR-021,CAT-05,2023-01-01,2023,1,607,330,18086.83,7998.0,588.45,10088.83
SL-0003846,STR-021,CAT-06,2023-01-01,2023,1,1139,925,19907.59,15482.05,598.6,4425.54
SL-0003847,STR-021,CAT-07,2023-01-01,2023,1,406,292,15177.59,9030.67,606.48,6146.92
SL-0003848,STR-021,CAT-08,2023-01-01,2023,1,434,309,19051.85,13129.73,496.54,5922.12
SL-0003849,STR-021,CAT-01,2023-02-01,2023,2,633,395,18287.09,9979.3,901.41,8307.79
SL-0003850,STR-021,CAT-02,2023-02-01,2023,2,573,277,10511.82,8601.92,360.0,1909.9
SL-0003851,STR-021,CAT-03,2023-02-01,2023,2,533,333,14795.92,9039.84,695.43,5756.08
SL-0003852,STR-021,CAT-04,2023-02-01,2023,2,663,327,22427.92,13784.74,1168.68,8643.18
SL-0003853,STR-021,CAT-05,2023-02-01,2023,2,1124,518,26204.58,11878.81,1029.47,14325.77
SL-0003854,STR-021,CAT-06,2023-02-01,2023,2,655,394,14351.05,10869.43,654.35,3481.62
SL-0003855,STR-021,CAT-07,2023-02-01,2023,2,570,415,16475.88,9745.24,195.93,6730.64
SL-0003856,STR-021,CAT-08,2023-02-01,2023,2,449,216,20724.76,15068.54,286.02,5656.22
SL-0003857,STR-021,CAT-01,2023-03-01,2023,3,727,508,18799.27,10869.11,224.19,7930.16
SL-0003858,STR-021,CAT-02,2023-03-01,2023,3,840,467,20529.84,16648.58,542.8,3881.26
SL-0003859,STR-021,CAT-03,2023-03-01,2023,3,837,608,22142.12,13655.57,533.31,8486.55
SL-0003860,STR-021,CAT-04,2023-03-01,2023,3,1024,577,32098.53,20801.08,676.06,11297.45
SL-0003861,STR-021,CAT-05,2023-03-01,2023,3,810,546,26147.95,12238.48,1158.73,13909.47
SL-0003862,STR-021,CAT-06,2023-03-01,2023,3,857,412,27242.27,21246.76,1396.64,5995.51
SL-0003863,STR-021,CAT-07,2023-03-01,2023,3,1080,670,26209.0,15224.49,1293.17,10984.51
SL-0003864,STR-021,CAT-08,2023-03-01,2023,3,657,386,20512.27,14093.47,765.45,6418.8
SL-0003865,STR-021,CAT-01,2023-04-01,2023,4,816,384,32102.11,18835.66,481.41,13266.45
SL-0003866,STR-021,CAT-02,2023-04-01,2023,4,1039,484,28889.35,24541.6,877.98,4347.75
SL-0003867,STR-021,CAT-03,2023-04-01,2023,4,704,362,36896.62,22758.51,1729.32,14138.11
SL-0003868,STR-021,CAT-04,2023-04-01,2023,4,1205,694,24945.51,16649.23,1111.7,8296.28
SL-0003869,STR-021,CAT-05,2023-04-01,2023,4,780,310,26534.6,12380.22,584.22,14154.38
SL-0003870,STR-021,CAT-06,2023-04-01,2023,4,876,504,26163.99,21149.64,655.26,5014.35
SL-0003871,STR-021,CAT-07,2023-04-01,2023,4,285,148,12053.48,7043.18,655.0,5010.3
SL-0003872,STR-021,CAT-08,2023-04-01,2023,4,738,345,17277.53,12331.7,222.96,4945.83
SL-0003873,STR-021,CAT-01,2023-05-01,2023,5,662,304,14770.98,8561.7,162.98,6209.28
SL-0003874,STR-021,CAT-02,2023-05-01,2023,5,497,248,14970.23,13013.44,661.68,1956.79
SL-0003875,STR-021,CAT-03,2023-05-01,2023,5,567,269,22428.41,12995.06,503.53,9433.35
SL-0003876,STR-021,CAT-04,2023-05-01,2023,5,386,217,17629.45,11710.5,334.52,5918.95
SL-0003877,STR-021,CAT-05,2023-05-01,2023,5,575,321,11527.65,5157.78,192.92,6369.87
SL-0003878,STR-021,CAT-06,2023-05-01,2023,5,570,359,13627.63,11263.67,349.69,2363.96
SL-0003879,STR-021,CAT-07,2023-05-01,2023,5,674,442,18017.59,10658.66,256.13,7358.93
SL-0003880,STR-021,CAT-08,2023-05-01,2023,5,650,394,11077.62,8043.29,248.31,3034.33
SL-0003881,STR-021,CAT-01,2023-06-01,2023,6,701,431,22159.54,13237.02,473.43,8922.52
SL-0003882,STR-021,CAT-02,2023-06-01,2023,6,900,539,17576.07,14444.44,277.93,3131.63
SL-0003883,STR-021,CAT-03,2023-06-01,2023,6,586,334,15545.15,9796.48,839.95,5748.67
SL-0003884,STR-021,CAT-04,2023-06-01,2023,6,808,367,21857.16,14359.26,978.15,7497.9
SL-0003885,STR-021,CAT-05,2023-06-01,2023,6,782,335,36527.95,16596.39,1238.61,19931.56
SL-0003886,STR-021,CAT-06,2023-06-01,2023,6,920,542,38287.73,30308.14,1455.11,7979.59
SL-0003887,STR-021,CAT-07,2023-06-01,2023,6,575,317,19846.47,11831.34,732.14,8015.13
SL-0003888,STR-021,CAT-08,2023-06-01,2023,6,1999,1202,25633.46,17789.37,791.43,7844.09
SL-0003889,STR-021,CAT-01,2023-07-01,2023,7,656,343,21701.2,12620.47,601.5,9080.73
SL-0003890,STR-021,CAT-02,2023-07-01,2023,7,920,326,21292.53,16775.4,961.24,4517.13
SL-0003891,STR-021,CAT-03,2023-07-01,2023,7,565,266,13515.62,8616.86,176.82,4898.76
SL-0003892,STR-021,CAT-04,2023-07-01,2023,7,591,305,18297.78,12286.06,887.36,6011.72
SL-0003893,STR-021,CAT-05,2023-07-01,2023,7,598,356,18583.23,8320.79,688.81,10262.44
SL-0003894,STR-021,CAT-06,2023-07-01,2023,7,577,490,14922.77,11322.25,380.11,3600.52
SL-0003895,STR-021,CAT-07,2023-07-01,2023,7,837,583,18908.28,11201.57,392.69,7706.71
SL-0003896,STR-021,CAT-08,2023-07-01,2023,7,441,297,11833.07,8243.18,265.32,3589.89
SL-0003897,STR-021,CAT-01,2023-08-01,2023,8,756,393,24960.22,13692.04,601.8,11268.18
SL-0003898,STR-021,CAT-02,2023-08-01,2023,8,706,406,18004.07,14372.14,469.84,3631.93
SL-0003899,STR-021,CAT-03,2023-08-01,2023,8,408,229,13724.0,8477.75,324.65,5246.25
SL-0003900,STR-021,CAT-04,2023-08-01,2023,8,1018,549,26004.66,17054.25,1220.19,8950.41
SL-0003901,STR-021,CAT-05,2023-08-01,2023,8,735,472,20296.12,9458.34,1018.11,10837.78
SL-0003902,STR-021,CAT-06,2023-08-01,2023,8,945,679,25347.71,20291.71,1225.1,5056.0
SL-0003903,STR-021,CAT-07,2023-08-01,2023,8,1389,742,28633.45,18406.76,439.77,10226.69
SL-0003904,STR-021,CAT-08,2023-08-01,2023,8,636,299,15842.41,11209.66,346.58,4632.75
SL-0003905,STR-021,CAT-01,2023-09-01,2023,9,1269,625,20094.53,11359.81,1158.34,8734.72
SL-0003906,STR-021,CAT-02,2023-09-01,2023,9,1175,689,15998.15,13049.59,462.37,2948.56
SL-0003907,STR-021,CAT-03,2023-09-01,2023,9,959,358,22416.48,14309.76,546.02,8106.72
SL-0003908,STR-021,CAT-04,2023-09-01,2023,9,695,560,16709.95,11054.36,770.36,5655.59
SL-0003909,STR-021,CAT-05,2023-09-01,2023,9,466,266,19621.5,9293.79,333.62,10327.71
SL-0003910,STR-021,CAT-06,2023-09-01,2023,9,357,226,13708.49,10541.02,171.12,3167.47
SL-0003911,STR-021,CAT-07,2023-09-01,2023,9,458,215,11802.72,7271.05,367.45,4531.67
SL-0003912,STR-021,CAT-08,2023-09-01,2023,9,874,466,16425.43,12007.03,863.15,4418.4
SL-0003913,STR-021,CAT-01,2023-10-01,2023,10,350,254,11304.78,6608.01,309.53,4696.77
SL-0003914,STR-021,CAT-02,2023-10-01,2023,10,849,576,24339.21,18267.34,550.67,6071.87
SL-0003915,STR-021,CAT-03,2023-10-01,2023,10,776,412,20562.03,12617.09,714.71,7944.94
SL-0003916,STR-021,CAT-04,2023-10-01,2023,10,695,399,18483.87,11644.19,845.43,6839.68
SL-0003917,STR-021,CAT-05,2023-10-01,2023,10,598,395,18760.39,8529.78,825.01,10230.61
SL-0003918,STR-021,CAT-06,2023-10-01,2023,10,480,287,10318.55,7998.08,260.05,2320.47
SL-0003919,STR-021,CAT-07,2023-10-01,2023,10,1595,884,17978.15,10222.39,290.92,7755.76
SL-0003920,STR-021,CAT-08,2023-10-01,2023,10,567,319,20483.47,14213.49,917.54,6269.98
SL-0003921,STR-021,CAT-01,2023-11-01,2023,11,617,305,25827.37,15224.54,1247.41,10602.83
SL-0003922,STR-021,CAT-02,2023-11-01,2023,11,2614,1762,21037.96,18437.07,965.87,2600.89
SL-0003923,STR-021,CAT-03,2023-11-01,2023,11,987,657,28612.07,18441.45,816.97,10170.62
SL-0003924,STR-021,CAT-04,2023-11-01,2023,11,1207,642,19285.97,12160.97,892.08,7125.0
SL-0003925,STR-021,CAT-05,2023-11-01,2023,11,1711,935,37253.65,16487.64,2134.84,20766.01
SL-0003926,STR-021,CAT-06,2023-11-01,2023,11,789,477,17922.4,14370.02,451.94,3552.38
SL-0003927,STR-021,CAT-07,2023-11-01,2023,11,1044,527,26045.0,15432.72,1375.48,10612.28
SL-0003928,STR-021,CAT-08,2023-11-01,2023,11,1253,575,25394.11,18035.08,917.34,7359.03
SL-0003929,STR-021,CAT-01,2023-12-01,2023,12,552,257,19317.2,10915.72,356.76,8401.48
SL-0003930,STR-021,CAT-02,2023-12-01,2023,12,1814,953,41254.22,33866.13,2131.01,7388.09
SL-0003931,STR-021,CAT-03,2023-12-01,2023,12,1815,821,37348.98,22281.59,1836.51,15067.39
SL-0003932,STR-021,CAT-04,2023-12-01,2023,12,308,189,13919.99,8659.4,519.33,5260.59
SL-0003933,STR-021,CAT-05,2023-12-01,2023,12,833,478,24328.35,11075.0,320.53,13253.35
SL-0003934,STR-021,CAT-06,2023-12-01,2023,12,583,281,20112.76,15992.89,597.67,4119.87
SL-0003935,STR-021,CAT-07,2023-12-01,2023,12,2391,1441,56417.53,34282.95,2885.79,22134.58
SL-0003936,STR-021,CAT-08,2023-12-01,2023,12,724,457,22063.13,15759.33,923.32,6303.8
SL-0003937,STR-021,CAT-01,2024-01-01,2024,1,654,422,17356.11,9877.05,643.65,7479.06
SL-0003938,STR-021,CAT-02,2024-01-01,2024,1,381,195,10503.61,8785.5,239.02,1718.11
SL-0003939,STR-021,CAT-03,2024-01-01,2024,1,560,314,12550.38,7508.94,263.2,5041.44
SL-0003940,STR-021,CAT-04,2024-01-01,2024,1,434,257,11396.32,7425.44,463.48,3970.88
SL-0003941,STR-021,CAT-05,2024-01-01,2024,1,592,461,21765.98,9545.41,639.38,12220.57
SL-0003942,STR-021,CAT-06,2024-01-01,2024,1,1077,514,26128.78,19613.19,1370.55,6515.59
SL-0003943,STR-021,CAT-07,2024-01-01,2024,1,891,634,18998.64,11464.66,489.96,7533.98
SL-0003944,STR-021,CAT-08,2024-01-01,2024,1,314,200,13296.22,9159.23,625.69,4136.99
SL-0003945,STR-021,CAT-01,2024-02-01,2024,2,378,218,15673.49,9015.07,711.04,6658.42
SL-0003946,STR-021,CAT-02,2024-02-01,2024,2,653,382,14304.45,11287.66,430.95,3016.79
SL-0003947,STR-021,CAT-03,2024-02-01,2024,2,903,512,22211.48,13926.61,783.15,8284.87
SL-0003948,STR-021,CAT-04,2024-02-01,2024,2,860,496,28556.48,17570.7,1672.29,10985.78
SL-0003949,STR-021,CAT-05,2024-02-01,2024,2,716,403,22857.68,10757.57,458.12,12100.11
SL-0003950,STR-021,CAT-06,2024-02-01,2024,2,1523,1120,21713.02,16775.03,1239.23,4937.99
SL-0003951,STR-021,CAT-07,2024-02-01,2024,2,644,360,14451.66,8601.09,151.28,5850.57
SL-0003952,STR-021,CAT-08,2024-02-01,2024,2,1019,567,16522.8,11619.64,702.07,4903.16
SL-0003953,STR-021,CAT-01,2024-03-01,2024,3,655,397,23687.59,13828.85,394.75,9858.74
SL-0003954,STR-021,CAT-02,2024-03-01,2024,3,692,344,23878.8,19306.74,257.92,4572.06
SL-0003955,STR-021,CAT-03,2024-03-01,2024,3,649,421,21211.44,13193.66,284.85,8017.78
SL-0003956,STR-021,CAT-04,2024-03-01,2024,3,851,359,31280.15,19207.68,1826.21,12072.47
SL-0003957,STR-021,CAT-05,2024-03-01,2024,3,607,318,15236.89,7044.84,518.11,8192.05
SL-0003958,STR-021,CAT-06,2024-03-01,2024,3,636,344,21726.3,17657.48,460.15,4068.82
SL-0003959,STR-021,CAT-07,2024-03-01,2024,3,778,367,16485.38,9841.95,443.98,6643.43
SL-0003960,STR-021,CAT-08,2024-03-01,2024,3,501,387,20313.33,14075.23,1184.11,6238.1
SL-0003961,STR-021,CAT-01,2024-04-01,2024,4,371,277,11490.79,6755.57,214.96,4735.22
SL-0003962,STR-021,CAT-02,2024-04-01,2024,4,424,208,10852.41,8859.46,559.19,1992.95
SL-0003963,STR-021,CAT-03,2024-04-01,2024,4,1168,513,25764.73,16109.2,289.64,9655.53
SL-0003964,STR-021,CAT-04,2024-04-01,2024,4,532,391,15126.55,10178.87,670.0,4947.68
SL-0003965,STR-021,CAT-05,2024-04-01,2024,4,976,548,22817.67,10696.05,525.8,12121.62
SL-0003966,STR-021,CAT-06,2024-04-01,2024,4,860,712,22541.2,17309.81,1257.63,5231.39
SL-0003967,STR-021,CAT-07,2024-04-01,2024,4,269,138,10141.15,6010.94,354.55,4130.21
SL-0003968,STR-021,CAT-08,2024-04-01,2024,4,509,259,13658.21,9964.58,471.45,3693.63
SL-0003969,STR-021,CAT-01,2024-05-01,2024,5,759,351,25999.36,14810.28,1326.82,11189.08
SL-0003970,STR-021,CAT-02,2024-05-01,2024,5,483,284,13539.94,10789.14,186.72,2750.8
SL-0003971,STR-021,CAT-03,2024-05-01,2024,5,875,475,35924.65,21579.93,1856.04,14344.72
SL-0003972,STR-021,CAT-04,2024-05-01,2024,5,672,365,29042.92,19087.75,1441.46,9955.17
SL-0003973,STR-021,CAT-05,2024-05-01,2024,5,1891,982,37695.07,17112.41,1619.26,20582.66
SL-0003974,STR-021,CAT-06,2024-05-01,2024,5,700,379,19561.24,15954.82,639.58,3606.42
SL-0003975,STR-021,CAT-07,2024-05-01,2024,5,559,269,20967.85,12933.39,1101.28,8034.46
SL-0003976,STR-021,CAT-08,2024-05-01,2024,5,1099,649,17952.88,11950.39,377.67,6002.49
SL-0003977,STR-021,CAT-01,2024-06-01,2024,6,473,218,21449.6,12487.58,806.89,8962.02
SL-0003978,STR-021,CAT-02,2024-06-01,2024,6,530,362,15755.42,12483.04,545.53,3272.38
SL-0003979,STR-021,CAT-03,2024-06-01,2024,6,858,539,24302.19,14686.98,1336.57,9615.21
SL-0003980,STR-021,CAT-04,2024-06-01,2024,6,1257,579,28567.19,19421.57,666.78,9145.62
SL-0003981,STR-021,CAT-05,2024-06-01,2024,6,2415,1191,22795.88,10211.51,1305.76,12584.37
SL-0003982,STR-021,CAT-06,2024-06-01,2024,6,593,255,24431.23,19608.89,459.34,4822.34
SL-0003983,STR-021,CAT-07,2024-06-01,2024,6,711,358,28457.88,16730.83,408.41,11727.05
SL-0003984,STR-021,CAT-08,2024-06-01,2024,6,522,264,22243.36,15329.39,1042.82,6913.97
SL-0003985,STR-021,CAT-01,2024-07-01,2024,7,1345,1067,19699.68,11500.75,461.23,8198.93
SL-0003986,STR-021,CAT-02,2024-07-01,2024,7,638,350,20779.73,16387.52,233.3,4392.21
SL-0003987,STR-021,CAT-03,2024-07-01,2024,7,844,442,18416.15,11350.43,237.15,7065.72
SL-0003988,STR-021,CAT-04,2024-07-01,2024,7,1054,592,27943.17,18361.03,701.28,9582.14
SL-0003989,STR-021,CAT-05,2024-07-01,2024,7,919,571,15794.35,7339.6,587.28,8454.75
SL-0003990,STR-021,CAT-06,2024-07-01,2024,7,1568,693,26678.75,19997.29,972.06,6681.46
SL-0003991,STR-021,CAT-07,2024-07-01,2024,7,750,397,16883.13,10251.36,763.14,6631.77
SL-0003992,STR-021,CAT-08,2024-07-01,2024,7,521,313,13737.84,9733.67,811.6,4004.17
SL-0003993,STR-021,CAT-01,2024-08-01,2024,8,794,753,21110.34,12859.76,947.52,8250.58
SL-0003994,STR-021,CAT-02,2024-08-01,2024,8,685,426,18793.69,16202.07,387.75,2591.62
SL-0003995,STR-021,CAT-03,2024-08-01,2024,8,985,636,25353.15,15348.13,337.7,10005.02
SL-0003996,STR-021,CAT-04,2024-08-01,2024,8,1023,583,27040.0,17089.84,679.9,9950.16
SL-0003997,STR-021,CAT-05,2024-08-01,2024,8,522,270,15515.78,6610.6,429.32,8905.18
SL-0003998,STR-021,CAT-06,2024-08-01,2024,8,910,604,26376.21,20544.67,1371.25,5831.54
SL-0003999,STR-021,CAT-07,2024-08-01,2024,8,768,469,21475.79,12817.28,1165.14,8658.51
SL-0004000,STR-021,CAT-08,2024-08-01,2024,8,991,495,26115.33,18862.07,1069.42,7253.26
SL-0004001,STR-021,CAT-01,2024-09-01,2024,9,1164,534,29117.92,16584.57,1631.66,12533.35
SL-0004002,STR-021,CAT-02,2024-09-01,2024,9,453,267,16529.9,13338.17,469.79,3191.73
SL-0004003,STR-021,CAT-03,2024-09-01,2024,9,624,308,20096.81,11854.93,304.56,8241.88
SL-0004004,STR-021,CAT-04,2024-09-01,2024,9,570,386,21811.57,14559.89,867.21,7251.68
SL-0004005,STR-021,CAT-05,2024-09-01,2024,9,654,319,16504.89,7269.49,813.43,9235.4
SL-0004006,STR-021,CAT-06,2024-09-01,2024,9,592,386,18220.41,13723.71,803.66,4496.7
SL-0004007,STR-021,CAT-07,2024-09-01,2024,9,856,531,14705.13,8938.84,458.65,5766.29
SL-0004008,STR-021,CAT-08,2024-09-01,2024,9,584,277,16168.55,11360.37,772.08,4808.18
SL-0004009,STR-021,CAT-01,2024-10-01,2024,10,1149,729,14227.9,8253.91,523.65,5973.99
SL-0004010,STR-021,CAT-02,2024-10-01,2024,10,1275,601,19163.06,16405.15,662.69,2757.91
SL-0004011,STR-021,CAT-03,2024-10-01,2024,10,758,406,30662.86,18414.11,733.69,12248.75
SL-0004012,STR-021,CAT-04,2024-10-01,2024,10,829,480,20109.7,13189.09,1053.43,6920.61
SL-0004013,STR-021,CAT-05,2024-10-01,2024,10,625,391,14035.94,6135.21,769.35,7900.73
SL-0004014,STR-021,CAT-06,2024-10-01,2024,10,715,442,24777.53,18599.3,1166.63,6178.23
SL-0004015,STR-021,CAT-07,2024-10-01,2024,10,870,611,20308.66,12265.91,326.12,8042.75
SL-0004016,STR-021,CAT-08,2024-10-01,2024,10,646,392,19303.95,14384.29,988.98,4919.66
SL-0004017,STR-021,CAT-01,2024-11-01,2024,11,893,462,29349.23,17091.99,1687.76,12257.24
SL-0004018,STR-021,CAT-02,2024-11-01,2024,11,887,386,31564.01,26277.76,1353.3,5286.25
SL-0004019,STR-021,CAT-03,2024-11-01,2024,11,494,263,14571.68,8963.8,488.6,5607.88
SL-0004020,STR-021,CAT-04,2024-11-01,2024,11,651,300,18625.03,12141.65,285.27,6483.38
SL-0004021,STR-021,CAT-05,2024-11-01,2024,11,509,280,22234.85,9856.95,302.18,12377.9
SL-0004022,STR-021,CAT-06,2024-11-01,2024,11,796,401,22820.88,17458.33,1189.16,5362.55
SL-0004023,STR-021,CAT-07,2024-11-01,2024,11,1043,538,21115.45,12519.06,422.79,8596.39
SL-0004024,STR-021,CAT-08,2024-11-01,2024,11,966,501,25127.66,17070.4,1424.98,8057.26
SL-0004025,STR-021,CAT-01,2024-12-01,2024,12,839,406,28508.26,16552.19,1676.6,11956.07
SL-0004026,STR-021,CAT-02,2024-12-01,2024,12,1228,723,51357.54,42251.36,2671.4,9106.18
SL-0004027,STR-021,CAT-03,2024-12-01,2024,12,947,434,28171.71,18434.17,787.91,9737.54
SL-0004028,STR-021,CAT-04,2024-12-01,2024,12,794,527,17555.59,11403.95,465.52,6151.64
SL-0004029,STR-021,CAT-05,2024-12-01,2024,12,1003,406,27317.39,13069.09,1006.35,14248.3
SL-0004030,STR-021,CAT-06,2024-12-01,2024,12,777,614,24383.11,20184.23,1235.67,4198.88
SL-0004031,STR-021,CAT-07,2024-12-01,2024,12,4533,2353,48807.96,28066.17,1798.0,20741.79
SL-0004032,STR-021,CAT-08,2024-12-01,2024,12,1007,553,26756.43,18518.7,433.65,8237.73
SL-0004033,STR-022,CAT-01,2023-01-01,2023,1,883,391,21019.64,11883.92,961.64,9135.72
SL-0004034,STR-022,CAT-02,2023-01-01,2023,1,692,427,18293.26,14915.85,949.32,3377.41
SL-0004035,STR-022,CAT-03,2023-01-01,2023,1,1741,846,24105.8,15059.57,1354.44,9046.23
SL-0004036,STR-022,CAT-04,2023-01-01,2023,1,774,473,16945.29,11732.22,993.29,5213.07
SL-0004037,STR-022,CAT-05,2023-01-01,2023,1,1143,650,24387.78,10911.73,768.57,13476.05
SL-0004038,STR-022,CAT-06,2023-01-01,2023,1,821,521,18284.91,13889.53,241.47,4395.38
SL-0004039,STR-022,CAT-07,2023-01-01,2023,1,416,236,13784.48,8391.93,821.28,5392.55
SL-0004040,STR-022,CAT-08,2023-01-01,2023,1,507,254,16677.51,11617.4,338.11,5060.11
SL-0004041,STR-022,CAT-01,2023-02-01,2023,2,642,354,21644.93,12684.17,589.84,8960.76
SL-0004042,STR-022,CAT-02,2023-02-01,2023,2,626,314,13652.48,11289.15,325.77,2363.33
SL-0004043,STR-022,CAT-03,2023-02-01,2023,2,618,328,21531.23,13226.69,310.62,8304.54
SL-0004044,STR-022,CAT-04,2023-02-01,2023,2,453,297,14699.79,9359.29,869.68,5340.5
SL-0004045,STR-022,CAT-05,2023-02-01,2023,2,730,478,22330.49,10151.86,1093.81,12178.63
SL-0004046,STR-022,CAT-06,2023-02-01,2023,2,601,287,20397.51,15378.64,324.42,5018.87
SL-0004047,STR-022,CAT-07,2023-02-01,2023,2,843,525,22064.91,13918.8,642.77,8146.11
SL-0004048,STR-022,CAT-08,2023-02-01,2023,2,767,352,22737.08,16153.43,1294.95,6583.65
SL-0004049,STR-022,CAT-01,2023-03-01,2023,3,740,479,18966.74,11194.74,337.82,7772.0
SL-0004050,STR-022,CAT-02,2023-03-01,2023,3,469,260,9122.18,7265.08,103.63,1857.1
SL-0004051,STR-022,CAT-03,2023-03-01,2023,3,495,274,15538.66,9765.07,290.56,5773.59
SL-0004052,STR-022,CAT-04,2023-03-01,2023,3,528,353,14335.49,9312.03,476.25,5023.46
SL-0004053,STR-022,CAT-05,2023-03-01,2023,3,812,421,15524.46,6958.46,877.0,8566.0
SL-0004054,STR-022,CAT-06,2023-03-01,2023,3,570,354,10288.09,8112.1,290.86,2175.99
SL-0004055,STR-022,CAT-07,2023-03-01,2023,3,450,249,13184.38,7677.2,401.23,5507.18
SL-0004056,STR-022,CAT-08,2023-03-01,2023,3,700,452,12948.08,9114.26,296.97,3833.82
SL-0004057,STR-022,CAT-01,2023-04-01,2023,4,830,503,26433.03,15176.9,467.99,11256.13
SL-0004058,STR-022,CAT-02,2023-04-01,2023,4,493,376,15964.03,12879.02,466.69,3085.01
SL-0004059,STR-022,CAT-03,2023-04-01,2023,4,503,296,20169.11,12282.09,1203.17,7887.02
SL-0004060,STR-022,CAT-04,2023-04-01,2023,4,685,341,31057.96,20450.33,892.38,10607.63
SL-0004061,STR-022,CAT-05,2023-04-01,2023,4,1569,945,24107.67,10853.95,594.06,13253.72
SL-0004062,STR-022,CAT-06,2023-04-01,2023,4,749,407,32231.41,25507.89,1283.31,6723.52
SL-0004063,STR-022,CAT-07,2023-04-01,2023,4,453,276,16606.21,9613.65,935.67,6992.56
SL-0004064,STR-022,CAT-08,2023-04-01,2023,4,559,252,23709.61,16789.62,1003.8,6919.99
SL-0004065,STR-022,CAT-01,2023-05-01,2023,5,758,297,18256.47,10434.81,531.5,7821.66
SL-0004066,STR-022,CAT-02,2023-05-01,2023,5,556,312,21731.9,17507.01,453.18,4224.89
SL-0004067,STR-022,CAT-03,2023-05-01,2023,5,660,319,18418.57,11059.53,859.18,7359.04
SL-0004068,STR-022,CAT-04,2023-05-01,2023,5,1887,1036,25295.71,16591.27,253.16,8704.44
SL-0004069,STR-022,CAT-05,2023-05-01,2023,5,1044,581,24463.38,11089.24,492.33,13374.14
SL-0004070,STR-022,CAT-06,2023-05-01,2023,5,1145,921,21524.91,16048.89,233.46,5476.02
SL-0004071,STR-022,CAT-07,2023-05-01,2023,5,696,438,26228.03,15760.69,530.36,10467.34
SL-0004072,STR-022,CAT-08,2023-05-01,2023,5,925,522,16938.07,11894.74,426.83,5043.33
SL-0004073,STR-022,CAT-01,2023-06-01,2023,6,1503,758,27976.65,16463.59,1205.19,11513.06
SL-0004074,STR-022,CAT-02,2023-06-01,2023,6,612,344,14528.07,12451.58,824.95,2076.49
SL-0004075,STR-022,CAT-03,2023-06-01,2023,6,876,590,15001.44,9443.58,846.73,5557.86
SL-0004076,STR-022,CAT-04,2023-06-01,2023,6,828,412,21817.1,13876.63,331.58,7940.47
SL-0004077,STR-022,CAT-05,2023-06-01,2023,6,936,485,17386.4,7825.24,509.78,9561.16
SL-0004078,STR-022,CAT-06,2023-06-01,2023,6,724,470,12845.41,9836.29,480.2,3009.12
SL-0004079,STR-022,CAT-07,2023-06-01,2023,6,402,244,14068.65,8463.82,682.79,5604.83
SL-0004080,STR-022,CAT-08,2023-06-01,2023,6,451,256,10010.97,7214.75,516.89,2796.22
SL-0004081,STR-022,CAT-01,2023-07-01,2023,7,304,183,17027.07,9986.63,746.73,7040.44
SL-0004082,STR-022,CAT-02,2023-07-01,2023,7,778,461,18558.34,14793.14,1076.94,3765.2
SL-0004083,STR-022,CAT-03,2023-07-01,2023,7,678,312,16202.12,9998.95,876.25,6203.17
SL-0004084,STR-022,CAT-04,2023-07-01,2023,7,427,249,13841.77,8831.45,374.01,5010.32
SL-0004085,STR-022,CAT-05,2023-07-01,2023,7,1179,1054,29050.65,13681.72,759.93,15368.93
SL-0004086,STR-022,CAT-06,2023-07-01,2023,7,405,275,15079.09,11543.83,548.69,3535.26
SL-0004087,STR-022,CAT-07,2023-07-01,2023,7,924,429,23224.98,14177.68,1227.04,9047.3
SL-0004088,STR-022,CAT-08,2023-07-01,2023,7,469,222,27885.48,19944.47,1568.93,7941.01
SL-0004089,STR-022,CAT-01,2023-08-01,2023,8,458,288,16580.32,10089.52,910.25,6490.8
SL-0004090,STR-022,CAT-02,2023-08-01,2023,8,544,385,14266.4,12489.73,244.71,1776.67
SL-0004091,STR-022,CAT-03,2023-08-01,2023,8,1056,678,33964.06,21540.16,754.76,12423.9
SL-0004092,STR-022,CAT-04,2023-08-01,2023,8,744,496,24313.78,16528.74,673.48,7785.04
SL-0004093,STR-022,CAT-05,2023-08-01,2023,8,1228,531,33895.43,15305.09,1394.53,18590.34
SL-0004094,STR-022,CAT-06,2023-08-01,2023,8,702,419,33685.66,26916.15,1350.76,6769.51
SL-0004095,STR-022,CAT-07,2023-08-01,2023,8,840,475,24563.76,14915.26,1419.85,9648.5
SL-0004096,STR-022,CAT-08,2023-08-01,2023,8,702,406,26679.0,18388.35,771.36,8290.65
SL-0004097,STR-022,CAT-01,2023-09-01,2023,9,897,414,27726.93,17624.68,342.31,10102.25
SL-0004098,STR-022,CAT-02,2023-09-01,2023,9,823,439,26863.23,21740.7,359.79,5122.53
SL-0004099,STR-022,CAT-03,2023-09-01,2023,9,1133,550,30816.17,19668.19,504.05,11147.98
SL-0004100,STR-022,CAT-04,2023-09-01,2023,9,1365,669,28727.26,18552.3,1032.83,10174.96
SL-0004101,STR-022,CAT-05,2023-09-01,2023,9,1290,972,29006.33,12888.82,986.25,16117.51
SL-0004102,STR-022,CAT-06,2023-09-01,2023,9,1548,667,34357.62,25984.57,1457.52,8373.05
SL-0004103,STR-022,CAT-07,2023-09-01,2023,9,678,315,19437.25,11378.64,294.19,8058.61
SL-0004104,STR-022,CAT-08,2023-09-01,2023,9,1617,714,36854.43,25820.91,1862.48,11033.52
SL-0004105,STR-022,CAT-01,2023-10-01,2023,10,668,275,23913.4,13762.47,475.35,10150.93
SL-0004106,STR-022,CAT-02,2023-10-01,2023,10,779,460,23999.39,19471.87,1267.4,4527.52
SL-0004107,STR-022,CAT-03,2023-10-01,2023,10,1114,534,24641.45,15861.64,453.99,8779.81
SL-0004108,STR-022,CAT-04,2023-10-01,2023,10,654,387,23501.85,14739.57,1155.36,8762.28
SL-0004109,STR-022,CAT-05,2023-10-01,2023,10,1761,1125,27237.38,12359.01,1351.32,14878.37
SL-0004110,STR-022,CAT-06,2023-10-01,2023,10,6126,3491,27449.27,21081.87,1395.87,6367.4
SL-0004111,STR-022,CAT-07,2023-10-01,2023,10,512,317,16163.46,9603.37,768.04,6560.09
SL-0004112,STR-022,CAT-08,2023-10-01,2023,10,1070,536,30969.4,21042.73,1541.41,9926.67
SL-0004113,STR-022,CAT-01,2023-11-01,2023,11,674,354,19269.67,11432.41,639.64,7837.26
SL-0004114,STR-022,CAT-02,2023-11-01,2023,11,460,203,18123.67,15775.14,702.26,2348.53
SL-0004115,STR-022,CAT-03,2023-11-01,2023,11,937,457,14052.98,8925.87,423.99,5127.11
SL-0004116,STR-022,CAT-04,2023-11-01,2023,11,388,176,13993.13,8946.77,548.43,5046.36
SL-0004117,STR-022,CAT-05,2023-11-01,2023,11,832,384,24393.12,10589.63,1122.84,13803.49
SL-0004118,STR-022,CAT-06,2023-11-01,2023,11,1046,1068,19518.66,15289.27,492.94,4229.39
SL-0004119,STR-022,CAT-07,2023-11-01,2023,11,688,413,22065.44,12697.4,664.25,9368.04
SL-0004120,STR-022,CAT-08,2023-11-01,2023,11,1136,515,13627.74,9580.68,311.88,4047.06
SL-0004121,STR-022,CAT-01,2023-12-01,2023,12,1012,593,29309.16,17191.73,1270.33,12117.43
SL-0004122,STR-022,CAT-02,2023-12-01,2023,12,2364,1550,56365.08,44900.25,2395.24,11464.83
SL-0004123,STR-022,CAT-03,2023-12-01,2023,12,848,388,37497.24,24449.61,467.35,13047.63
SL-0004124,STR-022,CAT-04,2023-12-01,2023,12,1110,573,24066.35,15504.65,1075.12,8561.7
SL-0004125,STR-022,CAT-05,2023-12-01,2023,12,1787,746,43292.39,20308.81,583.8,22983.58
SL-0004126,STR-022,CAT-06,2023-12-01,2023,12,1597,1075,35799.45,29067.67,425.53,6731.78
SL-0004127,STR-022,CAT-07,2023-12-01,2023,12,1355,786,42370.09,25020.71,1898.19,17349.38
SL-0004128,STR-022,CAT-08,2023-12-01,2023,12,1163,651,43141.07,28617.45,1653.95,14523.62
SL-0004129,STR-022,CAT-01,2024-01-01,2024,1,908,481,25643.47,14712.69,1404.72,10930.78
SL-0004130,STR-022,CAT-02,2024-01-01,2024,1,735,340,31752.11,25539.16,1287.83,6212.95
SL-0004131,STR-022,CAT-03,2024-01-01,2024,1,638,430,26853.47,17241.41,1309.69,9612.06
SL-0004132,STR-022,CAT-04,2024-01-01,2024,1,860,465,26550.64,17274.0,903.01,9276.64
SL-0004133,STR-022,CAT-05,2024-01-01,2024,1,1209,605,34706.49,16082.4,1092.51,18624.09
SL-0004134,STR-022,CAT-06,2024-01-01,2024,1,960,542,34745.82,27723.03,1501.71,7022.79
SL-0004135,STR-022,CAT-07,2024-01-01,2024,1,611,293,16663.83,9615.5,294.9,7048.33
SL-0004136,STR-022,CAT-08,2024-01-01,2024,1,1145,530,29718.27,20371.53,1456.15,9346.74
SL-0004137,STR-022,CAT-01,2024-02-01,2024,2,606,559,14986.71,8812.9,742.92,6173.81
SL-0004138,STR-022,CAT-02,2024-02-01,2024,2,347,150,16284.56,13038.58,389.47,3245.98
SL-0004139,STR-022,CAT-03,2024-02-01,2024,2,751,504,15052.49,9492.36,339.98,5560.13
SL-0004140,STR-022,CAT-04,2024-02-01,2024,2,934,469,21678.35,14239.95,1210.45,7438.4
SL-0004141,STR-022,CAT-05,2024-02-01,2024,2,676,459,14636.87,6373.36,612.92,8263.51
SL-0004142,STR-022,CAT-06,2024-02-01,2024,2,887,553,21200.51,17434.19,1024.32,3766.32
SL-0004143,STR-022,CAT-07,2024-02-01,2024,2,2311,1001,25551.36,14223.27,1003.42,11328.09
SL-0004144,STR-022,CAT-08,2024-02-01,2024,2,1969,1124,30015.71,20996.44,1162.0,9019.27
SL-0004145,STR-022,CAT-01,2024-03-01,2024,3,559,319,15280.27,8603.39,207.72,6676.88
SL-0004146,STR-022,CAT-02,2024-03-01,2024,3,461,198,14131.94,11518.14,846.35,2613.8
SL-0004147,STR-022,CAT-03,2024-03-01,2024,3,547,253,20111.24,12658.93,205.0,7452.31
SL-0004148,STR-022,CAT-04,2024-03-01,2024,3,3655,1964,26152.76,17097.99,684.95,9054.77
SL-0004149,STR-022,CAT-05,2024-03-01,2024,3,1084,660,22151.17,9963.45,1087.55,12187.72
SL-0004150,STR-022,CAT-06,2024-03-01,2024,3,1704,839,24411.4,19375.36,360.02,5036.04
SL-0004151,STR-022,CAT-07,2024-03-01,2024,3,822,675,24969.08,14893.48,1095.39,10075.6
SL-0004152,STR-022,CAT-08,2024-03-01,2024,3,742,411,15270.78,10689.01,756.0,4581.77
SL-0004153,STR-022,CAT-01,2024-04-01,2024,4,709,325,16394.74,9635.94,803.18,6758.8
SL-0004154,STR-022,CAT-02,2024-04-01,2024,4,507,321,14102.11,11371.93,573.8,2730.18
SL-0004155,STR-022,CAT-03,2024-04-01,2024,4,2102,920,40946.87,25780.54,651.33,15166.33
SL-0004156,STR-022,CAT-04,2024-04-01,2024,4,2185,1067,37135.02,24574.3,1605.14,12560.72
SL-0004157,STR-022,CAT-05,2024-04-01,2024,4,1177,649,34350.09,15306.26,1692.56,19043.83
SL-0004158,STR-022,CAT-06,2024-04-01,2024,4,630,366,20225.48,16628.33,621.36,3597.15
SL-0004159,STR-022,CAT-07,2024-04-01,2024,4,498,258,14391.39,8727.16,677.49,5664.23
SL-0004160,STR-022,CAT-08,2024-04-01,2024,4,1307,606,18154.61,13149.51,514.17,5005.1
SL-0004161,STR-022,CAT-01,2024-05-01,2024,5,947,697,30013.43,17896.82,1018.51,12116.61
SL-0004162,STR-022,CAT-02,2024-05-01,2024,5,365,146,11349.58,9741.15,343.68,1608.43
SL-0004163,STR-022,CAT-03,2024-05-01,2024,5,1265,569,24095.15,14549.78,689.65,9545.37
SL-0004164,STR-022,CAT-04,2024-05-01,2024,5,1171,581,38920.69,26159.92,2212.33,12760.77
SL-0004165,STR-022,CAT-05,2024-05-01,2024,5,913,449,29083.9,12706.89,297.05,16377.01
SL-0004166,STR-022,CAT-06,2024-05-01,2024,5,1398,1084,18390.14,15224.17,235.25,3165.97
SL-0004167,STR-022,CAT-07,2024-05-01,2024,5,870,489,25129.49,15091.78,916.36,10037.71
SL-0004168,STR-022,CAT-08,2024-05-01,2024,5,405,202,17174.27,12656.84,1019.4,4517.43
SL-0004169,STR-022,CAT-01,2024-06-01,2024,6,652,483,21475.82,12794.13,355.44,8681.69
SL-0004170,STR-022,CAT-02,2024-06-01,2024,6,675,323,15551.96,12258.59,354.51,3293.37
SL-0004171,STR-022,CAT-03,2024-06-01,2024,6,667,541,25032.79,15551.14,756.33,9481.65
SL-0004172,STR-022,CAT-04,2024-06-01,2024,6,887,592,18421.37,11675.3,1026.5,6746.07
SL-0004173,STR-022,CAT-05,2024-06-01,2024,6,530,462,22803.89,10683.34,341.16,12120.55
SL-0004174,STR-022,CAT-06,2024-06-01,2024,6,1423,719,29801.97,23889.09,1356.59,5912.88
SL-0004175,STR-022,CAT-07,2024-06-01,2024,6,368,225,15220.52,9227.62,386.63,5992.9
SL-0004176,STR-022,CAT-08,2024-06-01,2024,6,559,323,20620.73,14622.19,961.25,5998.54
SL-0004177,STR-022,CAT-01,2024-07-01,2024,7,861,677,37960.39,22099.87,1962.55,15860.52
SL-0004178,STR-022,CAT-02,2024-07-01,2024,7,702,323,29251.24,23760.44,1590.26,5490.8
SL-0004179,STR-022,CAT-03,2024-07-01,2024,7,1082,621,24445.08,15012.12,488.89,9432.96
SL-0004180,STR-022,CAT-04,2024-07-01,2024,7,912,506,37606.73,24570.48,814.65,13036.25
SL-0004181,STR-022,CAT-05,2024-07-01,2024,7,690,541,30184.9,13327.06,1018.99,16857.84
SL-0004182,STR-022,CAT-06,2024-07-01,2024,7,580,305,18945.47,15163.01,759.7,3782.46
SL-0004183,STR-022,CAT-07,2024-07-01,2024,7,1479,1025,29395.44,18249.84,553.35,11145.6
SL-0004184,STR-022,CAT-08,2024-07-01,2024,7,777,407,27469.46,18864.55,700.21,8604.91
SL-0004185,STR-022,CAT-01,2024-08-01,2024,8,703,352,20776.28,12225.0,1174.08,8551.28
SL-0004186,STR-022,CAT-02,2024-08-01,2024,8,2215,1251,31736.52,25166.06,371.71,6570.46
SL-0004187,STR-022,CAT-03,2024-08-01,2024,8,839,474,28463.4,18339.27,1243.09,10124.13
SL-0004188,STR-022,CAT-04,2024-08-01,2024,8,551,262,23519.09,14678.11,1148.51,8840.98
SL-0004189,STR-022,CAT-05,2024-08-01,2024,8,897,515,24527.44,11021.53,976.86,13505.91
SL-0004190,STR-022,CAT-06,2024-08-01,2024,8,1466,812,32436.32,24587.64,1467.27,7848.68
SL-0004191,STR-022,CAT-07,2024-08-01,2024,8,640,377,21238.23,12320.99,499.36,8917.24
SL-0004192,STR-022,CAT-08,2024-08-01,2024,8,1011,636,27452.01,18521.22,657.94,8930.79
SL-0004193,STR-022,CAT-01,2024-09-01,2024,9,670,268,23160.46,14155.79,872.19,9004.67
SL-0004194,STR-022,CAT-02,2024-09-01,2024,9,737,378,17695.48,13782.16,366.21,3913.32
SL-0004195,STR-022,CAT-03,2024-09-01,2024,9,913,506,27512.99,17545.73,768.21,9967.26
SL-0004196,STR-022,CAT-04,2024-09-01,2024,9,1546,841,31132.13,21398.8,1359.31,9733.33
SL-0004197,STR-022,CAT-05,2024-09-01,2024,9,640,528,14724.75,6840.78,604.01,7883.97
SL-0004198,STR-022,CAT-06,2024-09-01,2024,9,716,592,17218.74,13441.5,195.24,3777.24
SL-0004199,STR-022,CAT-07,2024-09-01,2024,9,724,397,22875.09,13427.42,258.46,9447.67
SL-0004200,STR-022,CAT-08,2024-09-01,2024,9,1379,792,36591.44,26356.81,1978.96,10234.63
SL-0004201,STR-022,CAT-01,2024-10-01,2024,10,945,572,31779.36,18634.72,1295.86,13144.64
SL-0004202,STR-022,CAT-02,2024-10-01,2024,10,577,356,21418.02,17508.57,669.64,3909.45
SL-0004203,STR-022,CAT-03,2024-10-01,2024,10,428,289,14552.75,8784.26,670.32,5768.49
SL-0004204,STR-022,CAT-04,2024-10-01,2024,10,649,395,21500.47,13528.6,777.08,7971.87
SL-0004205,STR-022,CAT-05,2024-10-01,2024,10,403,255,14763.92,6539.4,446.85,8224.52
SL-0004206,STR-022,CAT-06,2024-10-01,2024,10,610,449,17112.73,13073.58,397.89,4039.15
SL-0004207,STR-022,CAT-07,2024-10-01,2024,10,753,582,16739.57,10120.24,430.97,6619.33
SL-0004208,STR-022,CAT-08,2024-10-01,2024,10,890,512,26953.25,19140.5,444.27,7812.75
SL-0004209,STR-022,CAT-01,2024-11-01,2024,11,844,511,27208.88,14713.21,1586.06,12495.67
SL-0004210,STR-022,CAT-02,2024-11-01,2024,11,994,421,28746.87,24292.11,1084.9,4454.76
SL-0004211,STR-022,CAT-03,2024-11-01,2024,11,919,631,22847.98,14906.89,603.2,7941.09
SL-0004212,STR-022,CAT-04,2024-11-01,2024,11,723,407,27707.56,17780.62,590.68,9926.94
SL-0004213,STR-022,CAT-05,2024-11-01,2024,11,1633,893,42914.69,19242.4,2184.91,23672.29
SL-0004214,STR-022,CAT-06,2024-11-01,2024,11,2685,1567,45688.11,37785.25,528.86,7902.86
SL-0004215,STR-022,CAT-07,2024-11-01,2024,11,2267,1669,57365.63,34599.33,1450.31,22766.3
SL-0004216,STR-022,CAT-08,2024-11-01,2024,11,1681,1005,23153.21,16616.13,564.04,6537.08
SL-0004217,STR-022,CAT-01,2024-12-01,2024,12,744,424,15730.64,8491.46,504.44,7239.18
SL-0004218,STR-022,CAT-02,2024-12-01,2024,12,595,263,22499.78,18522.67,532.08,3977.11
SL-0004219,STR-022,CAT-03,2024-12-01,2024,12,590,321,12995.38,8209.96,313.86,4785.42
SL-0004220,STR-022,CAT-04,2024-12-01,2024,12,525,408,13442.45,8922.74,343.26,4519.71
SL-0004221,STR-022,CAT-05,2024-12-01,2024,12,630,331,20680.62,9795.43,239.82,10885.19
SL-0004222,STR-022,CAT-06,2024-12-01,2024,12,1215,702,26764.73,20630.23,1470.86,6134.5
SL-0004223,STR-022,CAT-07,2024-12-01,2024,12,2942,1997,26123.9,15812.17,1061.49,10311.73
SL-0004224,STR-022,CAT-08,2024-12-01,2024,12,1122,624,29492.65,20701.27,1183.27,8791.38
SL-0004225,STR-023,CAT-01,2023-01-01,2023,1,404,217,16900.7,9386.95,690.63,7513.75
SL-0004226,STR-023,CAT-02,2023-01-01,2023,1,389,207,12917.43,10162.56,581.63,2754.87
SL-0004227,STR-023,CAT-03,2023-01-01,2023,1,219,95,8548.69,5050.67,437.98,3498.02
SL-0004228,STR-023,CAT-04,2023-01-01,2023,1,564,288,17365.94,11453.07,547.1,5912.87
SL-0004229,STR-023,CAT-05,2023-01-01,2023,1,541,381,11908.3,5325.57,123.54,6582.73
SL-0004230,STR-023,CAT-06,2023-01-01,2023,1,342,176,11054.61,8910.03,374.69,2144.58
SL-0004231,STR-023,CAT-07,2023-01-01,2023,1,381,242,12358.49,7182.39,439.76,5176.1
SL-0004232,STR-023,CAT-08,2023-01-01,2023,1,554,383,15805.33,11302.55,452.26,4502.78
SL-0004233,STR-023,CAT-01,2023-02-01,2023,2,478,258,12435.91,7232.23,612.75,5203.68
SL-0004234,STR-023,CAT-02,2023-02-01,2023,2,439,241,9231.64,7610.39,415.07,1621.25
SL-0004235,STR-023,CAT-03,2023-02-01,2023,2,633,371,12412.57,7925.06,389.77,4487.51
SL-0004236,STR-023,CAT-04,2023-02-01,2023,2,262,158,9060.8,6070.78,441.02,2990.02
SL-0004237,STR-023,CAT-05,2023-02-01,2023,2,425,295,11215.43,4868.58,149.14,6346.85
SL-0004238,STR-023,CAT-06,2023-02-01,2023,2,364,294,13744.7,11019.39,657.35,2725.31
SL-0004239,STR-023,CAT-07,2023-02-01,2023,2,473,267,9302.48,5399.92,284.86,3902.56
SL-0004240,STR-023,CAT-08,2023-02-01,2023,2,532,449,16445.28,11022.64,709.97,5422.64
SL-0004241,STR-023,CAT-01,2023-03-01,2023,3,1227,663,19133.84,10667.04,286.9,8466.8
SL-0004242,STR-023,CAT-02,2023-03-01,2023,3,308,193,9538.39,7448.7,333.73,2089.69
SL-0004243,STR-023,CAT-03,2023-03-01,2023,3,450,256,14922.3,10039.86,886.77,4882.44
SL-0004244,STR-023,CAT-04,2023-03-01,2023,3,831,522,17693.84,10913.24,762.69,6780.6
SL-0004245,STR-023,CAT-05,2023-03-01,2023,3,514,277,16754.12,7585.6,448.33,9168.52
SL-0004246,STR-023,CAT-06,2023-03-01,2023,3,466,244,18584.84,14761.52,1058.84,3823.32
SL-0004247,STR-023,CAT-07,2023-03-01,2023,3,629,381,9090.57,5262.55,174.25,3828.02
SL-0004248,STR-023,CAT-08,2023-03-01,2023,3,372,195,12436.0,8672.53,188.55,3763.47
SL-0004249,STR-023,CAT-01,2023-04-01,2023,4,1677,1216,22328.49,13127.33,1270.69,9201.16
SL-0004250,STR-023,CAT-02,2023-04-01,2023,4,353,220,14687.92,12099.25,702.67,2588.67
SL-0004251,STR-023,CAT-03,2023-04-01,2023,4,585,375,19542.22,12436.8,600.03,7105.42
SL-0004252,STR-023,CAT-04,2023-04-01,2023,4,893,373,23996.72,14722.94,1191.97,9273.78
SL-0004253,STR-023,CAT-05,2023-04-01,2023,4,425,197,14236.88,6402.34,223.06,7834.54
SL-0004254,STR-023,CAT-06,2023-04-01,2023,4,419,211,15920.56,12057.53,832.39,3863.03
SL-0004255,STR-023,CAT-07,2023-04-01,2023,4,601,385,14694.08,9033.41,606.91,5660.67
SL-0004256,STR-023,CAT-08,2023-04-01,2023,4,424,239,11209.37,7685.62,533.41,3523.75
SL-0004257,STR-023,CAT-01,2023-05-01,2023,5,322,170,13842.83,8383.39,281.31,5459.44
SL-0004258,STR-023,CAT-02,2023-05-01,2023,5,534,368,7509.44,6081.47,192.08,1427.97
SL-0004259,STR-023,CAT-03,2023-05-01,2023,5,283,171,8178.06,4930.08,301.51,3247.98
SL-0004260,STR-023,CAT-04,2023-05-01,2023,5,513,252,12764.18,7891.12,638.13,4873.06
SL-0004261,STR-023,CAT-05,2023-05-01,2023,5,433,247,8563.73,3749.85,287.98,4813.88
SL-0004262,STR-023,CAT-06,2023-05-01,2023,5,367,305,12201.61,9881.25,730.68,2320.36
SL-0004263,STR-023,CAT-07,2023-05-01,2023,5,244,95,7778.77,4772.71,189.11,3006.06
SL-0004264,STR-023,CAT-08,2023-05-01,2023,5,254,183,8229.25,5828.97,159.84,2400.28
SL-0004265,STR-023,CAT-01,2023-06-01,2023,6,596,309,11004.29,6044.45,586.44,4959.84
SL-0004266,STR-023,CAT-02,2023-06-01,2023,6,496,288,11979.65,9775.56,608.72,2204.09
SL-0004267,STR-023,CAT-03,2023-06-01,2023,6,576,577,13374.29,8404.46,484.48,4969.83
SL-0004268,STR-023,CAT-04,2023-06-01,2023,6,650,490,16827.81,10962.65,657.48,5865.16
SL-0004269,STR-023,CAT-05,2023-06-01,2023,6,492,281,11408.11,5185.23,173.55,6222.88
SL-0004270,STR-023,CAT-06,2023-06-01,2023,6,662,359,10521.51,8425.14,524.47,2096.37
SL-0004271,STR-023,CAT-07,2023-06-01,2023,6,744,386,18112.45,10556.38,339.33,7556.07
SL-0004272,STR-023,CAT-08,2023-06-01,2023,6,483,373,12372.6,8499.72,545.86,3872.88
SL-0004273,STR-023,CAT-01,2023-07-01,2023,7,558,348,15246.36,8372.6,634.59,6873.76
SL-0004274,STR-023,CAT-02,2023-07-01,2023,7,310,197,13171.29,10833.08,673.89,2338.21
SL-0004275,STR-023,CAT-03,2023-07-01,2023,7,740,469,22962.18,14185.78,1071.9,8776.4
SL-0004276,STR-023,CAT-04,2023-07-01,2023,7,499,296,12716.6,8299.05,729.72,4417.55
SL-0004277,STR-023,CAT-05,2023-07-01,2023,7,335,202,11539.32,5293.15,431.31,6246.17
SL-0004278,STR-023,CAT-06,2023-07-01,2023,7,605,413,21130.75,16400.71,1095.08,4730.04
SL-0004279,STR-023,CAT-07,2023-07-01,2023,7,886,397,21164.98,12931.44,925.46,8233.54
SL-0004280,STR-023,CAT-08,2023-07-01,2023,7,506,304,10906.05,7777.62,386.66,3128.43
SL-0004281,STR-023,CAT-01,2023-08-01,2023,8,890,446,19026.12,10783.8,1141.4,8242.32
SL-0004282,STR-023,CAT-02,2023-08-01,2023,8,224,110,7416.94,6095.13,191.97,1321.81
SL-0004283,STR-023,CAT-03,2023-08-01,2023,8,329,175,10910.48,6714.31,480.56,4196.17
SL-0004284,STR-023,CAT-04,2023-08-01,2023,8,376,180,11174.34,7025.49,390.32,4148.85
SL-0004285,STR-023,CAT-05,2023-08-01,2023,8,353,158,9860.13,4268.64,475.32,5591.49
SL-0004286,STR-023,CAT-06,2023-08-01,2023,8,700,354,20336.16,16111.0,1150.09,4225.16
SL-0004287,STR-023,CAT-07,2023-08-01,2023,8,354,168,10522.22,6348.37,155.27,4173.85
SL-0004288,STR-023,CAT-08,2023-08-01,2023,8,509,290,17821.3,11947.06,572.12,5874.24
SL-0004289,STR-023,CAT-01,2023-09-01,2023,9,1,1,24847.28,14327.2,496.73,10520.08
SL-0004290,STR-023,CAT-02,2023-09-01,2023,9,632,350,20231.95,17117.2,959.59,3114.75
SL-0004291,STR-023,CAT-03,2023-09-01,2023,9,546,276,16524.44,11392.46,756.58,5131.98
SL-0004292,STR-023,CAT-04,2023-09-01,2023,9,402,323,10815.6,7036.18,232.58,3779.42
SL-0004293,STR-023,CAT-05,2023-09-01,2023,9,307,137,11906.92,5098.12,604.45,6808.8
SL-0004294,STR-023,CAT-06,2023-09-01,2023,9,641,368,25378.69,19822.97,1271.0,5555.72
SL-0004295,STR-023,CAT-07,2023-09-01,2023,9,689,365,17755.37,10777.06,565.16,6978.31
SL-0004296,STR-023,CAT-08,2023-09-01,2023,9,917,560,18678.36,12902.07,707.95,5776.29
SL-0004297,STR-023,CAT-01,2023-10-01,2023,10,843,416,18606.13,10431.94,376.85,8174.19
SL-0004298,STR-023,CAT-02,2023-10-01,2023,10,852,420,18261.43,15182.9,864.72,3078.53
SL-0004299,STR-023,CAT-03,2023-10-01,2023,10,493,234,16025.72,9966.18,190.75,6059.54
SL-0004300,STR-023,CAT-04,2023-10-01,2023,10,724,386,11430.97,7671.44,204.42,3759.53
SL-0004301,STR-023,CAT-05,2023-10-01,2023,10,622,375,14966.84,6849.91,251.26,8116.93
SL-0004302,STR-023,CAT-06,2023-10-01,2023,10,499,290,11414.68,9180.37,403.25,2234.31
SL-0004303,STR-023,CAT-07,2023-10-01,2023,10,691,372,15962.21,9674.03,537.16,6288.18
SL-0004304,STR-023,CAT-08,2023-10-01,2023,10,369,233,11441.67,7318.91,300.04,4122.76
SL-0004305,STR-023,CAT-01,2023-11-01,2023,11,630,540,14196.76,8075.43,418.2,6121.33
SL-0004306,STR-023,CAT-02,2023-11-01,2023,11,665,508,23727.47,20457.76,750.19,3269.71
SL-0004307,STR-023,CAT-03,2023-11-01,2023,11,396,238,16086.64,10066.9,586.29,6019.74
SL-0004308,STR-023,CAT-04,2023-11-01,2023,11,481,273,11253.5,7813.93,566.01,3439.57
SL-0004309,STR-023,CAT-05,2023-11-01,2023,11,676,353,14740.11,6895.63,464.87,7844.48
SL-0004310,STR-023,CAT-06,2023-11-01,2023,11,712,596,14107.67,11257.65,706.64,2850.02
SL-0004311,STR-023,CAT-07,2023-11-01,2023,11,771,361,19063.56,12081.32,758.82,6982.24
SL-0004312,STR-023,CAT-08,2023-11-01,2023,11,244,143,8260.79,5431.84,323.01,2828.95
SL-0004313,STR-023,CAT-01,2023-12-01,2023,12,388,243,16261.87,9573.6,347.95,6688.27
SL-0004314,STR-023,CAT-02,2023-12-01,2023,12,529,360,14349.13,12084.49,639.02,2264.64
SL-0004315,STR-023,CAT-03,2023-12-01,2023,12,684,441,21612.57,13356.76,1105.48,8255.81
SL-0004316,STR-023,CAT-04,2023-12-01,2023,12,421,206,10096.07,6346.18,465.99,3749.89
SL-0004317,STR-023,CAT-05,2023-12-01,2023,12,467,251,18891.6,8711.39,561.87,10180.21
SL-0004318,STR-023,CAT-06,2023-12-01,2023,12,933,604,17764.59,14282.48,361.48,3482.11
SL-0004319,STR-023,CAT-07,2023-12-01,2023,12,1199,728,36739.14,22731.83,2005.41,14007.31
SL-0004320,STR-023,CAT-08,2023-12-01,2023,12,926,573,16064.77,11240.77,325.91,4824.0
SL-0004321,STR-023,CAT-01,2024-01-01,2024,1,552,373,13720.19,7563.9,652.21,6156.29
SL-0004322,STR-023,CAT-02,2024-01-01,2024,1,705,377,15872.23,13356.85,250.69,2515.38
SL-0004323,STR-023,CAT-03,2024-01-01,2024,1,213,107,10788.03,6710.93,323.53,4077.1
SL-0004324,STR-023,CAT-04,2024-01-01,2024,1,1277,964,17262.76,10783.72,960.68,6479.04
SL-0004325,STR-023,CAT-05,2024-01-01,2024,1,994,955,17855.82,8359.97,559.26,9495.85
SL-0004326,STR-023,CAT-06,2024-01-01,2024,1,468,274,11101.37,8429.21,282.89,2672.16
SL-0004327,STR-023,CAT-07,2024-01-01,2024,1,220,112,11853.82,7408.68,634.42,4445.14
SL-0004328,STR-023,CAT-08,2024-01-01,2024,1,475,267,13701.12,9170.78,377.67,4530.34
SL-0004329,STR-023,CAT-01,2024-02-01,2024,2,279,124,11955.24,6713.42,300.48,5241.82
SL-0004330,STR-023,CAT-02,2024-02-01,2024,2,339,192,9029.52,7592.16,159.89,1437.36
SL-0004331,STR-023,CAT-03,2024-02-01,2024,2,363,173,9842.31,6177.69,363.83,3664.62
SL-0004332,STR-023,CAT-04,2024-02-01,2024,2,675,332,16080.92,10732.26,370.41,5348.66
SL-0004333,STR-023,CAT-05,2024-02-01,2024,2,538,267,12525.36,5438.42,343.86,7086.94
SL-0004334,STR-023,CAT-06,2024-02-01,2024,2,341,235,12703.1,10127.45,428.35,2575.65
SL-0004335,STR-023,CAT-07,2024-02-01,2024,2,212,139,5707.07,3386.67,217.89,2320.4
SL-0004336,STR-023,CAT-08,2024-02-01,2024,2,429,238,12102.89,8710.43,650.01,3392.46
SL-0004337,STR-023,CAT-01,2024-03-01,2024,3,454,236,15242.92,8788.73,749.96,6454.19
SL-0004338,STR-023,CAT-02,2024-03-01,2024,3,354,155,8721.95,6913.65,154.0,1808.3
SL-0004339,STR-023,CAT-03,2024-03-01,2024,3,706,343,17020.32,10747.44,594.03,6272.88
SL-0004340,STR-023,CAT-04,2024-03-01,2024,3,392,174,12558.28,8313.44,321.38,4244.84
SL-0004341,STR-023,CAT-05,2024-03-01,2024,3,617,339,15347.1,7204.77,739.15,8142.33
SL-0004342,STR-023,CAT-06,2024-03-01,2024,3,358,216,11397.72,8940.67,214.56,2457.05
SL-0004343,STR-023,CAT-07,2024-03-01,2024,3,299,179,8422.78,5066.09,441.91,3356.69
SL-0004344,STR-023,CAT-08,2024-03-01,2024,3,656,356,17086.21,11979.38,369.26,5106.83
SL-0004345,STR-023,CAT-01,2024-04-01,2024,4,634,370,21590.77,12497.98,302.23,9092.79
SL-0004346,STR-023,CAT-02,2024-04-01,2024,4,452,258,15108.56,12508.1,513.52,2600.46
SL-0004347,STR-023,CAT-03,2024-04-01,2024,4,1137,681,26149.72,16555.24,1353.48,9594.48
SL-0004348,STR-023,CAT-04,2024-04-01,2024,4,1300,630,28968.71,18243.88,1595.0,10724.83
SL-0004349,STR-023,CAT-05,2024-04-01,2024,4,996,508,24403.57,10812.86,589.6,13590.71
SL-0004350,STR-023,CAT-06,2024-04-01,2024,4,774,390,19024.51,15138.28,1132.65,3886.23
SL-0004351,STR-023,CAT-07,2024-04-01,2024,4,846,378,16107.76,9755.93,402.08,6351.83
SL-0004352,STR-023,CAT-08,2024-04-01,2024,4,641,393,16697.56,11407.53,926.86,5290.03
SL-0004353,STR-023,CAT-01,2024-05-01,2024,5,607,542,14932.66,8307.18,500.32,6625.48
SL-0004354,STR-023,CAT-02,2024-05-01,2024,5,332,257,12386.11,10085.58,429.93,2300.53
SL-0004355,STR-023,CAT-03,2024-05-01,2024,5,409,208,12731.44,7526.32,668.83,5205.12
SL-0004356,STR-023,CAT-04,2024-05-01,2024,5,1026,485,22511.79,14618.72,716.22,7893.07
SL-0004357,STR-023,CAT-05,2024-05-01,2024,5,932,536,18832.89,8685.98,844.28,10146.91
SL-0004358,STR-023,CAT-06,2024-05-01,2024,5,382,226,12155.21,9047.47,270.28,3107.74
SL-0004359,STR-023,CAT-07,2024-05-01,2024,5,364,172,13674.03,8088.04,217.41,5585.99
SL-0004360,STR-023,CAT-08,2024-05-01,2024,5,366,212,12901.3,8776.31,326.21,4124.99
SL-0004361,STR-023,CAT-01,2024-06-01,2024,6,648,317,12760.45,7478.49,459.36,5281.96
SL-0004362,STR-023,CAT-02,2024-06-01,2024,6,688,418,23238.12,18483.55,1307.86,4754.57
SL-0004363,STR-023,CAT-03,2024-06-01,2024,6,557,383,14541.17,9075.08,407.76,5466.09
SL-0004364,STR-023,CAT-04,2024-06-01,2024,6,561,307,19617.51,12501.02,986.2,7116.49
SL-0004365,STR-023,CAT-05,2024-06-01,2024,6,819,550,19548.66,8702.42,1104.75,10846.24
SL-0004366,STR-023,CAT-06,2024-06-01,2024,6,975,577,28555.2,21771.06,1544.28,6784.14
SL-0004367,STR-023,CAT-07,2024-06-01,2024,6,352,218,11311.43,6866.26,557.12,4445.17
SL-0004368,STR-023,CAT-08,2024-06-01,2024,6,1107,598,25372.05,17613.91,1364.46,7758.14
SL-0004369,STR-023,CAT-01,2024-07-01,2024,7,467,244,16728.53,9894.05,383.15,6834.48
SL-0004370,STR-023,CAT-02,2024-07-01,2024,7,511,341,12046.56,9975.79,691.62,2070.77
SL-0004371,STR-023,CAT-03,2024-07-01,2024,7,819,412,13622.8,8411.87,620.25,5210.93
SL-0004372,STR-023,CAT-04,2024-07-01,2024,7,752,368,15464.85,9963.28,883.15,5501.57
SL-0004373,STR-023,CAT-05,2024-07-01,2024,7,462,204,13253.85,6128.64,624.24,7125.21
SL-0004374,STR-023,CAT-06,2024-07-01,2024,7,700,369,8777.07,6954.82,423.24,1822.25
SL-0004375,STR-023,CAT-07,2024-07-01,2024,7,186,114,6727.48,4296.95,381.07,2430.53
SL-0004376,STR-023,CAT-08,2024-07-01,2024,7,384,223,13240.95,9404.81,322.71,3836.14
SL-0004377,STR-023,CAT-01,2024-08-01,2024,8,830,529,11134.45,6257.02,652.95,4877.43
SL-0004378,STR-023,CAT-02,2024-08-01,2024,8,477,304,11162.07,8719.25,308.64,2442.82
SL-0004379,STR-023,CAT-03,2024-08-01,2024,8,400,200,11666.31,7232.48,240.61,4433.83
SL-0004380,STR-023,CAT-04,2024-08-01,2024,8,802,426,16848.21,10583.72,293.01,6264.49
SL-0004381,STR-023,CAT-05,2024-08-01,2024,8,1160,809,16441.35,7510.92,369.43,8930.43
SL-0004382,STR-023,CAT-06,2024-08-01,2024,8,661,391,20099.28,16348.24,782.54,3751.04
SL-0004383,STR-023,CAT-07,2024-08-01,2024,8,422,220,13709.5,8282.43,523.41,5427.07
SL-0004384,STR-023,CAT-08,2024-08-01,2024,8,771,400,21116.45,15438.89,391.09,5677.56
SL-0004385,STR-023,CAT-01,2024-09-01,2024,9,525,296,13235.75,7674.71,589.64,5561.04
SL-0004386,STR-023,CAT-02,2024-09-01,2024,9,439,219,12810.75,10498.99,379.33,2311.76
SL-0004387,STR-023,CAT-03,2024-09-01,2024,9,328,258,13226.09,7928.69,507.8,5297.4
SL-0004388,STR-023,CAT-04,2024-09-01,2024,9,998,574,18259.83,11851.87,842.71,6407.96
SL-0004389,STR-023,CAT-05,2024-09-01,2024,9,765,575,18698.76,8283.57,455.65,10415.19
SL-0004390,STR-023,CAT-06,2024-09-01,2024,9,702,442,14457.65,11870.55,276.22,2587.1
SL-0004391,STR-023,CAT-07,2024-09-01,2024,9,288,144,11451.51,6836.94,210.93,4614.57
SL-0004392,STR-023,CAT-08,2024-09-01,2024,9,811,385,20373.59,13897.28,959.97,6476.31
SL-0004393,STR-023,CAT-01,2024-10-01,2024,10,577,264,10685.92,6195.05,293.73,4490.87
SL-0004394,STR-023,CAT-02,2024-10-01,2024,10,367,239,10615.39,8763.85,312.3,1851.54
SL-0004395,STR-023,CAT-03,2024-10-01,2024,10,296,154,9780.44,6238.21,129.55,3542.23
SL-0004396,STR-023,CAT-04,2024-10-01,2024,10,772,330,12746.22,8228.38,413.58,4517.84
SL-0004397,STR-023,CAT-05,2024-10-01,2024,10,1292,632,11034.88,4885.66,577.05,6149.22
SL-0004398,STR-023,CAT-06,2024-10-01,2024,10,723,442,11396.62,8221.83,494.21,3174.79
SL-0004399,STR-023,CAT-07,2024-10-01,2024,10,473,234,9390.71,5763.92,356.82,3626.79
SL-0004400,STR-023,CAT-08,2024-10-01,2024,10,327,167,9300.18,6207.79,203.38,3092.39
SL-0004401,STR-023,CAT-01,2024-11-01,2024,11,806,463,22736.91,13612.59,910.69,9124.32
SL-0004402,STR-023,CAT-02,2024-11-01,2024,11,1362,896,24888.99,20397.44,1170.26,4491.55
SL-0004403,STR-023,CAT-03,2024-11-01,2024,11,711,308,22364.31,14406.72,1332.44,7957.59
SL-0004404,STR-023,CAT-04,2024-11-01,2024,11,550,309,16056.45,10162.82,532.25,5893.63
SL-0004405,STR-023,CAT-05,2024-11-01,2024,11,1169,784,27941.61,12358.94,454.32,15582.67
SL-0004406,STR-023,CAT-06,2024-11-01,2024,11,1392,929,22795.7,17568.49,595.68,5227.21
SL-0004407,STR-023,CAT-07,2024-11-01,2024,11,528,231,19770.02,12217.91,702.09,7552.11
SL-0004408,STR-023,CAT-08,2024-11-01,2024,11,972,625,27951.19,19142.64,360.76,8808.55
SL-0004409,STR-023,CAT-01,2024-12-01,2024,12,430,251,12157.73,6977.84,140.74,5179.89
SL-0004410,STR-023,CAT-02,2024-12-01,2024,12,1086,546,18020.85,15261.86,1050.02,2758.99
SL-0004411,STR-023,CAT-03,2024-12-01,2024,12,510,298,13536.0,8068.03,512.43,5467.97
SL-0004412,STR-023,CAT-04,2024-12-01,2024,12,338,196,12736.89,8151.58,265.55,4585.31
SL-0004413,STR-023,CAT-05,2024-12-01,2024,12,404,212,12803.34,5738.88,606.12,7064.46
SL-0004414,STR-023,CAT-06,2024-12-01,2024,12,471,254,9415.32,7425.1,298.61,1990.22
SL-0004415,STR-023,CAT-07,2024-12-01,2024,12,1054,629,36716.34,23201.85,1104.49,13514.49
SL-0004416,STR-023,CAT-08,2024-12-01,2024,12,937,754,17523.89,12362.78,504.73,5161.11
SL-0004417,STR-024,CAT-01,2023-01-01,2023,1,792,400,21258.77,12660.92,655.41,8597.85
SL-0004418,STR-024,CAT-02,2023-01-01,2023,1,451,288,13473.36,11062.55,224.02,2410.81
SL-0004419,STR-024,CAT-03,2023-01-01,2023,1,326,164,15104.9,9666.82,167.27,5438.08
SL-0004420,STR-024,CAT-04,2023-01-01,2023,1,438,252,17529.41,11487.0,345.89,6042.41
SL-0004421,STR-024,CAT-05,2023-01-01,2023,1,593,348,14707.83,6542.2,192.11,8165.63
SL-0004422,STR-024,CAT-06,2023-01-01,2023,1,535,255,13101.8,10032.72,589.47,3069.08
SL-0004423,STR-024,CAT-07,2023-01-01,2023,1,442,270,10855.25,6551.94,369.32,4303.31
SL-0004424,STR-024,CAT-08,2023-01-01,2023,1,326,153,13630.45,9265.82,200.44,4364.63
SL-0004425,STR-024,CAT-01,2023-02-01,2023,2,566,312,20157.14,12130.45,998.83,8026.69
SL-0004426,STR-024,CAT-02,2023-02-01,2023,2,404,207,10255.71,8704.64,461.47,1551.07
SL-0004427,STR-024,CAT-03,2023-02-01,2023,2,489,208,15671.65,10025.86,321.63,5645.79
SL-0004428,STR-024,CAT-04,2023-02-01,2023,2,778,307,16386.79,10722.1,468.03,5664.69
SL-0004429,STR-024,CAT-05,2023-02-01,2023,2,294,127,11987.48,5262.15,315.05,6725.33
SL-0004430,STR-024,CAT-06,2023-02-01,2023,2,488,571,11014.94,8667.46,160.03,2347.48
SL-0004431,STR-024,CAT-07,2023-02-01,2023,2,305,155,8117.95,4809.19,82.78,3308.76
SL-0004432,STR-024,CAT-08,2023-02-01,2023,2,351,228,10123.4,6948.17,320.64,3175.23
SL-0004433,STR-024,CAT-01,2023-03-01,2023,3,627,322,11916.48,7205.18,614.24,4711.3
SL-0004434,STR-024,CAT-02,2023-03-01,2023,3,1248,786,19105.92,16353.34,460.37,2752.58
SL-0004435,STR-024,CAT-03,2023-03-01,2023,3,380,224,12183.08,7466.27,591.47,4716.81
SL-0004436,STR-024,CAT-04,2023-03-01,2023,3,526,453,16648.65,10535.01,954.27,6113.64
SL-0004437,STR-024,CAT-05,2023-03-01,2023,3,674,325,17947.9,7973.31,304.02,9974.59
SL-0004438,STR-024,CAT-06,2023-03-01,2023,3,608,286,19047.22,15133.97,923.81,3913.25
SL-0004439,STR-024,CAT-07,2023-03-01,2023,3,432,258,10555.43,6532.4,258.76,4023.03
SL-0004440,STR-024,CAT-08,2023-03-01,2023,3,336,140,15342.09,10503.41,536.45,4838.68
SL-0004441,STR-024,CAT-01,2023-04-01,2023,4,407,211,11927.29,6770.8,341.22,5156.49
SL-0004442,STR-024,CAT-02,2023-04-01,2023,4,894,472,14727.73,11757.94,648.09,2969.79
SL-0004443,STR-024,CAT-03,2023-04-01,2023,4,1114,548,27212.23,16660.79,373.69,10551.44
SL-0004444,STR-024,CAT-04,2023-04-01,2023,4,469,273,13197.98,8961.37,492.47,4236.61
SL-0004445,STR-024,CAT-05,2023-04-01,2023,4,537,287,15412.82,7041.8,551.48,8371.02
SL-0004446,STR-024,CAT-06,2023-04-01,2023,4,3466,2000,19516.49,15872.46,355.26,3644.03
SL-0004447,STR-024,CAT-07,2023-04-01,2023,4,518,433,12486.56,7064.09,487.38,5422.47
SL-0004448,STR-024,CAT-08,2023-04-01,2023,4,504,317,13020.31,9371.09,769.96,3649.22
SL-0004449,STR-024,CAT-01,2023-05-01,2023,5,1065,705,16036.68,9368.66,517.86,6668.02
SL-0004450,STR-024,CAT-02,2023-05-01,2023,5,646,309,17662.64,14944.27,189.3,2718.37
SL-0004451,STR-024,CAT-03,2023-05-01,2023,5,925,513,16493.66,10343.27,477.35,6150.39
SL-0004452,STR-024,CAT-04,2023-05-01,2023,5,614,451,18879.73,11813.96,434.21,7065.77
SL-0004453,STR-024,CAT-05,2023-05-01,2023,5,427,175,15473.63,7180.91,852.19,8292.72
SL-0004454,STR-024,CAT-06,2023-05-01,2023,5,1288,675,22358.03,17060.55,966.47,5297.48
SL-0004455,STR-024,CAT-07,2023-05-01,2023,5,318,147,11688.85,7215.18,330.32,4473.67
SL-0004456,STR-024,CAT-08,2023-05-01,2023,5,1069,614,19179.0,13075.76,410.86,6103.24
SL-0004457,STR-024,CAT-01,2023-06-01,2023,6,892,462,23498.8,13567.38,952.35,9931.42
SL-0004458,STR-024,CAT-02,2023-06-01,2023,6,487,281,15725.96,13018.24,287.91,2707.72
SL-0004459,STR-024,CAT-03,2023-06-01,2023,6,555,302,14882.01,9152.15,391.27,5729.86
SL-0004460,STR-024,CAT-04,2023-06-01,2023,6,611,312,14873.63,9789.59,856.89,5084.04
SL-0004461,STR-024,CAT-05,2023-06-01,2023,6,588,263,15930.63,7223.86,800.94,8706.77
SL-0004462,STR-024,CAT-06,2023-06-01,2023,6,535,418,20977.88,16299.01,988.32,4678.87
SL-0004463,STR-024,CAT-07,2023-06-01,2023,6,446,225,18680.36,11089.38,622.5,7590.98
SL-0004464,STR-024,CAT-08,2023-06-01,2023,6,405,212,15346.27,10437.31,291.74,4908.96
SL-0004465,STR-024,CAT-01,2023-07-01,2023,7,929,576,22484.6,12607.78,1341.04,9876.82
SL-0004466,STR-024,CAT-02,2023-07-01,2023,7,588,238,19326.05,16349.61,196.45,2976.44
SL-0004467,STR-024,CAT-03,2023-07-01,2023,7,479,347,20184.19,13050.26,982.33,7133.93
SL-0004468,STR-024,CAT-04,2023-07-01,2023,7,324,207,11988.26,7783.42,162.26,4204.84
SL-0004469,STR-024,CAT-05,2023-07-01,2023,7,964,487,21875.33,9622.28,1124.85,12253.05
SL-0004470,STR-024,CAT-06,2023-07-01,2023,7,1177,736,20410.94,15972.62,502.68,4438.32
SL-0004471,STR-024,CAT-07,2023-07-01,2023,7,608,432,17142.66,10411.24,724.87,6731.42
SL-0004472,STR-024,CAT-08,2023-07-01,2023,7,537,248,15398.47,10678.41,736.04,4720.06
SL-0004473,STR-024,CAT-01,2023-08-01,2023,8,734,432,18869.87,10848.85,1014.58,8021.02
SL-0004474,STR-024,CAT-02,2023-08-01,2023,8,349,211,12700.71,10459.76,201.53,2240.95
SL-0004475,STR-024,CAT-03,2023-08-01,2023,8,611,319,13166.02,8657.37,228.37,4508.65
SL-0004476,STR-024,CAT-04,2023-08-01,2023,8,972,459,20958.27,13692.75,908.97,7265.52
SL-0004477,STR-024,CAT-05,2023-08-01,2023,8,834,520,18084.04,8604.43,1044.03,9479.61
SL-0004478,STR-024,CAT-06,2023-08-01,2023,8,304,165,13539.4,10500.0,642.48,3039.4
SL-0004479,STR-024,CAT-07,2023-08-01,2023,8,761,395,16390.27,9692.77,916.1,6697.5
SL-0004480,STR-024,CAT-08,2023-08-01,2023,8,506,242,17429.09,12484.36,174.62,4944.73
SL-0004481,STR-024,CAT-01,2023-09-01,2023,9,860,528,23539.9,13789.16,1225.25,9750.74
SL-0004482,STR-024,CAT-02,2023-09-01,2023,9,457,286,12031.51,9774.51,303.29,2257.0
SL-0004483,STR-024,CAT-03,2023-09-01,2023,9,630,333,15798.87,9467.7,892.29,6331.17
SL-0004484,STR-024,CAT-04,2023-09-01,2023,9,359,171,16571.71,10259.98,876.15,6311.73
SL-0004485,STR-024,CAT-05,2023-09-01,2023,9,583,322,13230.69,5811.11,395.2,7419.58
SL-0004486,STR-024,CAT-06,2023-09-01,2023,9,693,358,21260.04,16666.91,842.88,4593.13
SL-0004487,STR-024,CAT-07,2023-09-01,2023,9,3323,1641,16903.58,10027.56,1008.2,6876.02
SL-0004488,STR-024,CAT-08,2023-09-01,2023,9,1285,841,25204.43,17734.21,1130.28,7470.22
SL-0004489,STR-024,CAT-01,2023-10-01,2023,10,615,336,14313.48,8403.56,373.51,5909.92
SL-0004490,STR-024,CAT-02,2023-10-01,2023,10,477,308,12389.72,10383.04,567.41,2006.68
SL-0004491,STR-024,CAT-03,2023-10-01,2023,10,583,296,19375.99,12280.79,592.45,7095.2
SL-0004492,STR-024,CAT-04,2023-10-01,2023,10,575,256,15954.9,10410.16,298.03,5544.74
SL-0004493,STR-024,CAT-05,2023-10-01,2023,10,316,171,10343.22,4599.34,290.1,5743.88
SL-0004494,STR-024,CAT-06,2023-10-01,2023,10,408,251,15081.95,12278.0,375.89,2803.95
SL-0004495,STR-024,CAT-07,2023-10-01,2023,10,723,445,18686.79,11346.3,970.06,7340.49
SL-0004496,STR-024,CAT-08,2023-10-01,2023,10,401,212,14202.6,10111.54,852.07,4091.06
SL-0004497,STR-024,CAT-01,2023-11-01,2023,11,867,481,22005.53,12271.74,850.44,9733.79
SL-0004498,STR-024,CAT-02,2023-11-01,2023,11,756,649,25682.66,20628.79,1071.24,5053.87
SL-0004499,STR-024,CAT-03,2023-11-01,2023,11,241,132,10159.51,6116.39,220.56,4043.12
SL-0004500,STR-024,CAT-04,2023-11-01,2023,11,428,249,11561.67,7413.92,147.84,4147.75
SL-0004501,STR-024,CAT-05,2023-11-01,2023,11,394,202,15051.17,7111.86,205.07,7939.31
SL-0004502,STR-024,CAT-06,2023-11-01,2023,11,636,346,13630.13,10551.72,533.58,3078.41
SL-0004503,STR-024,CAT-07,2023-11-01,2023,11,537,273,19257.72,11673.9,695.77,7583.82
SL-0004504,STR-024,CAT-08,2023-11-01,2023,11,602,338,15304.75,10568.7,336.36,4736.05
SL-0004505,STR-024,CAT-01,2023-12-01,2023,12,783,429,16710.59,10091.05,691.02,6619.54
SL-0004506,STR-024,CAT-02,2023-12-01,2023,12,768,398,16590.38,13459.44,725.11,3130.94
SL-0004507,STR-024,CAT-03,2023-12-01,2023,12,350,155,11701.37,7163.17,215.51,4538.2
SL-0004508,STR-024,CAT-04,2023-12-01,2023,12,428,280,11785.19,7765.13,496.1,4020.06
SL-0004509,STR-024,CAT-05,2023-12-01,2023,12,926,498,23959.93,10863.31,252.2,13096.62
SL-0004510,STR-024,CAT-06,2023-12-01,2023,12,1075,733,18756.64,14740.95,544.52,4015.69
SL-0004511,STR-024,CAT-07,2023-12-01,2023,12,1507,974,37987.06,24494.76,839.7,13492.3
SL-0004512,STR-024,CAT-08,2023-12-01,2023,12,615,405,19395.53,12482.66,1013.72,6912.87
SL-0004513,STR-024,CAT-01,2024-01-01,2024,1,622,348,16079.55,9182.57,613.79,6896.98
SL-0004514,STR-024,CAT-02,2024-01-01,2024,1,375,239,13337.79,10905.32,537.48,2432.47
SL-0004515,STR-024,CAT-03,2024-01-01,2024,1,485,306,19457.85,11718.03,989.56,7739.82
SL-0004516,STR-024,CAT-04,2024-01-01,2024,1,469,243,14129.6,9526.17,631.59,4603.43
SL-0004517,STR-024,CAT-05,2024-01-01,2024,1,623,576,17255.41,7653.18,588.96,9602.23
SL-0004518,STR-024,CAT-06,2024-01-01,2024,1,692,270,15713.23,12331.71,557.77,3381.52
SL-0004519,STR-024,CAT-07,2024-01-01,2024,1,300,134,14600.29,8791.68,465.8,5808.61
SL-0004520,STR-024,CAT-08,2024-01-01,2024,1,389,293,11606.65,8466.0,356.71,3140.65
SL-0004521,STR-024,CAT-01,2024-02-01,2024,2,796,578,17037.48,9386.45,928.82,7651.03
SL-0004522,STR-024,CAT-02,2024-02-01,2024,2,932,498,12237.39,9514.09,227.98,2723.3
SL-0004523,STR-024,CAT-03,2024-02-01,2024,2,454,264,19576.9,11800.29,1128.02,7776.61
SL-0004524,STR-024,CAT-04,2024-02-01,2024,2,566,338,14049.29,9061.65,748.05,4987.64
SL-0004525,STR-024,CAT-05,2024-02-01,2024,2,923,457,11241.12,5017.19,610.66,6223.93
SL-0004526,STR-024,CAT-06,2024-02-01,2024,2,469,284,18654.35,13912.77,722.34,4741.58
SL-0004527,STR-024,CAT-07,2024-02-01,2024,2,361,174,12199.58,7257.76,336.25,4941.82
SL-0004528,STR-024,CAT-08,2024-02-01,2024,2,1750,835,19294.98,12955.69,1098.74,6339.29
SL-0004529,STR-024,CAT-01,2024-03-01,2024,3,435,269,12494.69,7526.31,466.42,4968.38
SL-0004530,STR-024,CAT-02,2024-03-01,2024,3,506,195,14258.43,12335.46,804.93,1922.97
SL-0004531,STR-024,CAT-03,2024-03-01,2024,3,998,633,24242.64,15521.39,750.06,8721.25
SL-0004532,STR-024,CAT-04,2024-03-01,2024,3,547,257,11836.57,7743.47,384.82,4093.1
SL-0004533,STR-024,CAT-05,2024-03-01,2024,3,860,536,19742.92,8724.49,375.43,11018.43
SL-0004534,STR-024,CAT-06,2024-03-01,2024,3,717,461,12318.95,9609.78,476.2,2709.17
SL-0004535,STR-024,CAT-07,2024-03-01,2024,3,347,144,9798.38,6037.37,515.85,3761.01
SL-0004536,STR-024,CAT-08,2024-03-01,2024,3,446,269,11516.03,7853.86,466.33,3662.17
SL-0004537,STR-024,CAT-01,2024-04-01,2024,4,423,210,14148.37,8433.6,322.43,5714.77
SL-0004538,STR-024,CAT-02,2024-04-01,2024,4,542,292,10337.76,8463.05,512.27,1874.71
SL-0004539,STR-024,CAT-03,2024-04-01,2024,4,829,380,23295.36,14589.3,558.22,8706.06
SL-0004540,STR-024,CAT-04,2024-04-01,2024,4,479,340,11897.83,7694.37,507.02,4203.46
SL-0004541,STR-024,CAT-05,2024-04-01,2024,4,490,241,11725.88,5523.83,304.59,6202.05
SL-0004542,STR-024,CAT-06,2024-04-01,2024,4,624,410,18042.43,14099.95,249.33,3942.48
SL-0004543,STR-024,CAT-07,2024-04-01,2024,4,342,182,10389.58,6311.91,279.13,4077.67
SL-0004544,STR-024,CAT-08,2024-04-01,2024,4,663,377,12752.85,8985.41,149.47,3767.44
SL-0004545,STR-024,CAT-01,2024-05-01,2024,5,431,223,15341.49,9038.96,612.46,6302.53
SL-0004546,STR-024,CAT-02,2024-05-01,2024,5,532,316,17576.28,15009.81,623.49,2566.47
SL-0004547,STR-024,CAT-03,2024-05-01,2024,5,448,248,11359.88,6802.34,450.72,4557.54
SL-0004548,STR-024,CAT-04,2024-05-01,2024,5,556,305,26788.23,16736.5,1386.19,10051.73
SL-0004549,STR-024,CAT-05,2024-05-01,2024,5,699,608,19926.27,9543.69,1097.78,10382.58
SL-0004550,STR-024,CAT-06,2024-05-01,2024,5,422,245,16318.55,13032.89,490.98,3285.66
SL-0004551,STR-024,CAT-07,2024-05-01,2024,5,442,257,12334.4,7396.59,467.11,4937.81
SL-0004552,STR-024,CAT-08,2024-05-01,2024,5,298,165,10061.54,6952.1,311.75,3109.44
SL-0004553,STR-024,CAT-01,2024-06-01,2024,6,1103,718,27479.09,15622.81,1632.88,11856.28
SL-0004554,STR-024,CAT-02,2024-06-01,2024,6,913,502,18172.8,14569.95,242.1,3602.85
SL-0004555,STR-024,CAT-03,2024-06-01,2024,6,810,339,21092.66,12927.43,712.52,8165.23
SL-0004556,STR-024,CAT-04,2024-06-01,2024,6,1166,529,33272.27,22350.15,1458.58,10922.12
SL-0004557,STR-024,CAT-05,2024-06-01,2024,6,592,326,13182.75,5643.11,162.93,7539.64
SL-0004558,STR-024,CAT-06,2024-06-01,2024,6,1010,595,29948.94,22842.06,1023.79,7106.88
SL-0004559,STR-024,CAT-07,2024-06-01,2024,6,720,525,12000.72,7094.98,578.31,4905.74
SL-0004560,STR-024,CAT-08,2024-06-01,2024,6,716,437,20682.05,14720.73,1031.22,5961.32
SL-0004561,STR-024,CAT-01,2024-07-01,2024,7,645,354,21465.1,12486.48,652.69,8978.62
SL-0004562,STR-024,CAT-02,2024-07-01,2024,7,547,466,16586.64,13640.7,219.21,2945.94
SL-0004563,STR-024,CAT-03,2024-07-01,2024,7,324,184,11873.92,7679.55,184.32,4194.37
SL-0004564,STR-024,CAT-04,2024-07-01,2024,7,639,368,18145.0,11897.27,236.54,6247.73
SL-0004565,STR-024,CAT-05,2024-07-01,2024,7,636,307,11844.08,5313.31,549.97,6530.77
SL-0004566,STR-024,CAT-06,2024-07-01,2024,7,1023,610,25698.75,20482.53,341.17,5216.22
SL-0004567,STR-024,CAT-07,2024-07-01,2024,7,887,420,23770.0,14502.54,1153.22,9267.46
SL-0004568,STR-024,CAT-08,2024-07-01,2024,7,411,286,15826.63,11980.08,745.28,3846.55
SL-0004569,STR-024,CAT-01,2024-08-01,2024,8,525,274,20326.18,12094.69,665.3,8231.49
SL-0004570,STR-024,CAT-02,2024-08-01,2024,8,707,333,12490.63,10283.65,409.11,2206.98
SL-0004571,STR-024,CAT-03,2024-08-01,2024,8,352,197,11849.44,7083.12,379.39,4766.32
SL-0004572,STR-024,CAT-04,2024-08-01,2024,8,650,396,20650.6,13137.57,983.08,7513.03
SL-0004573,STR-024,CAT-05,2024-08-01,2024,8,472,268,13722.46,6143.54,429.04,7578.92
SL-0004574,STR-024,CAT-06,2024-08-01,2024,8,644,313,17581.41,13553.37,366.54,4028.04
SL-0004575,STR-024,CAT-07,2024-08-01,2024,8,1128,727,18848.18,11290.65,609.53,7557.53
SL-0004576,STR-024,CAT-08,2024-08-01,2024,8,314,166,12163.89,8371.51,574.8,3792.38
SL-0004577,STR-024,CAT-01,2024-09-01,2024,9,856,427,18521.79,10366.19,873.13,8155.6
SL-0004578,STR-024,CAT-02,2024-09-01,2024,9,672,370,20578.27,16888.47,761.87,3689.8
SL-0004579,STR-024,CAT-03,2024-09-01,2024,9,1009,641,25607.47,15191.0,1349.84,10416.47
SL-0004580,STR-024,CAT-04,2024-09-01,2024,9,304,254,11180.65,7096.7,638.89,4083.95
SL-0004581,STR-024,CAT-05,2024-09-01,2024,9,2754,1695,24016.83,11079.11,970.67,12937.72
SL-0004582,STR-024,CAT-06,2024-09-01,2024,9,924,498,20815.12,17004.36,933.64,3810.76
SL-0004583,STR-024,CAT-07,2024-09-01,2024,9,821,344,27104.92,15865.44,1112.83,11239.48
SL-0004584,STR-024,CAT-08,2024-09-01,2024,9,974,461,19969.49,13784.73,714.15,6184.76
SL-0004585,STR-024,CAT-01,2024-10-01,2024,10,374,232,11336.91,6740.08,127.68,4596.83
SL-0004586,STR-024,CAT-02,2024-10-01,2024,10,398,170,9631.32,7902.0,486.63,1729.32
SL-0004587,STR-024,CAT-03,2024-10-01,2024,10,1038,512,14384.77,8795.18,368.77,5589.59
SL-0004588,STR-024,CAT-04,2024-10-01,2024,10,271,165,9180.58,6174.58,191.28,3006.0
SL-0004589,STR-024,CAT-05,2024-10-01,2024,10,602,677,18821.08,8259.96,540.24,10561.12
SL-0004590,STR-024,CAT-06,2024-10-01,2024,10,567,358,12541.07,9742.79,690.79,2798.28
SL-0004591,STR-024,CAT-07,2024-10-01,2024,10,567,245,16207.26,9816.87,317.46,6390.39
SL-0004592,STR-024,CAT-08,2024-10-01,2024,10,394,208,13186.08,9359.29,194.35,3826.79
SL-0004593,STR-024,CAT-01,2024-11-01,2024,11,1947,1040,26726.24,15690.56,1328.38,11035.68
SL-0004594,STR-024,CAT-02,2024-11-01,2024,11,801,443,35086.75,27565.16,865.52,7521.59
SL-0004595,STR-024,CAT-03,2024-11-01,2024,11,308,148,11088.25,6755.16,534.64,4333.09
SL-0004596,STR-024,CAT-04,2024-11-01,2024,11,473,263,14540.18,9243.63,245.16,5296.55
SL-0004597,STR-024,CAT-05,2024-11-01,2024,11,601,297,18364.46,8654.25,406.05,9710.21
SL-0004598,STR-024,CAT-06,2024-11-01,2024,11,1558,785,26870.9,21564.75,1153.43,5306.15
SL-0004599,STR-024,CAT-07,2024-11-01,2024,11,904,427,17321.01,10733.86,187.81,6587.15
SL-0004600,STR-024,CAT-08,2024-11-01,2024,11,964,466,22969.52,15426.12,1130.68,7543.4
SL-0004601,STR-024,CAT-01,2024-12-01,2024,12,1081,628,23313.87,13368.91,1379.22,9944.96
SL-0004602,STR-024,CAT-02,2024-12-01,2024,12,1134,876,32272.34,27746.45,1448.62,4525.89
SL-0004603,STR-024,CAT-03,2024-12-01,2024,12,661,539,28007.48,18050.91,675.91,9956.57
SL-0004604,STR-024,CAT-04,2024-12-01,2024,12,326,225,11262.29,6954.66,191.92,4307.63
SL-0004605,STR-024,CAT-05,2024-12-01,2024,12,474,288,17101.97,7437.61,407.57,9664.36
SL-0004606,STR-024,CAT-06,2024-12-01,2024,12,770,345,22321.31,17636.98,1123.83,4684.33
SL-0004607,STR-024,CAT-07,2024-12-01,2024,12,1232,979,32946.31,21867.45,1922.97,11078.86
SL-0004608,STR-024,CAT-08,2024-12-01,2024,12,619,435,26255.17,17862.62,506.55,8392.55
SL-0004609,STR-025,CAT-01,2023-01-01,2023,1,2180,1318,36297.31,21228.4,1884.66,15068.91
SL-0004610,STR-025,CAT-02,2023-01-01,2023,1,678,350,23676.1,18989.46,992.33,4686.64
SL-0004611,STR-025,CAT-03,2023-01-01,2023,1,1796,1161,33304.94,20172.93,1041.65,13132.01
SL-0004612,STR-025,CAT-04,2023-01-01,2023,1,1003,671,34238.78,22537.19,1257.6,11701.59
SL-0004613,STR-025,CAT-05,2023-01-01,2023,1,1033,464,26922.96,11605.73,739.54,15317.23
SL-0004614,STR-025,CAT-06,2023-01-01,2023,1,929,379,20794.64,16463.8,1203.38,4330.84
SL-0004615,STR-025,CAT-07,2023-01-01,2023,1,611,410,17048.89,10027.15,913.16,7021.74
SL-0004616,STR-025,CAT-08,2023-01-01,2023,1,1674,788,28660.43,20348.57,1327.42,8311.86
SL-0004617,STR-025,CAT-01,2023-02-01,2023,2,540,241,19556.78,11085.15,232.03,8471.63
SL-0004618,STR-025,CAT-02,2023-02-01,2023,2,326,165,14956.99,12484.86,643.25,2472.13
SL-0004619,STR-025,CAT-03,2023-02-01,2023,2,991,741,31120.93,19427.68,640.07,11693.25
SL-0004620,STR-025,CAT-04,2023-02-01,2023,2,908,468,26542.51,16800.89,438.86,9741.62
SL-0004621,STR-025,CAT-05,2023-02-01,2023,2,1526,803,20559.05,9262.16,711.35,11296.89
SL-0004622,STR-025,CAT-06,2023-02-01,2023,2,1314,633,33766.65,27428.3,1083.2,6338.35
SL-0004623,STR-025,CAT-07,2023-02-01,2023,2,488,240,12876.79,7611.48,358.48,5265.31
SL-0004624,STR-025,CAT-08,2023-02-01,2023,2,1538,828,36649.39,26249.43,430.86,10399.96
SL-0004625,STR-025,CAT-01,2023-03-01,2023,3,1209,520,24606.16,14180.0,351.49,10426.16
SL-0004626,STR-025,CAT-02,2023-03-01,2023,3,900,670,15090.41,12024.24,877.59,3066.17
SL-0004627,STR-025,CAT-03,2023-03-01,2023,3,1553,868,31933.83,19541.89,424.23,12391.94
SL-0004628,STR-025,CAT-04,2023-03-01,2023,3,614,285,16115.66,10360.19,591.19,5755.47
SL-0004629,STR-025,CAT-05,2023-03-01,2023,3,1354,748,36132.86,16168.0,2007.18,19964.86
SL-0004630,STR-025,CAT-06,2023-03-01,2023,3,1313,703,20636.44,15775.92,1056.23,4860.52
SL-0004631,STR-025,CAT-07,2023-03-01,2023,3,1336,938,30156.73,17348.57,697.14,12808.16
SL-0004632,STR-025,CAT-08,2023-03-01,2023,3,931,661,28976.91,19248.92,1449.16,9727.99
SL-0004633,STR-025,CAT-01,2023-04-01,2023,4,1617,853,25305.92,15633.51,1347.73,9672.41
SL-0004634,STR-025,CAT-02,2023-04-01,2023,4,1627,1232,28470.95,22350.98,940.34,6119.97
SL-0004635,STR-025,CAT-03,2023-04-01,2023,4,947,659,21982.13,14447.97,1249.92,7534.16
SL-0004636,STR-025,CAT-04,2023-04-01,2023,4,975,600,35025.65,22517.03,1781.47,12508.62
SL-0004637,STR-025,CAT-05,2023-04-01,2023,4,2005,941,36117.41,16087.2,1938.89,20030.21
SL-0004638,STR-025,CAT-06,2023-04-01,2023,4,887,648,28065.61,21144.71,466.01,6920.9
SL-0004639,STR-025,CAT-07,2023-04-01,2023,4,913,407,26181.2,16171.19,464.64,10010.01
SL-0004640,STR-025,CAT-08,2023-04-01,2023,4,773,387,19720.35,13706.15,996.85,6014.2
SL-0004641,STR-025,CAT-01,2023-05-01,2023,5,1227,703,24353.56,13618.52,928.45,10735.04
SL-0004642,STR-025,CAT-02,2023-05-01,2023,5,426,203,19728.21,16068.0,783.8,3660.21
SL-0004643,STR-025,CAT-03,2023-05-01,2023,5,1570,771,40146.37,23030.23,744.4,17116.14
SL-0004644,STR-025,CAT-04,2023-05-01,2023,5,1099,555,22940.57,14873.48,342.6,8067.09
SL-0004645,STR-025,CAT-05,2023-05-01,2023,5,637,312,24972.95,11355.79,944.56,13617.16
SL-0004646,STR-025,CAT-06,2023-05-01,2023,5,1211,573,22798.57,18123.72,320.56,4674.85
SL-0004647,STR-025,CAT-07,2023-05-01,2023,5,995,694,29904.75,18015.88,928.18,11888.87
SL-0004648,STR-025,CAT-08,2023-05-01,2023,5,1509,910,28269.08,19923.43,458.59,8345.65
SL-0004649,STR-025,CAT-01,2023-06-01,2023,6,855,463,26553.41,15026.36,1283.52,11527.05
SL-0004650,STR-025,CAT-02,2023-06-01,2023,6,803,495,27289.05,21426.3,1565.55,5862.75
SL-0004651,STR-025,CAT-03,2023-06-01,2023,6,697,390,27019.48,16296.15,957.72,10723.33
SL-0004652,STR-025,CAT-04,2023-06-01,2023,6,1212,667,34791.6,21747.87,1736.23,13043.73
SL-0004653,STR-025,CAT-05,2023-06-01,2023,6,757,450,36202.05,16176.98,2076.14,20025.07
SL-0004654,STR-025,CAT-06,2023-06-01,2023,6,1012,438,23981.72,18881.67,528.9,5100.05
SL-0004655,STR-025,CAT-07,2023-06-01,2023,6,550,395,22705.96,13621.46,1132.41,9084.5
SL-0004656,STR-025,CAT-08,2023-06-01,2023,6,1680,1393,14876.76,10487.34,660.25,4389.42
SL-0004657,STR-025,CAT-01,2023-07-01,2023,7,1624,943,30725.61,17999.2,1560.09,12726.41
SL-0004658,STR-025,CAT-02,2023-07-01,2023,7,516,314,23393.47,19445.26,990.68,3948.21
SL-0004659,STR-025,CAT-03,2023-07-01,2023,7,1038,496,18960.2,11875.47,377.95,7084.73
SL-0004660,STR-025,CAT-04,2023-07-01,2023,7,892,353,22428.69,14346.09,736.93,8082.6
SL-0004661,STR-025,CAT-05,2023-07-01,2023,7,896,431,19371.57,8650.74,298.31,10720.83
SL-0004662,STR-025,CAT-06,2023-07-01,2023,7,501,256,15027.57,11447.26,786.68,3580.31
SL-0004663,STR-025,CAT-07,2023-07-01,2023,7,655,352,15115.5,9721.11,161.34,5394.39
SL-0004664,STR-025,CAT-08,2023-07-01,2023,7,388,203,11313.17,7926.74,450.8,3386.43
SL-0004665,STR-025,CAT-01,2023-08-01,2023,8,1437,849,21846.23,13055.73,674.2,8790.5
SL-0004666,STR-025,CAT-02,2023-08-01,2023,8,827,432,30737.74,23936.71,919.1,6801.03
SL-0004667,STR-025,CAT-03,2023-08-01,2023,8,1713,751,20366.68,12650.44,1138.08,7716.24
SL-0004668,STR-025,CAT-04,2023-08-01,2023,8,2088,1152,42620.36,28237.77,1805.93,14382.59
SL-0004669,STR-025,CAT-05,2023-08-01,2023,8,1113,680,25861.11,11387.28,1268.19,14473.83
SL-0004670,STR-025,CAT-06,2023-08-01,2023,8,1723,1189,43984.08,31206.57,2548.25,12777.51
SL-0004671,STR-025,CAT-07,2023-08-01,2023,8,1483,977,39680.84,24121.06,1784.83,15559.78
SL-0004672,STR-025,CAT-08,2023-08-01,2023,8,1533,729,39103.06,26897.22,2180.92,12205.84
SL-0004673,STR-025,CAT-01,2023-09-01,2023,9,669,409,23305.26,13817.16,864.8,9488.1
SL-0004674,STR-025,CAT-02,2023-09-01,2023,9,579,291,16651.29,13816.29,561.0,2835.0
SL-0004675,STR-025,CAT-03,2023-09-01,2023,9,925,419,30095.01,18168.63,1688.98,11926.38
SL-0004676,STR-025,CAT-04,2023-09-01,2023,9,1018,458,36900.12,23108.79,1805.53,13791.33
SL-0004677,STR-025,CAT-05,2023-09-01,2023,9,836,469,29539.62,13527.49,973.66,16012.13
SL-0004678,STR-025,CAT-06,2023-09-01,2023,9,874,545,19579.66,15142.31,546.61,4437.35
SL-0004679,STR-025,CAT-07,2023-09-01,2023,9,1247,736,35890.2,21376.5,1432.19,14513.7
SL-0004680,STR-025,CAT-08,2023-09-01,2023,9,763,342,19018.39,12907.48,755.87,6110.91
SL-0004681,STR-025,CAT-01,2023-10-01,2023,10,751,352,23572.13,13588.09,585.2,9984.04
SL-0004682,STR-025,CAT-02,2023-10-01,2023,10,623,399,23207.83,18220.62,1011.23,4987.21
SL-0004683,STR-025,CAT-03,2023-10-01,2023,10,1613,815,28948.6,18522.78,1080.11,10425.82
SL-0004684,STR-025,CAT-04,2023-10-01,2023,10,6373,5021,32389.99,21927.84,1017.57,10462.15
SL-0004685,STR-025,CAT-05,2023-10-01,2023,10,1228,663,31144.96,13333.06,1570.79,17811.9
SL-0004686,STR-025,CAT-06,2023-10-01,2023,10,990,552,32377.23,24814.04,1183.91,7563.19
SL-0004687,STR-025,CAT-07,2023-10-01,2023,10,998,531,30103.02,18331.47,515.43,11771.55
SL-0004688,STR-025,CAT-08,2023-10-01,2023,10,1962,1011,21726.82,15283.7,788.54,6443.12
SL-0004689,STR-025,CAT-01,2023-11-01,2023,11,797,428,28844.94,16580.12,1118.34,12264.82
SL-0004690,STR-025,CAT-02,2023-11-01,2023,11,1462,852,37716.0,32678.56,1456.17,5037.44
SL-0004691,STR-025,CAT-03,2023-11-01,2023,11,1230,562,29563.42,18411.88,453.26,11151.54
SL-0004692,STR-025,CAT-04,2023-11-01,2023,11,964,452,27388.86,17619.71,506.44,9769.15
SL-0004693,STR-025,CAT-05,2023-11-01,2023,11,1581,680,46184.6,20656.85,1861.35,25527.75
SL-0004694,STR-025,CAT-06,2023-11-01,2023,11,840,302,42585.82,34758.06,1083.61,7827.76
SL-0004695,STR-025,CAT-07,2023-11-01,2023,11,2596,1223,58818.58,36246.69,1568.86,22571.89
SL-0004696,STR-025,CAT-08,2023-11-01,2023,11,641,270,23334.13,16300.89,565.75,7033.24
SL-0004697,STR-025,CAT-01,2023-12-01,2023,12,2263,1170,61727.99,35978.22,2559.05,25749.77
SL-0004698,STR-025,CAT-02,2023-12-01,2023,12,2188,1360,57474.64,47126.14,2477.5,10348.5
SL-0004699,STR-025,CAT-03,2023-12-01,2023,12,1351,940,38596.1,24419.28,795.88,14176.82
SL-0004700,STR-025,CAT-04,2023-12-01,2023,12,803,415,23198.32,14952.11,357.15,8246.21
SL-0004701,STR-025,CAT-05,2023-12-01,2023,12,1462,738,50667.16,22446.36,1789.22,28220.8
SL-0004702,STR-025,CAT-06,2023-12-01,2023,12,1461,741,48760.34,37941.49,1601.28,10818.85
SL-0004703,STR-025,CAT-07,2023-12-01,2023,12,2702,1450,70220.79,43268.43,1661.2,26952.36
SL-0004704,STR-025,CAT-08,2023-12-01,2023,12,1219,709,35734.78,25897.57,2116.21,9837.21
SL-0004705,STR-025,CAT-01,2024-01-01,2024,1,1588,1090,20036.71,12084.59,632.71,7952.12
SL-0004706,STR-025,CAT-02,2024-01-01,2024,1,486,256,16796.03,13247.57,872.73,3548.46
SL-0004707,STR-025,CAT-03,2024-01-01,2024,1,596,319,17248.62,10365.24,246.04,6883.38
SL-0004708,STR-025,CAT-04,2024-01-01,2024,1,330,158,11671.95,7407.89,359.66,4264.06
SL-0004709,STR-025,CAT-05,2024-01-01,2024,1,853,437,20808.08,9652.59,1220.82,11155.49
SL-0004710,STR-025,CAT-06,2024-01-01,2024,1,1146,649,26477.79,20577.21,973.26,5900.58
SL-0004711,STR-025,CAT-07,2024-01-01,2024,1,446,299,15741.17,9530.12,568.93,6211.05
SL-0004712,STR-025,CAT-08,2024-01-01,2024,1,595,305,16560.0,11515.51,805.67,5044.49
SL-0004713,STR-025,CAT-01,2024-02-01,2024,2,382,202,15847.17,9326.72,374.31,6520.45
SL-0004714,STR-025,CAT-02,2024-02-01,2024,2,559,262,14890.25,11969.0,653.02,2921.25
SL-0004715,STR-025,CAT-03,2024-02-01,2024,2,616,296,15805.53,9352.08,917.88,6453.45
SL-0004716,STR-025,CAT-04,2024-02-01,2024,2,857,405,17989.38,11512.35,929.76,6477.03
SL-0004717,STR-025,CAT-05,2024-02-01,2024,2,712,349,19040.75,8728.85,498.67,10311.9
SL-0004718,STR-025,CAT-06,2024-02-01,2024,2,1067,556,31477.28,24374.03,1552.34,7103.25
SL-0004719,STR-025,CAT-07,2024-02-01,2024,2,390,194,14429.54,8340.48,178.12,6089.06
SL-0004720,STR-025,CAT-08,2024-02-01,2024,2,1215,526,29751.57,20367.86,1580.57,9383.71
SL-0004721,STR-025,CAT-01,2024-03-01,2024,3,1138,549,34968.87,20996.59,675.15,13972.28
SL-0004722,STR-025,CAT-02,2024-03-01,2024,3,591,286,23540.54,19880.28,673.13,3660.26
SL-0004723,STR-025,CAT-03,2024-03-01,2024,3,1474,807,35833.4,21381.15,859.18,14452.25
SL-0004724,STR-025,CAT-04,2024-03-01,2024,3,655,307,25291.56,17044.4,289.14,8247.16
SL-0004725,STR-025,CAT-05,2024-03-01,2024,3,955,541,34179.75,15540.09,743.01,18639.66
SL-0004726,STR-025,CAT-06,2024-03-01,2024,3,1886,1065,34427.27,26233.49,1510.62,8193.78
SL-0004727,STR-025,CAT-07,2024-03-01,2024,3,1005,561,31852.18,19609.54,1086.87,12242.64
SL-0004728,STR-025,CAT-08,2024-03-01,2024,3,696,406,28865.79,21149.42,1721.72,7716.37
SL-0004729,STR-025,CAT-01,2024-04-01,2024,4,1135,592,21913.58,12866.73,768.55,9046.85
SL-0004730,STR-025,CAT-02,2024-04-01,2024,4,667,430,26757.93,21819.94,1402.45,4937.99
SL-0004731,STR-025,CAT-03,2024-04-01,2024,4,2636,1631,47801.47,31366.55,2290.69,16434.92
SL-0004732,STR-025,CAT-04,2024-04-01,2024,4,722,653,23561.86,15461.11,727.43,8100.75
SL-0004733,STR-025,CAT-05,2024-04-01,2024,4,1725,946,38629.22,17989.04,682.64,20640.18
SL-0004734,STR-025,CAT-06,2024-04-01,2024,4,1176,561,42213.95,33058.88,1477.99,9155.07
SL-0004735,STR-025,CAT-07,2024-04-01,2024,4,1562,803,33937.78,21562.29,1045.34,12375.49
SL-0004736,STR-025,CAT-08,2024-04-01,2024,4,2111,987,37314.66,25105.72,2150.7,12208.94
SL-0004737,STR-025,CAT-01,2024-05-01,2024,5,2124,940,30405.95,17479.91,757.98,12926.04
SL-0004738,STR-025,CAT-02,2024-05-01,2024,5,426,209,16450.24,13348.61,643.13,3101.63
SL-0004739,STR-025,CAT-03,2024-05-01,2024,5,693,266,25193.35,16659.32,1338.31,8534.03
SL-0004740,STR-025,CAT-04,2024-05-01,2024,5,1428,668,44752.14,28793.87,1939.86,15958.27
SL-0004741,STR-025,CAT-05,2024-05-01,2024,5,1277,806,36515.97,16478.8,1611.93,20037.17
SL-0004742,STR-025,CAT-06,2024-05-01,2024,5,682,434,27065.42,20432.04,1488.86,6633.38
SL-0004743,STR-025,CAT-07,2024-05-01,2024,5,1096,594,31892.46,18540.38,1147.51,13352.08
SL-0004744,STR-025,CAT-08,2024-05-01,2024,5,1659,1050,28451.87,20631.09,347.52,7820.78
SL-0004745,STR-025,CAT-01,2024-06-01,2024,6,1293,602,23833.56,13249.76,1204.53,10583.8
SL-0004746,STR-025,CAT-02,2024-06-01,2024,6,592,419,17151.74,14698.11,548.83,2453.63
SL-0004747,STR-025,CAT-03,2024-06-01,2024,6,902,388,21782.69,13578.26,953.09,8204.43
SL-0004748,STR-025,CAT-04,2024-06-01,2024,6,1833,972,44582.57,28250.09,1665.68,16332.48
SL-0004749,STR-025,CAT-05,2024-06-01,2024,6,1295,524,31940.04,14031.11,1228.39,17908.93
SL-0004750,STR-025,CAT-06,2024-06-01,2024,6,1073,552,26476.03,20985.65,287.64,5490.38
SL-0004751,STR-025,CAT-07,2024-06-01,2024,6,1184,627,26104.78,15787.21,998.93,10317.57
SL-0004752,STR-025,CAT-08,2024-06-01,2024,6,704,364,26916.95,18828.54,993.37,8088.41
SL-0004753,STR-025,CAT-01,2024-07-01,2024,7,1093,655,41008.36,22602.06,1253.88,18406.3
SL-0004754,STR-025,CAT-02,2024-07-01,2024,7,1322,709,39977.69,34334.33,778.03,5643.36
SL-0004755,STR-025,CAT-03,2024-07-01,2024,7,1928,1212,44299.04,26091.57,1024.3,18207.47
SL-0004756,STR-025,CAT-04,2024-07-01,2024,7,1501,685,39677.75,26079.56,475.81,13598.19
SL-0004757,STR-025,CAT-05,2024-07-01,2024,7,733,409,27152.47,12509.32,425.45,14643.15
SL-0004758,STR-025,CAT-06,2024-07-01,2024,7,1571,630,40740.86,32608.24,1434.52,8132.62
SL-0004759,STR-025,CAT-07,2024-07-01,2024,7,995,678,38795.26,22212.58,1588.86,16582.68
SL-0004760,STR-025,CAT-08,2024-07-01,2024,7,1754,1046,32417.14,22325.93,1205.4,10091.21
SL-0004761,STR-025,CAT-01,2024-08-01,2024,8,575,318,24980.16,14532.95,1228.24,10447.21
SL-0004762,STR-025,CAT-02,2024-08-01,2024,8,639,315,14340.73,11841.81,694.52,2498.92
SL-0004763,STR-025,CAT-03,2024-08-01,2024,8,725,591,14952.57,9574.91,615.24,5377.66
SL-0004764,STR-025,CAT-04,2024-08-01,2024,8,1246,839,27372.32,17044.04,729.55,10328.28
SL-0004765,STR-025,CAT-05,2024-08-01,2024,8,981,511,25552.03,10906.73,744.6,14645.3
SL-0004766,STR-025,CAT-06,2024-08-01,2024,8,729,390,15228.04,12045.33,204.27,3182.71
SL-0004767,STR-025,CAT-07,2024-08-01,2024,8,749,522,26819.77,15823.97,627.55,10995.8
SL-0004768,STR-025,CAT-08,2024-08-01,2024,8,755,411,16165.96,11075.08,886.48,5090.88
SL-0004769,STR-025,CAT-01,2024-09-01,2024,9,1319,681,20982.06,12398.46,417.57,8583.6
SL-0004770,STR-025,CAT-02,2024-09-01,2024,9,936,642,33259.91,26241.7,595.86,7018.21
SL-0004771,STR-025,CAT-03,2024-09-01,2024,9,1085,688,46431.53,29648.61,1583.21,16782.92
SL-0004772,STR-025,CAT-04,2024-09-01,2024,9,2451,980,30969.91,20630.02,649.72,10339.89
SL-0004773,STR-025,CAT-05,2024-09-01,2024,9,763,357,20178.55,8739.47,498.19,11439.08
SL-0004774,STR-025,CAT-06,2024-09-01,2024,9,858,489,24761.43,19208.96,578.49,5552.47
SL-0004775,STR-025,CAT-07,2024-09-01,2024,9,745,398,17837.81,10904.88,948.79,6932.93
SL-0004776,STR-025,CAT-08,2024-09-01,2024,9,2480,1689,36640.0,25947.18,748.26,10692.82
SL-0004777,STR-025,CAT-01,2024-10-01,2024,10,607,256,24670.18,14668.27,716.94,10001.91
SL-0004778,STR-025,CAT-02,2024-10-01,2024,10,1022,477,25034.52,19836.92,782.47,5197.6
SL-0004779,STR-025,CAT-03,2024-10-01,2024,10,746,363,21270.83,12903.69,915.06,8367.14
SL-0004780,STR-025,CAT-04,2024-10-01,2024,10,438,223,16380.73,10685.86,195.0,5694.87
SL-0004781,STR-025,CAT-05,2024-10-01,2024,10,814,388,20997.51,9348.37,780.73,11649.14
SL-0004782,STR-025,CAT-06,2024-10-01,2024,10,1105,514,29358.06,23322.18,1345.36,6035.88
SL-0004783,STR-025,CAT-07,2024-10-01,2024,10,1167,659,18709.51,10892.89,1006.74,7816.62
SL-0004784,STR-025,CAT-08,2024-10-01,2024,10,563,270,18409.89,12670.13,404.86,5739.76
SL-0004785,STR-025,CAT-01,2024-11-01,2024,11,1683,939,34355.54,19286.0,425.94,15069.54
SL-0004786,STR-025,CAT-02,2024-11-01,2024,11,1240,631,35462.87,28662.0,1467.26,6800.87
SL-0004787,STR-025,CAT-03,2024-11-01,2024,11,1006,719,34192.97,20210.33,1467.25,13982.64
SL-0004788,STR-025,CAT-04,2024-11-01,2024,11,821,506,19749.5,13282.64,610.69,6466.86
SL-0004789,STR-025,CAT-05,2024-11-01,2024,11,570,381,24194.13,11103.81,264.94,13090.32
SL-0004790,STR-025,CAT-06,2024-11-01,2024,11,1307,728,34532.19,26797.3,771.42,7734.89
SL-0004791,STR-025,CAT-07,2024-11-01,2024,11,867,411,32973.0,19111.21,1778.8,13861.79
SL-0004792,STR-025,CAT-08,2024-11-01,2024,11,701,436,15478.69,10232.44,852.48,5246.25
SL-0004793,STR-025,CAT-01,2024-12-01,2024,12,1001,616,18826.43,10795.91,335.62,8030.52
SL-0004794,STR-025,CAT-02,2024-12-01,2024,12,1160,581,46100.93,38801.73,801.37,7299.2
SL-0004795,STR-025,CAT-03,2024-12-01,2024,12,718,552,25414.91,15724.37,809.81,9690.54
SL-0004796,STR-025,CAT-04,2024-12-01,2024,12,495,311,13476.57,8846.2,274.7,4630.37
SL-0004797,STR-025,CAT-05,2024-12-01,2024,12,987,500,19697.81,9132.62,441.2,10565.19
SL-0004798,STR-025,CAT-06,2024-12-01,2024,12,890,645,23902.55,19804.97,1196.85,4097.58
SL-0004799,STR-025,CAT-07,2024-12-01,2024,12,1871,970,34655.21,19621.22,1322.67,15033.99
SL-0004800,STR-025,CAT-08,2024-12-01,2024,12,800,432,26962.29,18781.7,272.87,8180.59
SL-0004801,STR-026,CAT-01,2023-01-01,2023,1,339,223,7840.33,4368.59,104.74,3471.74
SL-0004802,STR-026,CAT-02,2023-01-01,2023,1,255,135,7111.58,5821.49,272.64,1290.09
SL-0004803,STR-026,CAT-03,2023-01-01,2023,1,190,122,6091.82,3820.72,222.51,2271.1
SL-0004804,STR-026,CAT-04,2023-01-01,2023,1,168,126,6704.39,4460.53,355.07,2243.86
SL-0004805,STR-026,CAT-05,2023-01-01,2023,1,271,138,10972.84,4769.77,245.96,6203.07
SL-0004806,STR-026,CAT-06,2023-01-01,2023,1,403,284,13290.03,10351.95,482.93,2938.08
SL-0004807,STR-026,CAT-07,2023-01-01,2023,1,248,141,7805.67,4674.1,336.55,3131.57
SL-0004808,STR-026,CAT-08,2023-01-01,2023,1,238,122,6788.7,4693.9,160.64,2094.8
SL-0004809,STR-026,CAT-01,2023-02-01,2023,2,427,197,15487.25,9087.87,728.57,6399.38
SL-0004810,STR-026,CAT-02,2023-02-01,2023,2,297,201,7263.67,5783.91,348.62,1479.76
SL-0004811,STR-026,CAT-03,2023-02-01,2023,2,446,281,14398.57,8632.3,461.51,5766.27
SL-0004812,STR-026,CAT-04,2023-02-01,2023,2,524,342,17710.25,11042.57,827.52,6667.68
SL-0004813,STR-026,CAT-05,2023-02-01,2023,2,284,129,8899.6,3980.37,488.56,4919.23
SL-0004814,STR-026,CAT-06,2023-02-01,2023,2,303,156,11821.09,9528.95,554.25,2292.14
SL-0004815,STR-026,CAT-07,2023-02-01,2023,2,345,360,8759.43,5254.81,416.66,3504.62
SL-0004816,STR-026,CAT-08,2023-02-01,2023,2,313,259,8285.63,5736.52,179.43,2549.11
SL-0004817,STR-026,CAT-01,2023-03-01,2023,3,510,292,14305.03,8200.34,369.76,6104.69
SL-0004818,STR-026,CAT-02,2023-03-01,2023,3,291,161,7908.52,6199.07,427.59,1709.45
SL-0004819,STR-026,CAT-03,2023-03-01,2023,3,621,283,13745.53,8597.15,536.57,5148.38
SL-0004820,STR-026,CAT-04,2023-03-01,2023,3,445,207,14009.03,9097.29,149.84,4911.74
SL-0004821,STR-026,CAT-05,2023-03-01,2023,3,419,277,11266.44,5032.59,514.01,6233.85
SL-0004822,STR-026,CAT-06,2023-03-01,2023,3,335,182,9346.87,7349.02,126.18,1997.85
SL-0004823,STR-026,CAT-07,2023-03-01,2023,3,233,144,8516.36,5002.54,508.17,3513.82
SL-0004824,STR-026,CAT-08,2023-03-01,2023,3,243,122,9374.72,6080.94,270.85,3293.78
SL-0004825,STR-026,CAT-01,2023-04-01,2023,4,412,261,7783.27,4271.5,409.67,3511.77
SL-0004826,STR-026,CAT-02,2023-04-01,2023,4,246,119,7068.07,5609.19,191.82,1458.88
SL-0004827,STR-026,CAT-03,2023-04-01,2023,4,1083,560,20541.11,12826.18,625.13,7714.93
SL-0004828,STR-026,CAT-04,2023-04-01,2023,4,636,330,13777.1,9455.9,244.24,4321.2
SL-0004829,STR-026,CAT-05,2023-04-01,2023,4,332,180,12076.54,5276.32,183.65,6800.22
SL-0004830,STR-026,CAT-06,2023-04-01,2023,4,482,259,14532.3,12030.21,575.83,2502.09
SL-0004831,STR-026,CAT-07,2023-04-01,2023,4,295,131,8550.06,5145.89,218.12,3404.17
SL-0004832,STR-026,CAT-08,2023-04-01,2023,4,678,271,15783.18,10562.32,380.48,5220.86
SL-0004833,STR-026,CAT-01,2023-05-01,2023,5,491,306,10987.09,6227.84,461.89,4759.25
SL-0004834,STR-026,CAT-02,2023-05-01,2023,5,716,378,10929.58,8825.18,448.68,2104.4
SL-0004835,STR-026,CAT-03,2023-05-01,2023,5,363,197,12757.75,7994.2,520.7,4763.55
SL-0004836,STR-026,CAT-04,2023-05-01,2023,5,631,393,11241.79,7175.15,377.81,4066.64
SL-0004837,STR-026,CAT-05,2023-05-01,2023,5,380,202,9699.62,4461.48,421.16,5238.14
SL-0004838,STR-026,CAT-06,2023-05-01,2023,5,273,151,9175.67,7237.14,205.86,1938.53
SL-0004839,STR-026,CAT-07,2023-05-01,2023,5,250,181,9907.94,5861.66,282.37,4046.28
SL-0004840,STR-026,CAT-08,2023-05-01,2023,5,379,216,7038.42,4785.96,117.43,2252.46
SL-0004841,STR-026,CAT-01,2023-06-01,2023,6,594,350,14373.9,8618.83,286.9,5755.07
SL-0004842,STR-026,CAT-02,2023-06-01,2023,6,256,123,10772.23,8855.44,495.9,1916.79
SL-0004843,STR-026,CAT-03,2023-06-01,2023,6,281,208,9897.44,6141.71,578.74,3755.73
SL-0004844,STR-026,CAT-04,2023-06-01,2023,6,947,467,22333.2,13645.75,767.63,8687.45
SL-0004845,STR-026,CAT-05,2023-06-01,2023,6,361,194,9190.32,4268.35,191.25,4921.97
SL-0004846,STR-026,CAT-06,2023-06-01,2023,6,393,192,11467.72,8883.01,211.58,2584.71
SL-0004847,STR-026,CAT-07,2023-06-01,2023,6,372,180,9613.79,5927.41,208.81,3686.38
SL-0004848,STR-026,CAT-08,2023-06-01,2023,6,225,122,7201.33,5159.13,151.1,2042.2
SL-0004849,STR-026,CAT-01,2023-07-01,2023,7,463,271,9102.85,5294.31,143.72,3808.54
SL-0004850,STR-026,CAT-02,2023-07-01,2023,7,439,242,13703.86,10528.22,155.61,3175.64
SL-0004851,STR-026,CAT-03,2023-07-01,2023,7,705,419,11442.16,6862.63,263.03,4579.53
SL-0004852,STR-026,CAT-04,2023-07-01,2023,7,305,181,7475.75,5068.89,171.75,2406.86
SL-0004853,STR-026,CAT-05,2023-07-01,2023,7,377,231,9588.47,4413.56,349.38,5174.91
SL-0004854,STR-026,CAT-06,2023-07-01,2023,7,323,206,15099.83,11331.93,323.91,3767.9
SL-0004855,STR-026,CAT-07,2023-07-01,2023,7,370,245,10225.5,6095.74,233.92,4129.76
SL-0004856,STR-026,CAT-08,2023-07-01,2023,7,436,211,12011.69,8332.63,370.17,3679.06
SL-0004857,STR-026,CAT-01,2023-08-01,2023,8,435,269,14130.2,7921.8,734.76,6208.4
SL-0004858,STR-026,CAT-02,2023-08-01,2023,8,463,231,10150.71,7639.57,444.1,2511.14
SL-0004859,STR-026,CAT-03,2023-08-01,2023,8,779,378,17938.05,10945.83,637.08,6992.22
SL-0004860,STR-026,CAT-04,2023-08-01,2023,8,802,428,22204.55,13815.03,477.77,8389.52
SL-0004861,STR-026,CAT-05,2023-08-01,2023,8,1045,646,17042.23,7758.58,547.82,9283.65
SL-0004862,STR-026,CAT-06,2023-08-01,2023,8,575,477,16403.19,12545.22,764.98,3857.97
SL-0004863,STR-026,CAT-07,2023-08-01,2023,8,551,293,14167.14,8853.12,502.08,5314.02
SL-0004864,STR-026,CAT-08,2023-08-01,2023,8,565,331,20349.99,14351.85,912.31,5998.14
SL-0004865,STR-026,CAT-01,2023-09-01,2023,9,582,429,11110.01,6428.66,334.39,4681.35
SL-0004866,STR-026,CAT-02,2023-09-01,2023,9,485,238,7800.98,6253.04,81.74,1547.94
SL-0004867,STR-026,CAT-03,2023-09-01,2023,9,361,174,13946.62,8877.66,332.74,5068.96
SL-0004868,STR-026,CAT-04,2023-09-01,2023,9,470,252,8370.01,5575.68,216.39,2794.33
SL-0004869,STR-026,CAT-05,2023-09-01,2023,9,295,185,11357.89,4952.88,646.22,6405.01
SL-0004870,STR-026,CAT-06,2023-09-01,2023,9,393,219,7966.27,6320.68,252.64,1645.59
SL-0004871,STR-026,CAT-07,2023-09-01,2023,9,155,106,6008.0,3615.07,87.05,2392.93
SL-0004872,STR-026,CAT-08,2023-09-01,2023,9,444,204,14047.27,9459.86,773.15,4587.41
SL-0004873,STR-026,CAT-01,2023-10-01,2023,10,418,304,8744.75,4879.72,512.23,3865.03
SL-0004874,STR-026,CAT-02,2023-10-01,2023,10,465,231,12164.55,9802.06,306.08,2362.49
SL-0004875,STR-026,CAT-03,2023-10-01,2023,10,454,231,15797.83,9317.37,435.16,6480.46
SL-0004876,STR-026,CAT-04,2023-10-01,2023,10,224,200,10185.51,6497.05,518.89,3688.46
SL-0004877,STR-026,CAT-05,2023-10-01,2023,10,632,316,16087.56,6766.1,756.6,9321.46
SL-0004878,STR-026,CAT-06,2023-10-01,2023,10,495,254,13389.09,10402.12,323.31,2986.97
SL-0004879,STR-026,CAT-07,2023-10-01,2023,10,573,304,18647.68,11684.17,1046.03,6963.51
SL-0004880,STR-026,CAT-08,2023-10-01,2023,10,266,170,7561.98,4990.26,387.17,2571.72
SL-0004881,STR-026,CAT-01,2023-11-01,2023,11,582,292,13608.46,7749.11,423.06,5859.35
SL-0004882,STR-026,CAT-02,2023-11-01,2023,11,680,325,17877.26,15206.82,1008.22,2670.44
SL-0004883,STR-026,CAT-03,2023-11-01,2023,11,445,277,16273.24,9701.39,665.7,6571.85
SL-0004884,STR-026,CAT-04,2023-11-01,2023,11,558,343,12093.83,7968.4,516.54,4125.43
SL-0004885,STR-026,CAT-05,2023-11-01,2023,11,441,309,12308.65,5707.03,379.29,6601.62
SL-0004886,STR-026,CAT-06,2023-11-01,2023,11,316,171,13238.0,10260.45,435.81,2977.55
SL-0004887,STR-026,CAT-07,2023-11-01,2023,11,1154,656,16773.38,9843.3,534.32,6930.08
SL-0004888,STR-026,CAT-08,2023-11-01,2023,11,560,319,18349.29,13306.99,279.47,5042.3
SL-0004889,STR-026,CAT-01,2023-12-01,2023,12,782,548,13377.69,7740.86,330.65,5636.83
SL-0004890,STR-026,CAT-02,2023-12-01,2023,12,323,223,15416.17,13078.52,564.51,2337.65
SL-0004891,STR-026,CAT-03,2023-12-01,2023,12,820,694,21370.16,12981.76,1045.55,8388.4
SL-0004892,STR-026,CAT-04,2023-12-01,2023,12,304,155,6926.25,4463.16,148.8,2463.09
SL-0004893,STR-026,CAT-05,2023-12-01,2023,12,1602,914,16705.7,7740.57,278.44,8965.13
SL-0004894,STR-026,CAT-06,2023-12-01,2023,12,487,275,10965.9,8725.41,549.41,2240.49
SL-0004895,STR-026,CAT-07,2023-12-01,2023,12,861,583,25473.84,14834.85,1402.89,10638.99
SL-0004896,STR-026,CAT-08,2023-12-01,2023,12,1112,517,22560.47,15949.0,835.93,6611.47
SL-0004897,STR-026,CAT-01,2024-01-01,2024,1,349,202,12937.69,7473.98,757.52,5463.71
SL-0004898,STR-026,CAT-02,2024-01-01,2024,1,218,153,6452.13,5288.93,149.13,1163.2
SL-0004899,STR-026,CAT-03,2024-01-01,2024,1,164,83,4415.14,2658.2,52.07,1756.94
SL-0004900,STR-026,CAT-04,2024-01-01,2024,1,327,208,5941.85,3801.42,282.32,2140.43
SL-0004901,STR-026,CAT-05,2024-01-01,2024,1,195,151,6366.51,2810.91,122.94,3555.6
SL-0004902,STR-026,CAT-06,2024-01-01,2024,1,205,105,6328.15,5106.21,86.95,1221.94
SL-0004903,STR-026,CAT-07,2024-01-01,2024,1,201,118,5193.44,3013.61,165.35,2179.83
SL-0004904,STR-026,CAT-08,2024-01-01,2024,1,278,135,9031.15,6009.09,376.27,3022.06
SL-0004905,STR-026,CAT-01,2024-02-01,2024,2,250,126,6025.52,3209.29,221.41,2816.23
SL-0004906,STR-026,CAT-02,2024-02-01,2024,2,130,80,4609.06,3755.18,123.68,853.88
SL-0004907,STR-026,CAT-03,2024-02-01,2024,2,479,362,8736.44,5458.46,328.16,3277.98
SL-0004908,STR-026,CAT-04,2024-02-01,2024,2,239,130,8002.91,5270.66,339.03,2732.25
SL-0004909,STR-026,CAT-05,2024-02-01,2024,2,262,124,8464.19,3710.79,235.67,4753.4
SL-0004910,STR-026,CAT-06,2024-02-01,2024,2,420,224,8515.63,7072.3,245.12,1443.33
SL-0004911,STR-026,CAT-07,2024-02-01,2024,2,210,106,3767.03,2322.6,118.68,1444.43
SL-0004912,STR-026,CAT-08,2024-02-01,2024,2,179,72,5985.74,4042.62,183.73,1943.12
SL-0004913,STR-026,CAT-01,2024-03-01,2024,3,387,233,9642.7,5393.06,573.05,4249.64
SL-0004914,STR-026,CAT-02,2024-03-01,2024,3,345,340,6214.38,5041.08,313.62,1173.3
SL-0004915,STR-026,CAT-03,2024-03-01,2024,3,239,126,6734.47,4348.2,386.33,2386.27
SL-0004916,STR-026,CAT-04,2024-03-01,2024,3,482,222,7868.65,5368.43,398.07,2500.22
SL-0004917,STR-026,CAT-05,2024-03-01,2024,3,238,116,8946.81,4156.53,100.32,4790.28
SL-0004918,STR-026,CAT-06,2024-03-01,2024,3,215,133,8017.87,6237.55,195.86,1780.32
SL-0004919,STR-026,CAT-07,2024-03-01,2024,3,306,137,9252.62,5176.88,272.66,4075.74
SL-0004920,STR-026,CAT-08,2024-03-01,2024,3,367,201,11283.12,8439.42,333.24,2843.7
SL-0004921,STR-026,CAT-01,2024-04-01,2024,4,211,110,8130.75,4748.42,311.88,3382.33
SL-0004922,STR-026,CAT-02,2024-04-01,2024,4,415,210,11292.47,9101.87,548.47,2190.6
SL-0004923,STR-026,CAT-03,2024-04-01,2024,4,292,131,12645.59,7693.33,257.56,4952.26
SL-0004924,STR-026,CAT-04,2024-04-01,2024,4,193,102,7083.99,4742.74,125.79,2341.25
SL-0004925,STR-026,CAT-05,2024-04-01,2024,4,356,181,7788.74,3582.63,288.08,4206.11
SL-0004926,STR-026,CAT-06,2024-04-01,2024,4,605,441,8264.59,6212.22,470.82,2052.37
SL-0004927,STR-026,CAT-07,2024-04-01,2024,4,276,149,8038.16,4847.36,263.54,3190.8
SL-0004928,STR-026,CAT-08,2024-04-01,2024,4,253,124,8263.21,5970.11,294.28,2293.1
SL-0004929,STR-026,CAT-01,2024-05-01,2024,5,397,257,13247.55,7497.89,563.76,5749.66
SL-0004930,STR-026,CAT-02,2024-05-01,2024,5,414,251,12432.55,9903.96,382.5,2528.59
SL-0004931,STR-026,CAT-03,2024-05-01,2024,5,404,231,11452.16,7146.22,450.18,4305.94
SL-0004932,STR-026,CAT-04,2024-05-01,2024,5,467,272,12865.97,8024.16,613.85,4841.81
SL-0004933,STR-026,CAT-05,2024-05-01,2024,5,328,208,9067.73,3884.52,484.14,5183.21
SL-0004934,STR-026,CAT-06,2024-05-01,2024,5,357,224,11208.88,8755.0,247.28,2453.88
SL-0004935,STR-026,CAT-07,2024-05-01,2024,5,167,85,5886.42,3554.43,256.13,2331.99
SL-0004936,STR-026,CAT-08,2024-05-01,2024,5,673,331,13075.6,9147.74,459.56,3927.86
SL-0004937,STR-026,CAT-01,2024-06-01,2024,6,461,249,11471.51,6636.78,189.92,4834.73
SL-0004938,STR-026,CAT-02,2024-06-01,2024,6,175,121,4915.86,4214.63,218.45,701.23
SL-0004939,STR-026,CAT-03,2024-06-01,2024,6,266,159,8267.83,5026.64,127.77,3241.19
SL-0004940,STR-026,CAT-04,2024-06-01,2024,6,377,203,11393.77,7309.09,621.72,4084.68
SL-0004941,STR-026,CAT-05,2024-06-01,2024,6,317,192,12757.99,6110.25,722.52,6647.74
SL-0004942,STR-026,CAT-06,2024-06-01,2024,6,425,254,11494.92,8851.41,664.38,2643.51
SL-0004943,STR-026,CAT-07,2024-06-01,2024,6,425,201,9091.24,5410.19,471.02,3681.05
SL-0004944,STR-026,CAT-08,2024-06-01,2024,6,494,252,11658.65,8068.79,517.37,3589.86
SL-0004945,STR-026,CAT-01,2024-07-01,2024,7,355,181,12528.87,6984.18,520.13,5544.69
SL-0004946,STR-026,CAT-02,2024-07-01,2024,7,192,97,7168.5,5853.59,418.28,1314.91
SL-0004947,STR-026,CAT-03,2024-07-01,2024,7,296,144,6849.22,4375.3,71.86,2473.92
SL-0004948,STR-026,CAT-04,2024-07-01,2024,7,363,191,12042.39,8000.85,469.23,4041.54
SL-0004949,STR-026,CAT-05,2024-07-01,2024,7,338,183,7509.99,3666.74,142.9,3843.25
SL-0004950,STR-026,CAT-06,2024-07-01,2024,7,281,163,9716.9,7796.51,227.18,1920.39
SL-0004951,STR-026,CAT-07,2024-07-01,2024,7,155,75,6901.05,4194.93,222.08,2706.12
SL-0004952,STR-026,CAT-08,2024-07-01,2024,7,217,115,8377.92,5956.34,310.75,2421.58
SL-0004953,STR-026,CAT-01,2024-08-01,2024,8,483,240,14253.11,8192.86,747.08,6060.25
SL-0004954,STR-026,CAT-02,2024-08-01,2024,8,392,232,9008.9,7667.58,273.04,1341.32
SL-0004955,STR-026,CAT-03,2024-08-01,2024,8,400,225,11088.02,6553.62,431.34,4534.4
SL-0004956,STR-026,CAT-04,2024-08-01,2024,8,423,186,15296.1,10129.86,596.96,5166.24
SL-0004957,STR-026,CAT-05,2024-08-01,2024,8,363,185,10070.81,4673.72,416.17,5397.09
SL-0004958,STR-026,CAT-06,2024-08-01,2024,8,260,157,6974.56,5273.01,80.76,1701.55
SL-0004959,STR-026,CAT-07,2024-08-01,2024,8,512,341,9030.71,5262.48,418.34,3768.23
SL-0004960,STR-026,CAT-08,2024-08-01,2024,8,654,365,10482.62,7163.88,241.79,3318.74
SL-0004961,STR-026,CAT-01,2024-09-01,2024,9,353,186,10282.07,5710.92,349.84,4571.15
SL-0004962,STR-026,CAT-02,2024-09-01,2024,9,245,137,9515.22,7620.56,506.69,1894.66
SL-0004963,STR-026,CAT-03,2024-09-01,2024,9,522,278,11733.89,7187.7,341.37,4546.19
SL-0004964,STR-026,CAT-04,2024-09-01,2024,9,262,148,9988.07,6514.38,569.99,3473.69
SL-0004965,STR-026,CAT-05,2024-09-01,2024,9,414,192,11415.15,5347.29,207.5,6067.86
SL-0004966,STR-026,CAT-06,2024-09-01,2024,9,166,94,5295.17,4116.04,295.61,1179.13
SL-0004967,STR-026,CAT-07,2024-09-01,2024,9,386,190,11051.16,6728.48,659.4,4322.68
SL-0004968,STR-026,CAT-08,2024-09-01,2024,9,342,203,10892.29,7992.37,606.62,2899.92
SL-0004969,STR-026,CAT-01,2024-10-01,2024,10,216,154,9512.06,5239.38,265.94,4272.68
SL-0004970,STR-026,CAT-02,2024-10-01,2024,10,546,277,10545.12,8954.83,144.64,1590.29
SL-0004971,STR-026,CAT-03,2024-10-01,2024,10,495,351,12147.48,7843.39,293.59,4304.09
SL-0004972,STR-026,CAT-04,2024-10-01,2024,10,3427,1586,8928.75,5778.27,456.51,3150.48
SL-0004973,STR-026,CAT-05,2024-10-01,2024,10,486,356,12765.74,5819.18,689.25,6946.56
SL-0004974,STR-026,CAT-06,2024-10-01,2024,10,571,266,13197.84,10642.82,193.61,2555.02
SL-0004975,STR-026,CAT-07,2024-10-01,2024,10,187,104,7048.32,4217.91,88.27,2830.41
SL-0004976,STR-026,CAT-08,2024-10-01,2024,10,315,151,10190.98,6659.68,107.39,3531.3
SL-0004977,STR-026,CAT-01,2024-11-01,2024,11,230,97,8516.47,4770.86,471.75,3745.61
SL-0004978,STR-026,CAT-02,2024-11-01,2024,11,529,341,12070.47,9807.86,177.27,2262.61
SL-0004979,STR-026,CAT-03,2024-11-01,2024,11,641,392,12239.7,7751.71,630.74,4487.99
SL-0004980,STR-026,CAT-04,2024-11-01,2024,11,279,133,8180.75,5338.35,105.6,2842.4
SL-0004981,STR-026,CAT-05,2024-11-01,2024,11,884,461,17108.76,7622.52,991.16,9486.24
SL-0004982,STR-026,CAT-06,2024-11-01,2024,11,448,223,16435.48,12870.25,313.03,3565.23
SL-0004983,STR-026,CAT-07,2024-11-01,2024,11,2033,1251,18451.97,11199.67,652.28,7252.3
SL-0004984,STR-026,CAT-08,2024-11-01,2024,11,281,152,7988.52,5417.48,220.96,2571.04
SL-0004985,STR-026,CAT-01,2024-12-01,2024,12,636,493,16250.83,9045.0,820.23,7205.83
SL-0004986,STR-026,CAT-02,2024-12-01,2024,12,775,583,13722.37,11468.49,314.84,2253.88
SL-0004987,STR-026,CAT-03,2024-12-01,2024,12,413,242,12522.54,7812.62,403.35,4709.92
SL-0004988,STR-026,CAT-04,2024-12-01,2024,12,165,78,6421.33,4036.87,342.3,2384.46
SL-0004989,STR-026,CAT-05,2024-12-01,2024,12,377,265,14564.24,6250.25,217.85,8313.99
SL-0004990,STR-026,CAT-06,2024-12-01,2024,12,622,284,10594.43,8090.14,585.53,2504.29
SL-0004991,STR-026,CAT-07,2024-12-01,2024,12,2026,1184,36586.31,22109.62,2181.31,14476.69
SL-0004992,STR-026,CAT-08,2024-12-01,2024,12,653,281,16795.08,11685.5,846.73,5109.58
SL-0004993,STR-027,CAT-01,2023-01-01,2023,1,582,286,13725.16,7623.06,264.15,6102.1
SL-0004994,STR-027,CAT-02,2023-01-01,2023,1,244,110,8069.04,6629.62,216.24,1439.42
SL-0004995,STR-027,CAT-03,2023-01-01,2023,1,768,376,18120.13,10888.11,429.68,7232.02
SL-0004996,STR-027,CAT-04,2023-01-01,2023,1,741,406,18256.36,11850.09,1058.98,6406.27
SL-0004997,STR-027,CAT-05,2023-01-01,2023,1,592,405,18629.76,8541.72,629.93,10088.04
SL-0004998,STR-027,CAT-06,2023-01-01,2023,1,669,476,14207.0,11668.13,185.66,2538.87
SL-0004999,STR-027,CAT-07,2023-01-01,2023,1,1437,844,10585.87,6460.93,270.14,4124.94
SL-0005000,STR-027,CAT-08,2023-01-01,2023,1,585,353,13642.72,9840.02,795.9,3802.7
SL-0005001,STR-027,CAT-01,2023-02-01,2023,2,208,96,8815.13,5018.63,258.06,3796.5
SL-0005002,STR-027,CAT-02,2023-02-01,2023,2,360,186,12220.4,9839.76,400.93,2380.64
SL-0005003,STR-027,CAT-03,2023-02-01,2023,2,520,222,15394.1,9720.51,302.2,5673.59
SL-0005004,STR-027,CAT-04,2023-02-01,2023,2,324,170,9116.21,6041.0,344.79,3075.21
SL-0005005,STR-027,CAT-05,2023-02-01,2023,2,637,277,17428.17,7516.05,1003.99,9912.12
SL-0005006,STR-027,CAT-06,2023-02-01,2023,2,493,260,15903.58,12472.15,636.02,3431.43
SL-0005007,STR-027,CAT-07,2023-02-01,2023,2,209,113,6361.41,3843.13,177.56,2518.28
SL-0005008,STR-027,CAT-08,2023-02-01,2023,2,286,196,9591.88,6405.71,151.78,3186.17
SL-0005009,STR-027,CAT-01,2023-03-01,2023,3,637,383,19953.14,11152.72,284.72,8800.42
SL-0005010,STR-027,CAT-02,2023-03-01,2023,3,678,397,19061.2,15287.33,829.84,3773.87
SL-0005011,STR-027,CAT-03,2023-03-01,2023,3,568,286,15412.78,9621.76,277.47,5791.02
SL-0005012,STR-027,CAT-04,2023-03-01,2023,3,540,292,16128.74,10486.81,451.63,5641.93
SL-0005013,STR-027,CAT-05,2023-03-01,2023,3,1690,855,20590.25,9242.58,769.5,11347.67
SL-0005014,STR-027,CAT-06,2023-03-01,2023,3,934,649,19842.29,15884.86,1098.27,3957.43
SL-0005015,STR-027,CAT-07,2023-03-01,2023,3,587,260,16522.52,9764.89,304.18,6757.63
SL-0005016,STR-027,CAT-08,2023-03-01,2023,3,485,257,13218.92,9154.93,634.59,4063.99
SL-0005017,STR-027,CAT-01,2023-04-01,2023,4,463,269,14259.42,8159.12,532.38,6100.3
SL-0005018,STR-027,CAT-02,2023-04-01,2023,4,857,393,18213.11,15687.36,583.74,2525.75
SL-0005019,STR-027,CAT-03,2023-04-01,2023,4,493,245,16177.65,9885.07,552.92,6292.58
SL-0005020,STR-027,CAT-04,2023-04-01,2023,4,620,276,23655.41,15981.28,332.49,7674.13
SL-0005021,STR-027,CAT-05,2023-04-01,2023,4,608,332,12975.26,5964.28,740.06,7010.98
SL-0005022,STR-027,CAT-06,2023-04-01,2023,4,807,440,16699.73,13658.27,865.94,3041.46
SL-0005023,STR-027,CAT-07,2023-04-01,2023,4,728,391,16846.38,10511.95,611.37,6334.43
SL-0005024,STR-027,CAT-08,2023-04-01,2023,4,519,244,18036.1,12740.35,508.4,5295.75
SL-0005025,STR-027,CAT-01,2023-05-01,2023,5,981,553,19956.93,11474.48,963.19,8482.45
SL-0005026,STR-027,CAT-02,2023-05-01,2023,5,941,501,22128.88,17605.26,1101.85,4523.62
SL-0005027,STR-027,CAT-03,2023-05-01,2023,5,522,244,16665.45,10047.1,630.7,6618.35
SL-0005028,STR-027,CAT-04,2023-05-01,2023,5,449,268,15286.3,9848.18,583.16,5438.12
SL-0005029,STR-027,CAT-05,2023-05-01,2023,5,1001,447,18669.13,8584.06,1017.83,10085.07
SL-0005030,STR-027,CAT-06,2023-05-01,2023,5,832,387,11972.65,9782.18,462.8,2190.47
SL-0005031,STR-027,CAT-07,2023-05-01,2023,5,447,292,13294.86,7496.56,179.42,5798.3
SL-0005032,STR-027,CAT-08,2023-05-01,2023,5,715,318,16357.87,11171.69,583.46,5186.18
SL-0005033,STR-027,CAT-01,2023-06-01,2023,6,1045,612,21221.64,12206.75,547.99,9014.89
SL-0005034,STR-027,CAT-02,2023-06-01,2023,6,551,321,12554.2,10054.65,454.27,2499.55
SL-0005035,STR-027,CAT-03,2023-06-01,2023,6,661,290,21843.75,13923.68,252.98,7920.07
SL-0005036,STR-027,CAT-04,2023-06-01,2023,6,648,330,20931.0,13613.7,503.32,7317.3
SL-0005037,STR-027,CAT-05,2023-06-01,2023,6,774,453,24412.0,10334.83,758.08,14077.17
SL-0005038,STR-027,CAT-06,2023-06-01,2023,6,1198,701,25044.9,19882.64,412.82,5162.26
SL-0005039,STR-027,CAT-07,2023-06-01,2023,6,512,298,20031.67,12176.79,1084.67,7854.88
SL-0005040,STR-027,CAT-08,2023-06-01,2023,6,959,650,24803.09,17021.85,1021.08,7781.24
SL-0005041,STR-027,CAT-01,2023-07-01,2023,7,418,267,14969.28,8317.43,808.24,6651.85
SL-0005042,STR-027,CAT-02,2023-07-01,2023,7,698,382,15344.44,12727.48,370.46,2616.96
SL-0005043,STR-027,CAT-03,2023-07-01,2023,7,516,293,11395.87,6784.82,224.81,4611.05
SL-0005044,STR-027,CAT-04,2023-07-01,2023,7,544,298,11157.6,6965.34,504.78,4192.26
SL-0005045,STR-027,CAT-05,2023-07-01,2023,7,578,383,17951.42,8059.07,796.0,9892.35
SL-0005046,STR-027,CAT-06,2023-07-01,2023,7,1070,619,12963.56,10219.9,661.21,2743.66
SL-0005047,STR-027,CAT-07,2023-07-01,2023,7,760,360,14879.97,8559.06,377.68,6320.91
SL-0005048,STR-027,CAT-08,2023-07-01,2023,7,266,136,9847.54,6909.51,515.28,2938.03
SL-0005049,STR-027,CAT-01,2023-08-01,2023,8,775,572,19500.35,11484.57,698.0,8015.78
SL-0005050,STR-027,CAT-02,2023-08-01,2023,8,530,309,17201.68,13731.11,330.34,3470.57
SL-0005051,STR-027,CAT-03,2023-08-01,2023,8,370,205,16305.31,10229.0,250.74,6076.31
SL-0005052,STR-027,CAT-04,2023-08-01,2023,8,669,339,18424.74,11762.74,441.84,6662.0
SL-0005053,STR-027,CAT-05,2023-08-01,2023,8,1917,1198,19377.58,8624.83,908.41,10752.75
SL-0005054,STR-027,CAT-06,2023-08-01,2023,8,1031,538,25314.29,20747.65,1281.56,4566.64
SL-0005055,STR-027,CAT-07,2023-08-01,2023,8,232,169,9102.72,5372.85,293.28,3729.87
SL-0005056,STR-027,CAT-08,2023-08-01,2023,8,391,273,13605.39,9624.55,713.16,3980.84
SL-0005057,STR-027,CAT-01,2023-09-01,2023,9,469,298,14976.64,8167.0,726.51,6809.64
SL-0005058,STR-027,CAT-02,2023-09-01,2023,9,234,175,8491.59,7075.84,307.92,1415.75
SL-0005059,STR-027,CAT-03,2023-09-01,2023,9,401,230,12535.42,7897.21,501.02,4638.21
SL-0005060,STR-027,CAT-04,2023-09-01,2023,9,829,520,19725.47,12778.98,609.98,6946.49
SL-0005061,STR-027,CAT-05,2023-09-01,2023,9,480,277,19800.14,8751.97,475.49,11048.17
SL-0005062,STR-027,CAT-06,2023-09-01,2023,9,693,349,17312.53,14158.27,546.37,3154.26
SL-0005063,STR-027,CAT-07,2023-09-01,2023,9,553,326,21666.51,12709.34,1211.2,8957.17
SL-0005064,STR-027,CAT-08,2023-09-01,2023,9,405,265,11613.47,7693.88,638.49,3919.59
SL-0005065,STR-027,CAT-01,2023-10-01,2023,10,1544,908,15720.14,9149.62,859.63,6570.52
SL-0005066,STR-027,CAT-02,2023-10-01,2023,10,935,528,23821.7,18899.87,1197.57,4921.83
SL-0005067,STR-027,CAT-03,2023-10-01,2023,10,1096,522,23928.16,15055.24,521.55,8872.92
SL-0005068,STR-027,CAT-04,2023-10-01,2023,10,396,224,14617.4,9461.04,249.49,5156.36
SL-0005069,STR-027,CAT-05,2023-10-01,2023,10,398,310,11982.69,5378.73,668.26,6603.96
SL-0005070,STR-027,CAT-06,2023-10-01,2023,10,551,283,20884.2,16925.63,819.12,3958.57
SL-0005071,STR-027,CAT-07,2023-10-01,2023,10,429,250,10547.54,6258.28,287.22,4289.26
SL-0005072,STR-027,CAT-08,2023-10-01,2023,10,1098,615,27978.23,19129.25,1288.46,8848.98
SL-0005073,STR-027,CAT-01,2023-11-01,2023,11,574,292,20464.86,12069.63,759.77,8395.23
SL-0005074,STR-027,CAT-02,2023-11-01,2023,11,923,478,22620.88,18664.46,1171.8,3956.42
SL-0005075,STR-027,CAT-03,2023-11-01,2023,11,1103,577,25786.69,15982.33,1224.84,9804.36
SL-0005076,STR-027,CAT-04,2023-11-01,2023,11,349,236,11966.79,7221.07,366.12,4745.72
SL-0005077,STR-027,CAT-05,2023-11-01,2023,11,615,313,21487.21,9633.55,479.9,11853.66
SL-0005078,STR-027,CAT-06,2023-11-01,2023,11,933,482,16792.74,14100.14,931.81,2692.6
SL-0005079,STR-027,CAT-07,2023-11-01,2023,11,940,468,27260.25,15642.5,1288.43,11617.75
SL-0005080,STR-027,CAT-08,2023-11-01,2023,11,1652,1032,27169.69,18541.39,1154.28,8628.3
SL-0005081,STR-027,CAT-01,2023-12-01,2023,12,716,322,22222.89,12326.75,688.23,9896.14
SL-0005082,STR-027,CAT-02,2023-12-01,2023,12,2271,1193,48282.14,40460.72,1568.87,7821.42
SL-0005083,STR-027,CAT-03,2023-12-01,2023,12,986,496,23310.79,13979.64,971.65,9331.15
SL-0005084,STR-027,CAT-04,2023-12-01,2023,12,376,268,15082.04,9649.4,814.42,5432.64
SL-0005085,STR-027,CAT-05,2023-12-01,2023,12,451,233,19467.26,8650.5,818.9,10816.76
SL-0005086,STR-027,CAT-06,2023-12-01,2023,12,1264,760,19932.08,15480.73,1127.43,4451.35
SL-0005087,STR-027,CAT-07,2023-12-01,2023,12,1529,883,48162.75,29559.88,1159.35,18602.87
SL-0005088,STR-027,CAT-08,2023-12-01,2023,12,756,492,18188.47,13312.23,580.63,4876.24
SL-0005089,STR-027,CAT-01,2024-01-01,2024,1,408,220,16895.75,10109.08,513.62,6786.67
SL-0005090,STR-027,CAT-02,2024-01-01,2024,1,368,222,11781.67,9561.84,577.27,2219.83
SL-0005091,STR-027,CAT-03,2024-01-01,2024,1,487,234,14195.8,8862.93,288.41,5332.87
SL-0005092,STR-027,CAT-04,2024-01-01,2024,1,703,462,18801.92,12834.26,890.27,5967.66
SL-0005093,STR-027,CAT-05,2024-01-01,2024,1,396,244,11013.83,4881.2,284.59,6132.63
SL-0005094,STR-027,CAT-06,2024-01-01,2024,1,462,253,10658.53,8146.8,507.65,2511.73
SL-0005095,STR-027,CAT-07,2024-01-01,2024,1,215,191,6594.85,4044.64,220.99,2550.21
SL-0005096,STR-027,CAT-08,2024-01-01,2024,1,426,237,10075.26,7035.42,548.0,3039.84
SL-0005097,STR-027,CAT-01,2024-02-01,2024,2,278,138,10133.15,5881.92,445.8,4251.23
SL-0005098,STR-027,CAT-02,2024-02-01,2024,2,334,290,10615.05,8818.31,206.19,1796.74
SL-0005099,STR-027,CAT-03,2024-02-01,2024,2,307,214,11968.49,7367.94,285.77,4600.55
SL-0005100,STR-027,CAT-04,2024-02-01,2024,2,201,192,7725.97,5329.92,447.44,2396.05
SL-0005101,STR-027,CAT-05,2024-02-01,2024,2,584,377,15685.95,7069.14,717.92,8616.81
SL-0005102,STR-027,CAT-06,2024-02-01,2024,2,562,264,14289.72,10819.42,340.31,3470.3
SL-0005103,STR-027,CAT-07,2024-02-01,2024,2,414,222,9327.69,5503.69,524.71,3824.0
SL-0005104,STR-027,CAT-08,2024-02-01,2024,2,298,170,11064.68,7683.52,499.14,3381.16
SL-0005105,STR-027,CAT-01,2024-03-01,2024,3,361,249,14876.59,8311.79,668.41,6564.8
SL-0005106,STR-027,CAT-02,2024-03-01,2024,3,441,207,11187.5,9568.38,156.44,1619.12
SL-0005107,STR-027,CAT-03,2024-03-01,2024,3,886,513,20356.41,13119.05,329.99,7237.36
SL-0005108,STR-027,CAT-04,2024-03-01,2024,3,811,420,21655.12,13984.95,1112.43,7670.17
SL-0005109,STR-027,CAT-05,2024-03-01,2024,3,664,367,19415.27,8899.25,545.03,10516.02
SL-0005110,STR-027,CAT-06,2024-03-01,2024,3,1156,682,24951.54,19798.3,1470.36,5153.24
SL-0005111,STR-027,CAT-07,2024-03-01,2024,3,724,424,16126.09,9501.56,672.3,6624.53
SL-0005112,STR-027,CAT-08,2024-03-01,2024,3,1036,487,25987.59,18005.89,561.78,7981.7
SL-0005113,STR-027,CAT-01,2024-04-01,2024,4,528,256,13380.59,8017.67,161.53,5362.92
SL-0005114,STR-027,CAT-02,2024-04-01,2024,4,333,179,12730.7,10739.6,273.01,1991.1
SL-0005115,STR-027,CAT-03,2024-04-01,2024,4,1353,627,31749.76,19942.53,938.54,11807.23
SL-0005116,STR-027,CAT-04,2024-04-01,2024,4,1631,783,28155.44,18558.74,1238.38,9596.7
SL-0005117,STR-027,CAT-05,2024-04-01,2024,4,479,248,17446.31,7721.5,329.23,9724.81
SL-0005118,STR-027,CAT-06,2024-04-01,2024,4,393,318,14635.11,11359.47,257.88,3275.64
SL-0005119,STR-027,CAT-07,2024-04-01,2024,4,711,427,17696.08,10635.79,293.33,7060.29
SL-0005120,STR-027,CAT-08,2024-04-01,2024,4,661,331,10568.21,7233.53,296.24,3334.68
SL-0005121,STR-027,CAT-01,2024-05-01,2024,5,931,685,18226.06,10668.59,885.59,7557.47
SL-0005122,STR-027,CAT-02,2024-05-01,2024,5,439,357,14459.86,11801.81,472.4,2658.05
SL-0005123,STR-027,CAT-03,2024-05-01,2024,5,486,242,10568.92,6333.5,465.97,4235.42
SL-0005124,STR-027,CAT-04,2024-05-01,2024,5,823,363,24576.61,15354.15,1381.91,9222.46
SL-0005125,STR-027,CAT-05,2024-05-01,2024,5,639,369,14468.59,6296.31,424.97,8172.28
SL-0005126,STR-027,CAT-06,2024-05-01,2024,5,420,268,10999.53,7642.4,410.53,3357.13
SL-0005127,STR-027,CAT-07,2024-05-01,2024,5,514,256,12066.97,7218.7,303.84,4848.27
SL-0005128,STR-027,CAT-08,2024-05-01,2024,5,324,156,10805.66,7579.8,129.86,3225.86
SL-0005129,STR-027,CAT-01,2024-06-01,2024,6,568,348,16224.79,9659.5,734.05,6565.29
SL-0005130,STR-027,CAT-02,2024-06-01,2024,6,740,304,17028.83,13806.07,203.37,3222.76
SL-0005131,STR-027,CAT-03,2024-06-01,2024,6,429,278,13354.96,7825.6,293.87,5529.36
SL-0005132,STR-027,CAT-04,2024-06-01,2024,6,691,403,15132.36,9813.11,212.08,5319.25
SL-0005133,STR-027,CAT-05,2024-06-01,2024,6,456,270,15463.17,6844.69,633.97,8618.48
SL-0005134,STR-027,CAT-06,2024-06-01,2024,6,840,395,20091.49,16122.12,1154.92,3969.37
SL-0005135,STR-027,CAT-07,2024-06-01,2024,6,392,255,13893.69,8149.38,557.53,5744.31
SL-0005136,STR-027,CAT-08,2024-06-01,2024,6,373,192,11762.18,8101.55,349.4,3660.63
SL-0005137,STR-027,CAT-01,2024-07-01,2024,7,307,139,13301.15,7750.25,183.7,5550.9
SL-0005138,STR-027,CAT-02,2024-07-01,2024,7,451,208,16886.25,14090.86,421.07,2795.39
SL-0005139,STR-027,CAT-03,2024-07-01,2024,7,1308,619,17444.23,9912.32,691.68,7531.91
SL-0005140,STR-027,CAT-04,2024-07-01,2024,7,230,137,10785.55,7001.83,331.54,3783.72
SL-0005141,STR-027,CAT-05,2024-07-01,2024,7,1085,591,22367.39,10125.26,658.02,12242.13
SL-0005142,STR-027,CAT-06,2024-07-01,2024,7,692,359,23981.35,19130.35,1137.39,4851.0
SL-0005143,STR-027,CAT-07,2024-07-01,2024,7,504,243,22218.76,12936.39,281.57,9282.37
SL-0005144,STR-027,CAT-08,2024-07-01,2024,7,752,456,19828.14,13795.6,1046.26,6032.54
SL-0005145,STR-027,CAT-01,2024-08-01,2024,8,977,625,17931.7,10197.19,778.22,7734.51
SL-0005146,STR-027,CAT-02,2024-08-01,2024,8,414,204,12338.07,10026.23,682.52,2311.84
SL-0005147,STR-027,CAT-03,2024-08-01,2024,8,673,361,19801.31,12358.37,377.23,7442.94
SL-0005148,STR-027,CAT-04,2024-08-01,2024,8,727,475,12685.35,8731.24,487.45,3954.11
SL-0005149,STR-027,CAT-05,2024-08-01,2024,8,470,199,19573.89,8987.18,286.47,10586.71
SL-0005150,STR-027,CAT-06,2024-08-01,2024,8,712,373,25945.78,22455.59,1125.03,3490.19
SL-0005151,STR-027,CAT-07,2024-08-01,2024,8,522,260,14160.11,8294.59,577.13,5865.52
SL-0005152,STR-027,CAT-08,2024-08-01,2024,8,1218,582,21996.6,15481.82,362.7,6514.78
SL-0005153,STR-027,CAT-01,2024-09-01,2024,9,463,214,14621.29,8125.26,155.9,6496.03
SL-0005154,STR-027,CAT-02,2024-09-01,2024,9,442,203,11880.1,9824.38,300.48,2055.72
SL-0005155,STR-027,CAT-03,2024-09-01,2024,9,1432,961,20371.73,13133.51,437.17,7238.22
SL-0005156,STR-027,CAT-04,2024-09-01,2024,9,761,547,18319.75,12356.03,200.05,5963.72
SL-0005157,STR-027,CAT-05,2024-09-01,2024,9,652,326,16329.81,7544.76,345.4,8785.05
SL-0005158,STR-027,CAT-06,2024-09-01,2024,9,535,331,17400.92,12919.42,691.46,4481.5
SL-0005159,STR-027,CAT-07,2024-09-01,2024,9,367,194,14571.87,8735.05,670.12,5836.82
SL-0005160,STR-027,CAT-08,2024-09-01,2024,9,562,267,17580.38,12487.89,951.64,5092.49
SL-0005161,STR-027,CAT-01,2024-10-01,2024,10,684,560,16831.29,9461.77,575.26,7369.52
SL-0005162,STR-027,CAT-02,2024-10-01,2024,10,1152,517,23832.25,18880.56,1065.85,4951.69
SL-0005163,STR-027,CAT-03,2024-10-01,2024,10,554,308,13031.98,8387.8,375.75,4644.18
SL-0005164,STR-027,CAT-04,2024-10-01,2024,10,308,174,10325.99,6556.96,442.05,3769.03
SL-0005165,STR-027,CAT-05,2024-10-01,2024,10,547,334,19577.68,8567.46,602.24,11010.22
SL-0005166,STR-027,CAT-06,2024-10-01,2024,10,440,216,17935.27,14244.8,872.0,3690.47
SL-0005167,STR-027,CAT-07,2024-10-01,2024,10,777,356,18872.41,11674.47,1098.75,7197.94
SL-0005168,STR-027,CAT-08,2024-10-01,2024,10,572,317,21978.07,15131.05,1198.8,6847.02
SL-0005169,STR-027,CAT-01,2024-11-01,2024,11,426,232,14939.73,8510.43,302.43,6429.3
SL-0005170,STR-027,CAT-02,2024-11-01,2024,11,1372,1096,40183.46,30841.28,986.92,9342.18
SL-0005171,STR-027,CAT-03,2024-11-01,2024,11,2310,1215,30292.58,19127.04,1690.03,11165.54
SL-0005172,STR-027,CAT-04,2024-11-01,2024,11,421,239,16279.25,11300.12,319.42,4979.13
SL-0005173,STR-027,CAT-05,2024-11-01,2024,11,899,452,21929.28,9869.21,1272.16,12060.07
SL-0005174,STR-027,CAT-06,2024-11-01,2024,11,579,292,24758.37,19666.61,586.76,5091.76
SL-0005175,STR-027,CAT-07,2024-11-01,2024,11,1576,969,36536.26,21880.89,969.97,14655.37
SL-0005176,STR-027,CAT-08,2024-11-01,2024,11,686,351,27804.77,18606.64,338.06,9198.13
SL-0005177,STR-027,CAT-01,2024-12-01,2024,12,685,349,16446.75,9173.42,626.22,7273.33
SL-0005178,STR-027,CAT-02,2024-12-01,2024,12,1016,571,34538.37,29099.54,1585.19,5438.83
SL-0005179,STR-027,CAT-03,2024-12-01,2024,12,522,253,12512.46,7527.79,175.07,4984.67
SL-0005180,STR-027,CAT-04,2024-12-01,2024,12,498,233,9772.67,6389.18,492.14,3383.49
SL-0005181,STR-027,CAT-05,2024-12-01,2024,12,462,237,17349.93,7762.74,597.37,9587.19
SL-0005182,STR-027,CAT-06,2024-12-01,2024,12,491,253,24078.74,18462.72,779.13,5616.02
SL-0005183,STR-027,CAT-07,2024-12-01,2024,12,1124,503,32192.88,19026.9,615.23,13165.98
SL-0005184,STR-027,CAT-08,2024-12-01,2024,12,860,430,24604.87,17159.01,1362.86,7445.86
SL-0005185,STR-028,CAT-01,2023-01-01,2023,1,978,594,26264.01,15547.71,1221.01,10716.3
SL-0005186,STR-028,CAT-02,2023-01-01,2023,1,700,316,24229.92,20845.14,975.14,3384.78
SL-0005187,STR-028,CAT-03,2023-01-01,2023,1,1676,800,28092.96,17878.49,360.45,10214.47
SL-0005188,STR-028,CAT-04,2023-01-01,2023,1,836,408,25769.1,16424.2,1455.46,9344.9
SL-0005189,STR-028,CAT-05,2023-01-01,2023,1,706,528,23542.69,10698.84,529.99,12843.85
SL-0005190,STR-028,CAT-06,2023-01-01,2023,1,848,440,26585.03,20152.15,755.19,6432.88
SL-0005191,STR-028,CAT-07,2023-01-01,2023,1,518,244,13340.85,7967.32,299.5,5373.53
SL-0005192,STR-028,CAT-08,2023-01-01,2023,1,821,512,28138.93,20151.92,765.87,7987.01
SL-0005193,STR-028,CAT-01,2023-02-01,2023,2,857,561,26249.49,15827.76,592.57,10421.73
SL-0005194,STR-028,CAT-02,2023-02-01,2023,2,319,169,10953.86,9095.28,128.93,1858.58
SL-0005195,STR-028,CAT-03,2023-02-01,2023,2,576,281,13218.58,8351.6,626.19,4866.98
SL-0005196,STR-028,CAT-04,2023-02-01,2023,2,428,238,14799.17,9602.35,462.47,5196.82
SL-0005197,STR-028,CAT-05,2023-02-01,2023,2,874,466,23908.5,10737.15,397.79,13171.35
SL-0005198,STR-028,CAT-06,2023-02-01,2023,2,673,344,25930.64,20008.16,679.09,5922.48
SL-0005199,STR-028,CAT-07,2023-02-01,2023,2,296,148,9541.81,5832.31,348.51,3709.5
SL-0005200,STR-028,CAT-08,2023-02-01,2023,2,443,241,10585.1,7716.52,113.18,2868.58
SL-0005201,STR-028,CAT-01,2023-03-01,2023,3,848,477,30798.5,17197.41,1538.62,13601.09
SL-0005202,STR-028,CAT-02,2023-03-01,2023,3,878,458,17817.02,14990.94,715.85,2826.08
SL-0005203,STR-028,CAT-03,2023-03-01,2023,3,684,388,18426.23,11435.66,524.81,6990.57
SL-0005204,STR-028,CAT-04,2023-03-01,2023,3,2328,1783,48164.75,32141.73,2819.34,16023.02
SL-0005205,STR-028,CAT-05,2023-03-01,2023,3,1208,878,34401.11,15713.4,1081.12,18687.71
SL-0005206,STR-028,CAT-06,2023-03-01,2023,3,958,595,33527.26,26149.14,476.29,7378.12
SL-0005207,STR-028,CAT-07,2023-03-01,2023,3,520,324,19306.44,11486.24,993.35,7820.2
SL-0005208,STR-028,CAT-08,2023-03-01,2023,3,818,385,33266.58,23812.06,1132.46,9454.52
SL-0005209,STR-028,CAT-01,2023-04-01,2023,4,929,505,27224.42,15248.57,318.53,11975.85
SL-0005210,STR-028,CAT-02,2023-04-01,2023,4,508,251,20914.82,17671.8,537.0,3243.02
SL-0005211,STR-028,CAT-03,2023-04-01,2023,4,5207,3650,44410.79,27979.92,2083.11,16430.87
SL-0005212,STR-028,CAT-04,2023-04-01,2023,4,2397,1110,33195.83,20299.14,1557.11,12896.69
SL-0005213,STR-028,CAT-05,2023-04-01,2023,4,1062,576,22051.69,9955.42,500.2,12096.27
SL-0005214,STR-028,CAT-06,2023-04-01,2023,4,904,611,32101.73,24780.43,1588.21,7321.3
SL-0005215,STR-028,CAT-07,2023-04-01,2023,4,1071,699,26820.97,15731.73,727.42,11089.24
SL-0005216,STR-028,CAT-08,2023-04-01,2023,4,2302,958,38514.51,27021.87,1515.11,11492.64
SL-0005217,STR-028,CAT-01,2023-05-01,2023,5,619,292,21054.11,12373.07,318.81,8681.04
SL-0005218,STR-028,CAT-02,2023-05-01,2023,5,613,357,11005.25,8626.59,409.12,2378.66
SL-0005219,STR-028,CAT-03,2023-05-01,2023,5,889,388,26406.65,16587.7,711.65,9818.95
SL-0005220,STR-028,CAT-04,2023-05-01,2023,5,953,618,28328.7,19241.98,1167.5,9086.72
SL-0005221,STR-028,CAT-05,2023-05-01,2023,5,1384,750,29697.73,12735.85,1140.86,16961.88
SL-0005222,STR-028,CAT-06,2023-05-01,2023,5,883,439,30404.64,22838.44,1594.44,7566.2
SL-0005223,STR-028,CAT-07,2023-05-01,2023,5,318,173,14994.77,8624.3,381.61,6370.47
SL-0005224,STR-028,CAT-08,2023-05-01,2023,5,698,357,25456.85,17584.14,808.14,7872.71
SL-0005225,STR-028,CAT-01,2023-06-01,2023,6,829,409,25705.15,14661.06,1521.14,11044.09
SL-0005226,STR-028,CAT-02,2023-06-01,2023,6,592,386,17612.28,14363.32,630.78,3248.96
SL-0005227,STR-028,CAT-03,2023-06-01,2023,6,1571,1143,18617.23,11450.95,782.16,7166.28
SL-0005228,STR-028,CAT-04,2023-06-01,2023,6,865,395,19331.34,12977.34,756.98,6354.0
SL-0005229,STR-028,CAT-05,2023-06-01,2023,6,494,301,16383.49,7266.14,976.04,9117.35
SL-0005230,STR-028,CAT-06,2023-06-01,2023,6,874,530,33775.99,26200.44,1469.43,7575.55
SL-0005231,STR-028,CAT-07,2023-06-01,2023,6,726,681,15399.38,8875.42,217.49,6523.96
SL-0005232,STR-028,CAT-08,2023-06-01,2023,6,1136,710,32637.5,23310.85,593.15,9326.65
SL-0005233,STR-028,CAT-01,2023-07-01,2023,7,1380,688,41580.91,24043.26,681.13,17537.65
SL-0005234,STR-028,CAT-02,2023-07-01,2023,7,479,271,16398.47,13158.95,564.53,3239.52
SL-0005235,STR-028,CAT-03,2023-07-01,2023,7,1305,911,30502.68,19430.56,802.74,11072.12
SL-0005236,STR-028,CAT-04,2023-07-01,2023,7,644,367,17465.97,11147.13,445.6,6318.84
SL-0005237,STR-028,CAT-05,2023-07-01,2023,7,506,260,22270.28,9951.92,237.3,12318.36
SL-0005238,STR-028,CAT-06,2023-07-01,2023,7,1498,701,41690.57,31762.46,930.74,9928.11
SL-0005239,STR-028,CAT-07,2023-07-01,2023,7,1844,1024,25364.13,15658.37,404.07,9705.76
SL-0005240,STR-028,CAT-08,2023-07-01,2023,7,1015,577,27929.02,19883.15,1376.67,8045.87
SL-0005241,STR-028,CAT-01,2023-08-01,2023,8,1057,580,38803.09,22368.32,1369.41,16434.77
SL-0005242,STR-028,CAT-02,2023-08-01,2023,8,680,433,20281.1,16423.04,1087.04,3858.06
SL-0005243,STR-028,CAT-03,2023-08-01,2023,8,619,359,21873.29,12502.58,933.42,9370.71
SL-0005244,STR-028,CAT-04,2023-08-01,2023,8,415,280,17071.34,10576.18,608.98,6495.16
SL-0005245,STR-028,CAT-05,2023-08-01,2023,8,701,468,20391.3,8790.1,358.04,11601.2
SL-0005246,STR-028,CAT-06,2023-08-01,2023,8,1133,675,29349.35,23765.69,736.67,5583.66
SL-0005247,STR-028,CAT-07,2023-08-01,2023,8,1062,603,22337.18,13336.36,1039.69,9000.82
SL-0005248,STR-028,CAT-08,2023-08-01,2023,8,1350,864,37861.47,25968.26,2044.2,11893.21
SL-0005249,STR-028,CAT-01,2023-09-01,2023,9,1964,1345,27192.24,15749.04,463.46,11443.2
SL-0005250,STR-028,CAT-02,2023-09-01,2023,9,1903,1123,39310.44,31911.81,2129.04,7398.63
SL-0005251,STR-028,CAT-03,2023-09-01,2023,9,1376,871,34312.42,20827.67,355.26,13484.75
SL-0005252,STR-028,CAT-04,2023-09-01,2023,9,862,444,29474.91,19634.24,929.72,9840.67
SL-0005253,STR-028,CAT-05,2023-09-01,2023,9,1925,1004,36392.64,15683.59,1584.64,20709.05
SL-0005254,STR-028,CAT-06,2023-09-01,2023,9,1255,756,37856.06,29734.0,556.71,8122.06
SL-0005255,STR-028,CAT-07,2023-09-01,2023,9,1100,775,27084.26,16431.09,1219.81,10653.17
SL-0005256,STR-028,CAT-08,2023-09-01,2023,9,1123,635,33384.4,24085.05,1550.78,9299.35
SL-0005257,STR-028,CAT-01,2023-10-01,2023,10,1014,592,28793.86,17054.92,1492.42,11738.94
SL-0005258,STR-028,CAT-02,2023-10-01,2023,10,962,521,34737.52,29625.98,397.92,5111.54
SL-0005259,STR-028,CAT-03,2023-10-01,2023,10,575,330,25727.62,15522.98,484.44,10204.64
SL-0005260,STR-028,CAT-04,2023-10-01,2023,10,676,307,16952.71,10927.36,340.59,6025.35
SL-0005261,STR-028,CAT-05,2023-10-01,2023,10,535,213,22826.02,10089.93,372.1,12736.09
SL-0005262,STR-028,CAT-06,2023-10-01,2023,10,574,330,15138.54,11415.39,550.45,3723.15
SL-0005263,STR-028,CAT-07,2023-10-01,2023,10,575,265,18867.69,11993.43,1032.63,6874.26
SL-0005264,STR-028,CAT-08,2023-10-01,2023,10,663,481,16262.5,10964.49,867.0,5298.01
SL-0005265,STR-028,CAT-01,2023-11-01,2023,11,1872,932,24739.89,14467.79,580.78,10272.1
SL-0005266,STR-028,CAT-02,2023-11-01,2023,11,1579,1029,44582.24,36497.97,1244.04,8084.27
SL-0005267,STR-028,CAT-03,2023-11-01,2023,11,1454,791,34356.36,21446.49,1104.72,12909.87
SL-0005268,STR-028,CAT-04,2023-11-01,2023,11,748,444,20779.22,13178.56,668.8,7600.66
SL-0005269,STR-028,CAT-05,2023-11-01,2023,11,1087,597,28623.94,13437.31,309.84,15186.63
SL-0005270,STR-028,CAT-06,2023-11-01,2023,11,2643,1663,40457.26,32139.24,1037.6,8318.02
SL-0005271,STR-028,CAT-07,2023-11-01,2023,11,3074,1752,66989.42,40237.59,2236.79,26751.83
SL-0005272,STR-028,CAT-08,2023-11-01,2023,11,1259,581,50556.89,37584.51,2720.0,12972.38
SL-0005273,STR-028,CAT-01,2023-12-01,2023,12,886,559,28839.84,17008.89,1546.47,11830.95
SL-0005274,STR-028,CAT-02,2023-12-01,2023,12,1074,529,29878.59,24618.94,1303.98,5259.65
SL-0005275,STR-028,CAT-03,2023-12-01,2023,12,1413,712,45675.45,29446.65,2255.43,16228.8
SL-0005276,STR-028,CAT-04,2023-12-01,2023,12,573,410,21969.85,13260.48,1216.11,8709.37
SL-0005277,STR-028,CAT-05,2023-12-01,2023,12,708,480,24579.14,11647.42,1093.01,12931.72
SL-0005278,STR-028,CAT-06,2023-12-01,2023,12,1236,578,29725.91,22941.6,499.0,6784.31
SL-0005279,STR-028,CAT-07,2023-12-01,2023,12,3560,2841,78522.25,46836.87,1497.43,31685.38
SL-0005280,STR-028,CAT-08,2023-12-01,2023,12,6233,3107,35388.45,25062.74,1987.62,10325.71
SL-0005281,STR-028,CAT-01,2024-01-01,2024,1,1018,553,25556.95,14906.19,1242.37,10650.76
SL-0005282,STR-028,CAT-02,2024-01-01,2024,1,630,278,17895.21,15602.11,640.74,2293.1
SL-0005283,STR-028,CAT-03,2024-01-01,2024,1,710,479,13429.38,8406.42,404.9,5022.96
SL-0005284,STR-028,CAT-04,2024-01-01,2024,1,1410,731,23248.18,14876.24,270.88,8371.94
SL-0005285,STR-028,CAT-05,2024-01-01,2024,1,1593,832,27232.26,12323.36,928.07,14908.9
SL-0005286,STR-028,CAT-06,2024-01-01,2024,1,701,410,16234.03,12957.61,559.99,3276.42
SL-0005287,STR-028,CAT-07,2024-01-01,2024,1,394,266,13839.59,8426.84,576.93,5412.75
SL-0005288,STR-028,CAT-08,2024-01-01,2024,1,626,275,27917.4,20287.15,1351.15,7630.25
SL-0005289,STR-028,CAT-01,2024-02-01,2024,2,752,383,18107.68,10835.62,962.21,7272.06
SL-0005290,STR-028,CAT-02,2024-02-01,2024,2,390,268,13280.34,10811.18,157.1,2469.16
SL-0005291,STR-028,CAT-03,2024-02-01,2024,2,596,239,15836.31,9685.02,403.26,6151.29
SL-0005292,STR-028,CAT-04,2024-02-01,2024,2,829,450,30404.98,19394.8,1697.08,11010.18
SL-0005293,STR-028,CAT-05,2024-02-01,2024,2,999,701,27244.45,12514.63,1593.46,14729.82
SL-0005294,STR-028,CAT-06,2024-02-01,2024,2,386,240,15886.97,11643.82,887.5,4243.15
SL-0005295,STR-028,CAT-07,2024-02-01,2024,2,660,355,14495.54,8658.63,775.9,5836.91
SL-0005296,STR-028,CAT-08,2024-02-01,2024,2,448,191,12406.16,8720.26,720.86,3685.9
SL-0005297,STR-028,CAT-01,2024-03-01,2024,3,830,470,25946.68,15618.54,1072.21,10328.14
SL-0005298,STR-028,CAT-02,2024-03-01,2024,3,364,195,12171.07,9320.33,449.57,2850.74
SL-0005299,STR-028,CAT-03,2024-03-01,2024,3,966,541,20130.48,12601.99,574.25,7528.49
SL-0005300,STR-028,CAT-04,2024-03-01,2024,3,1462,1053,14371.38,9275.93,149.37,5095.45
SL-0005301,STR-028,CAT-05,2024-03-01,2024,3,490,213,18161.4,8616.34,849.16,9545.06
SL-0005302,STR-028,CAT-06,2024-03-01,2024,3,956,515,21365.83,16783.67,461.77,4582.16
SL-0005303,STR-028,CAT-07,2024-03-01,2024,3,889,429,19604.74,11987.86,362.08,7616.88
SL-0005304,STR-028,CAT-08,2024-03-01,2024,3,497,273,20234.13,14942.66,518.98,5291.47
SL-0005305,STR-028,CAT-01,2024-04-01,2024,4,982,486,22975.32,13053.7,576.93,9921.62
SL-0005306,STR-028,CAT-02,2024-04-01,2024,4,700,296,22518.86,18497.95,770.72,4020.91
SL-0005307,STR-028,CAT-03,2024-04-01,2024,4,846,378,26635.94,16743.29,625.38,9892.65
SL-0005308,STR-028,CAT-04,2024-04-01,2024,4,966,521,36373.57,23313.66,1606.66,13059.91
SL-0005309,STR-028,CAT-05,2024-04-01,2024,4,866,665,22230.67,9880.0,308.61,12350.67
SL-0005310,STR-028,CAT-06,2024-04-01,2024,4,770,442,26291.11,21177.55,967.66,5113.56
SL-0005311,STR-028,CAT-07,2024-04-01,2024,4,413,217,15065.53,9298.11,730.11,5767.42
SL-0005312,STR-028,CAT-08,2024-04-01,2024,4,845,467,20021.18,13883.84,320.74,6137.34
SL-0005313,STR-028,CAT-01,2024-05-01,2024,5,1612,838,25930.1,14725.81,1366.77,11204.29
SL-0005314,STR-028,CAT-02,2024-05-01,2024,5,1439,814,17845.16,14610.64,813.19,3234.52
SL-0005315,STR-028,CAT-03,2024-05-01,2024,5,891,404,22944.94,14132.74,865.78,8812.2
SL-0005316,STR-028,CAT-04,2024-05-01,2024,5,4699,2307,42859.47,28108.38,1758.31,14751.09
SL-0005317,STR-028,CAT-05,2024-05-01,2024,5,1419,832,43491.68,18839.47,2292.58,24652.21
SL-0005318,STR-028,CAT-06,2024-05-01,2024,5,1314,970,31821.31,24869.42,1128.45,6951.89
SL-0005319,STR-028,CAT-07,2024-05-01,2024,5,1051,541,20408.39,12197.87,595.37,8210.52
SL-0005320,STR-028,CAT-08,2024-05-01,2024,5,1094,464,32065.38,23726.59,1191.65,8338.79
SL-0005321,STR-028,CAT-01,2024-06-01,2024,6,1329,864,26885.45,15845.65,1200.24,11039.8
SL-0005322,STR-028,CAT-02,2024-06-01,2024,6,2038,1423,29158.0,23296.02,715.32,5861.98
SL-0005323,STR-028,CAT-03,2024-06-01,2024,6,660,324,20478.69,12593.99,430.71,7884.7
SL-0005324,STR-028,CAT-04,2024-06-01,2024,6,1117,447,38702.77,24721.11,1514.97,13981.66
SL-0005325,STR-028,CAT-05,2024-06-01,2024,6,1300,584,33695.86,15023.85,1379.56,18672.01
SL-0005326,STR-028,CAT-06,2024-06-01,2024,6,562,334,22490.05,17901.07,593.99,4588.98
SL-0005327,STR-028,CAT-07,2024-06-01,2024,6,798,502,18870.36,11485.34,231.08,7385.02
SL-0005328,STR-028,CAT-08,2024-06-01,2024,6,1163,911,32531.88,22929.2,1115.76,9602.68
SL-0005329,STR-028,CAT-01,2024-07-01,2024,7,1896,914,45480.96,26464.16,2485.46,19016.8
SL-0005330,STR-028,CAT-02,2024-07-01,2024,7,839,472,25066.49,20736.56,1000.65,4329.93
SL-0005331,STR-028,CAT-03,2024-07-01,2024,7,587,297,21268.92,13725.33,297.25,7543.59
SL-0005332,STR-028,CAT-04,2024-07-01,2024,7,628,492,23645.5,15937.06,253.48,7708.44
SL-0005333,STR-028,CAT-05,2024-07-01,2024,7,815,409,20672.47,9409.83,443.93,11262.64
SL-0005334,STR-028,CAT-06,2024-07-01,2024,7,1552,860,35874.75,27929.76,1664.1,7944.99
SL-0005335,STR-028,CAT-07,2024-07-01,2024,7,1612,709,27939.46,16600.72,1249.2,11338.74
SL-0005336,STR-028,CAT-08,2024-07-01,2024,7,1178,695,38800.27,26955.07,2063.25,11845.2
SL-0005337,STR-028,CAT-01,2024-08-01,2024,8,1109,597,35449.07,21075.93,501.74,14373.14
SL-0005338,STR-028,CAT-02,2024-08-01,2024,8,1355,913,27479.88,22559.16,918.54,4920.72
SL-0005339,STR-028,CAT-03,2024-08-01,2024,8,772,327,19592.44,12788.87,915.31,6803.57
SL-0005340,STR-028,CAT-04,2024-08-01,2024,8,643,379,22537.73,14402.55,1034.41,8135.18
SL-0005341,STR-028,CAT-05,2024-08-01,2024,8,616,423,19404.16,8402.55,454.34,11001.61
SL-0005342,STR-028,CAT-06,2024-08-01,2024,8,1359,839,32464.02,23455.88,609.84,9008.14
SL-0005343,STR-028,CAT-07,2024-08-01,2024,8,1428,836,31508.69,18601.56,1631.57,12907.13
SL-0005344,STR-028,CAT-08,2024-08-01,2024,8,1228,581,35481.09,24107.82,1860.08,11373.27
SL-0005345,STR-028,CAT-01,2024-09-01,2024,9,359,228,14321.71,8459.12,752.17,5862.59
SL-0005346,STR-028,CAT-02,2024-09-01,2024,9,402,231,13099.68,10644.0,528.18,2455.68
SL-0005347,STR-028,CAT-03,2024-09-01,2024,9,605,327,21374.6,13651.76,1278.23,7722.84
SL-0005348,STR-028,CAT-04,2024-09-01,2024,9,549,284,13799.96,9156.58,290.91,4643.38
SL-0005349,STR-028,CAT-05,2024-09-01,2024,9,1088,569,18364.87,8231.25,782.33,10133.62
SL-0005350,STR-028,CAT-06,2024-09-01,2024,9,783,684,17564.6,13837.83,967.43,3726.77
SL-0005351,STR-028,CAT-07,2024-09-01,2024,9,954,410,25074.76,15100.19,613.32,9974.57
SL-0005352,STR-028,CAT-08,2024-09-01,2024,9,665,353,25108.01,17544.38,974.61,7563.63
SL-0005353,STR-028,CAT-01,2024-10-01,2024,10,1576,891,34664.53,20244.99,1173.89,14419.54
SL-0005354,STR-028,CAT-02,2024-10-01,2024,10,888,575,31962.56,23961.18,457.12,8001.38
SL-0005355,STR-028,CAT-03,2024-10-01,2024,10,585,490,19200.28,12232.0,559.75,6968.28
SL-0005356,STR-028,CAT-04,2024-10-01,2024,10,998,609,39405.39,25910.28,623.84,13495.11
SL-0005357,STR-028,CAT-05,2024-10-01,2024,10,1623,795,37760.79,16621.72,936.24,21139.07
SL-0005358,STR-028,CAT-06,2024-10-01,2024,10,2134,1083,36053.45,27199.53,928.15,8853.92
SL-0005359,STR-028,CAT-07,2024-10-01,2024,10,1154,617,36543.37,21792.83,1851.53,14750.54
SL-0005360,STR-028,CAT-08,2024-10-01,2024,10,710,503,25043.66,17084.85,925.77,7958.81
SL-0005361,STR-028,CAT-01,2024-11-01,2024,11,1401,770,32260.85,18673.63,1423.91,13587.22
SL-0005362,STR-028,CAT-02,2024-11-01,2024,11,1080,831,33692.67,26999.99,1938.17,6692.68
SL-0005363,STR-028,CAT-03,2024-11-01,2024,11,686,444,20642.21,12932.44,826.36,7709.77
SL-0005364,STR-028,CAT-04,2024-11-01,2024,11,1077,603,22460.21,13167.49,601.83,9292.72
SL-0005365,STR-028,CAT-05,2024-11-01,2024,11,1167,751,22051.83,9809.95,575.08,12241.88
SL-0005366,STR-028,CAT-06,2024-11-01,2024,11,1208,693,37651.51,29923.66,1523.13,7727.85
SL-0005367,STR-028,CAT-07,2024-11-01,2024,11,1708,693,40473.96,23291.29,1918.83,17182.67
SL-0005368,STR-028,CAT-08,2024-11-01,2024,11,984,653,19234.54,13640.36,424.73,5594.18
SL-0005369,STR-028,CAT-01,2024-12-01,2024,12,1025,747,32131.63,18614.43,1007.52,13517.2
SL-0005370,STR-028,CAT-02,2024-12-01,2024,12,1503,944,32183.55,26353.84,1567.47,5829.71
SL-0005371,STR-028,CAT-03,2024-12-01,2024,12,829,954,30570.06,19848.46,703.09,10721.6
SL-0005372,STR-028,CAT-04,2024-12-01,2024,12,1374,878,26544.48,16803.78,1127.24,9740.7
SL-0005373,STR-028,CAT-05,2024-12-01,2024,12,1427,779,30260.41,14137.25,801.7,16123.16
SL-0005374,STR-028,CAT-06,2024-12-01,2024,12,695,508,22255.76,17309.54,831.46,4946.22
SL-0005375,STR-028,CAT-07,2024-12-01,2024,12,1575,1064,50787.95,31281.4,657.53,19506.55
SL-0005376,STR-028,CAT-08,2024-12-01,2024,12,1756,890,33633.82,22831.42,1932.0,10802.4
SL-0005377,STR-029,CAT-01,2023-01-01,2023,1,269,142,11037.54,6409.5,284.56,4628.04
SL-0005378,STR-029,CAT-02,2023-01-01,2023,1,310,189,13253.58,11440.38,510.62,1813.2
SL-0005379,STR-029,CAT-03,2023-01-01,2023,1,441,282,10643.38,6734.14,450.2,3909.24
SL-0005380,STR-029,CAT-04,2023-01-01,2023,1,359,202,12007.1,7932.15,548.97,4074.95
SL-0005381,STR-029,CAT-05,2023-01-01,2023,1,292,173,8962.49,3976.57,522.87,4985.92
SL-0005382,STR-029,CAT-06,2023-01-01,2023,1,657,440,20030.01,15854.07,1071.77,4175.94
SL-0005383,STR-029,CAT-07,2023-01-01,2023,1,206,146,8064.28,4706.86,379.39,3357.42
SL-0005384,STR-029,CAT-08,2023-01-01,2023,1,375,187,10218.95,7089.11,456.51,3129.84
SL-0005385,STR-029,CAT-01,2023-02-01,2023,2,399,243,13878.6,8114.74,573.74,5763.86
SL-0005386,STR-029,CAT-02,2023-02-01,2023,2,316,153,12005.0,9868.96,624.7,2136.04
SL-0005387,STR-029,CAT-03,2023-02-01,2023,2,377,179,8941.18,5820.48,133.53,3120.7
SL-0005388,STR-029,CAT-04,2023-02-01,2023,2,428,219,10670.63,6860.19,288.13,3810.44
SL-0005389,STR-029,CAT-05,2023-02-01,2023,2,531,298,19488.24,8856.35,931.11,10631.89
SL-0005390,STR-029,CAT-06,2023-02-01,2023,2,639,324,21655.26,17164.51,557.76,4490.75
SL-0005391,STR-029,CAT-07,2023-02-01,2023,2,421,231,9116.27,5427.34,462.2,3688.93
SL-0005392,STR-029,CAT-08,2023-02-01,2023,2,354,220,12036.43,8566.97,308.11,3469.46
SL-0005393,STR-029,CAT-01,2023-03-01,2023,3,360,238,11321.62,6668.97,643.02,4652.65
SL-0005394,STR-029,CAT-02,2023-03-01,2023,3,409,265,8473.05,7057.4,220.77,1415.65
SL-0005395,STR-029,CAT-03,2023-03-01,2023,3,1377,1057,16811.07,10675.08,682.61,6135.99
SL-0005396,STR-029,CAT-04,2023-03-01,2023,3,782,442,20757.54,14115.1,869.87,6642.44
SL-0005397,STR-029,CAT-05,2023-03-01,2023,3,576,369,14789.24,6775.19,884.28,8014.05
SL-0005398,STR-029,CAT-06,2023-03-01,2023,3,602,417,13087.54,9911.42,230.97,3176.12
SL-0005399,STR-029,CAT-07,2023-03-01,2023,3,419,208,12136.02,6910.77,453.02,5225.25
SL-0005400,STR-029,CAT-08,2023-03-01,2023,3,385,234,14918.85,10367.06,163.15,4551.79
SL-0005401,STR-029,CAT-01,2023-04-01,2023,4,365,145,10766.69,6425.04,300.08,4341.65
SL-0005402,STR-029,CAT-02,2023-04-01,2023,4,351,163,10154.1,8321.44,508.74,1832.66
SL-0005403,STR-029,CAT-03,2023-04-01,2023,4,359,210,9628.48,5760.68,403.65,3867.8
SL-0005404,STR-029,CAT-04,2023-04-01,2023,4,641,372,15047.98,9554.92,492.61,5493.06
SL-0005405,STR-029,CAT-05,2023-04-01,2023,4,441,239,13895.46,6602.3,422.39,7293.16
SL-0005406,STR-029,CAT-06,2023-04-01,2023,4,364,206,8056.55,5885.41,366.56,2171.14
SL-0005407,STR-029,CAT-07,2023-04-01,2023,4,248,125,7309.48,4384.83,418.63,2924.65
SL-0005408,STR-029,CAT-08,2023-04-01,2023,4,394,165,8412.88,6014.87,89.49,2398.01
SL-0005409,STR-029,CAT-01,2023-05-01,2023,5,528,274,15141.39,8962.65,382.79,6178.74
SL-0005410,STR-029,CAT-02,2023-05-01,2023,5,537,243,17932.51,14343.31,454.96,3589.2
SL-0005411,STR-029,CAT-03,2023-05-01,2023,5,343,194,9771.26,6007.85,439.87,3763.41
SL-0005412,STR-029,CAT-04,2023-05-01,2023,5,3290,2875,19095.63,12357.28,709.66,6738.35
SL-0005413,STR-029,CAT-05,2023-05-01,2023,5,564,374,10049.49,4584.77,480.52,5464.72
SL-0005414,STR-029,CAT-06,2023-05-01,2023,5,424,272,13117.26,10507.63,218.86,2609.63
SL-0005415,STR-029,CAT-07,2023-05-01,2023,5,342,195,12918.03,7578.95,171.07,5339.08
SL-0005416,STR-029,CAT-08,2023-05-01,2023,5,473,468,16586.9,12036.76,557.97,4550.14
SL-0005417,STR-029,CAT-01,2023-06-01,2023,6,404,252,10142.79,5853.58,190.17,4289.21
SL-0005418,STR-029,CAT-02,2023-06-01,2023,6,706,327,14887.1,12382.59,243.58,2504.51
SL-0005419,STR-029,CAT-03,2023-06-01,2023,6,560,249,11531.33,7260.68,488.46,4270.65
SL-0005420,STR-029,CAT-04,2023-06-01,2023,6,475,273,14294.12,9789.87,599.29,4504.25
SL-0005421,STR-029,CAT-05,2023-06-01,2023,6,421,224,9234.43,4204.63,266.03,5029.8
SL-0005422,STR-029,CAT-06,2023-06-01,2023,6,435,327,12881.53,10274.49,349.31,2607.04
SL-0005423,STR-029,CAT-07,2023-06-01,2023,6,261,130,9682.03,5935.45,467.42,3746.58
SL-0005424,STR-029,CAT-08,2023-06-01,2023,6,608,372,12316.91,8769.8,208.22,3547.11
SL-0005425,STR-029,CAT-01,2023-07-01,2023,7,612,312,17571.67,10030.94,237.99,7540.73
SL-0005426,STR-029,CAT-02,2023-07-01,2023,7,363,169,12262.36,10293.87,247.58,1968.49
SL-0005427,STR-029,CAT-03,2023-07-01,2023,7,302,259,10991.3,6639.56,169.47,4351.74
SL-0005428,STR-029,CAT-04,2023-07-01,2023,7,539,325,22328.08,14455.2,831.89,7872.88
SL-0005429,STR-029,CAT-05,2023-07-01,2023,7,413,258,12350.51,5604.42,196.31,6746.09
SL-0005430,STR-029,CAT-06,2023-07-01,2023,7,479,333,13124.5,10287.02,756.82,2837.48
SL-0005431,STR-029,CAT-07,2023-07-01,2023,7,611,405,16962.9,9455.44,246.24,7507.46
SL-0005432,STR-029,CAT-08,2023-07-01,2023,7,453,206,11756.8,8298.49,262.32,3458.31
SL-0005433,STR-029,CAT-01,2023-08-01,2023,8,510,262,10864.7,6045.96,556.97,4818.74
SL-0005434,STR-029,CAT-02,2023-08-01,2023,8,463,302,11043.3,9252.69,639.18,1790.61
SL-0005435,STR-029,CAT-03,2023-08-01,2023,8,576,298,13831.46,8398.41,376.79,5433.05
SL-0005436,STR-029,CAT-04,2023-08-01,2023,8,276,162,9773.2,6045.77,306.55,3727.43
SL-0005437,STR-029,CAT-05,2023-08-01,2023,8,326,188,14602.16,6756.94,375.48,7845.22
SL-0005438,STR-029,CAT-06,2023-08-01,2023,8,494,283,8233.11,6824.25,100.75,1408.86
SL-0005439,STR-029,CAT-07,2023-08-01,2023,8,314,176,11483.16,6980.07,658.91,4503.09
SL-0005440,STR-029,CAT-08,2023-08-01,2023,8,548,257,15350.68,10446.16,638.35,4904.52
SL-0005441,STR-029,CAT-01,2023-09-01,2023,9,1011,527,26210.06,14596.36,1346.47,11613.7
SL-0005442,STR-029,CAT-02,2023-09-01,2023,9,609,460,20781.1,16345.47,509.57,4435.63
SL-0005443,STR-029,CAT-03,2023-09-01,2023,9,842,516,19451.9,11631.39,346.71,7820.51
SL-0005444,STR-029,CAT-04,2023-09-01,2023,9,619,493,20436.09,13788.55,911.25,6647.54
SL-0005445,STR-029,CAT-05,2023-09-01,2023,9,629,426,22045.8,9271.37,346.46,12774.43
SL-0005446,STR-029,CAT-06,2023-09-01,2023,9,592,244,21184.58,16683.86,816.83,4500.72
SL-0005447,STR-029,CAT-07,2023-09-01,2023,9,399,236,16411.37,9770.77,443.14,6640.6
SL-0005448,STR-029,CAT-08,2023-09-01,2023,9,689,429,13137.32,9256.47,719.44,3880.85
SL-0005449,STR-029,CAT-01,2023-10-01,2023,10,850,377,25605.75,14567.54,795.17,11038.21
SL-0005450,STR-029,CAT-02,2023-10-01,2023,10,806,514,18942.33,15201.3,1078.09,3741.03
SL-0005451,STR-029,CAT-03,2023-10-01,2023,10,721,412,18023.27,11743.93,871.46,6279.34
SL-0005452,STR-029,CAT-04,2023-10-01,2023,10,469,222,10093.68,6583.39,119.95,3510.29
SL-0005453,STR-029,CAT-05,2023-10-01,2023,10,577,337,17138.99,7562.93,603.36,9576.06
SL-0005454,STR-029,CAT-06,2023-10-01,2023,10,682,323,18148.19,13782.33,610.32,4365.86
SL-0005455,STR-029,CAT-07,2023-10-01,2023,10,1070,668,16301.82,9871.29,550.1,6430.53
SL-0005456,STR-029,CAT-08,2023-10-01,2023,10,883,376,20485.39,14317.64,781.3,6167.75
SL-0005457,STR-029,CAT-01,2023-11-01,2023,11,1419,921,30626.17,18039.52,864.38,12586.65
SL-0005458,STR-029,CAT-02,2023-11-01,2023,11,998,438,29572.83,23524.3,1178.05,6048.53
SL-0005459,STR-029,CAT-03,2023-11-01,2023,11,773,471,15683.03,9735.25,295.94,5947.78
SL-0005460,STR-029,CAT-04,2023-11-01,2023,11,459,261,12099.21,7777.85,451.28,4321.36
SL-0005461,STR-029,CAT-05,2023-11-01,2023,11,910,499,23742.85,10650.09,478.79,13092.76
SL-0005462,STR-029,CAT-06,2023-11-01,2023,11,374,166,12941.84,9800.37,196.31,3141.47
SL-0005463,STR-029,CAT-07,2023-11-01,2023,11,443,315,22295.19,12672.65,445.8,9622.54
SL-0005464,STR-029,CAT-08,2023-11-01,2023,11,397,270,16823.76,12045.09,732.39,4778.67
SL-0005465,STR-029,CAT-01,2023-12-01,2023,12,800,442,17984.55,10399.08,548.37,7585.47
SL-0005466,STR-029,CAT-02,2023-12-01,2023,12,868,568,32006.43,25291.07,339.27,6715.36
SL-0005467,STR-029,CAT-03,2023-12-01,2023,12,732,376,16738.91,10555.13,272.21,6183.78
SL-0005468,STR-029,CAT-04,2023-12-01,2023,12,659,402,14465.08,9212.64,856.17,5252.44
SL-0005469,STR-029,CAT-05,2023-12-01,2023,12,633,466,19492.74,8744.59,1107.4,10748.15
SL-0005470,STR-029,CAT-06,2023-12-01,2023,12,540,318,20530.32,15484.84,442.93,5045.48
SL-0005471,STR-029,CAT-07,2023-12-01,2023,12,1244,757,34953.8,21253.65,1787.7,13700.15
SL-0005472,STR-029,CAT-08,2023-12-01,2023,12,770,468,20349.66,13905.63,252.87,6444.03
SL-0005473,STR-029,CAT-01,2024-01-01,2024,1,653,416,14724.2,8414.43,341.32,6309.77
SL-0005474,STR-029,CAT-02,2024-01-01,2024,1,459,316,8402.02,6881.28,494.85,1520.74
SL-0005475,STR-029,CAT-03,2024-01-01,2024,1,274,138,9313.97,5876.65,359.6,3437.32
SL-0005476,STR-029,CAT-04,2024-01-01,2024,1,739,348,16645.1,10846.57,763.74,5798.53
SL-0005477,STR-029,CAT-05,2024-01-01,2024,1,628,292,15292.14,7121.16,587.99,8170.98
SL-0005478,STR-029,CAT-06,2024-01-01,2024,1,368,196,14161.86,10975.23,322.18,3186.63
SL-0005479,STR-029,CAT-07,2024-01-01,2024,1,530,244,11674.4,6901.41,442.17,4772.99
SL-0005480,STR-029,CAT-08,2024-01-01,2024,1,365,175,7972.49,5398.42,190.88,2574.07
SL-0005481,STR-029,CAT-01,2024-02-01,2024,2,443,263,17771.72,9870.67,252.33,7901.05
SL-0005482,STR-029,CAT-02,2024-02-01,2024,2,306,139,11087.29,9290.95,200.16,1796.34
SL-0005483,STR-029,CAT-03,2024-02-01,2024,2,485,238,17059.27,10269.47,424.2,6789.8
SL-0005484,STR-029,CAT-04,2024-02-01,2024,2,671,344,16072.12,10562.49,949.21,5509.63
SL-0005485,STR-029,CAT-05,2024-02-01,2024,2,232,117,7240.72,3192.15,238.08,4048.57
SL-0005486,STR-029,CAT-06,2024-02-01,2024,2,629,375,12937.33,10016.62,701.77,2920.71
SL-0005487,STR-029,CAT-07,2024-02-01,2024,2,284,143,8601.59,5175.27,378.36,3426.32
SL-0005488,STR-029,CAT-08,2024-02-01,2024,2,924,581,12165.58,8533.7,188.89,3631.88
SL-0005489,STR-029,CAT-01,2024-03-01,2024,3,340,170,9539.01,5564.31,506.04,3974.7
SL-0005490,STR-029,CAT-02,2024-03-01,2024,3,554,390,11139.82,8901.01,125.85,2238.81
SL-0005491,STR-029,CAT-03,2024-03-01,2024,3,516,368,11543.45,7452.16,626.3,4091.29
SL-0005492,STR-029,CAT-04,2024-03-01,2024,3,615,381,19377.57,13161.71,557.8,6215.86
SL-0005493,STR-029,CAT-05,2024-03-01,2024,3,323,217,10093.01,4426.27,526.92,5666.74
SL-0005494,STR-029,CAT-06,2024-03-01,2024,3,222,126,10241.22,8473.14,502.01,1768.08
SL-0005495,STR-029,CAT-07,2024-03-01,2024,3,191,108,6372.72,3797.84,129.08,2574.88
SL-0005496,STR-029,CAT-08,2024-03-01,2024,3,466,254,12915.53,9435.84,741.2,3479.69
SL-0005497,STR-029,CAT-01,2024-04-01,2024,4,232,125,10098.96,5866.94,474.12,4232.02
SL-0005498,STR-029,CAT-02,2024-04-01,2024,4,759,439,13681.15,11206.49,357.03,2474.66
SL-0005499,STR-029,CAT-03,2024-04-01,2024,4,344,248,12763.09,7676.32,408.71,5086.77
SL-0005500,STR-029,CAT-04,2024-04-01,2024,4,629,333,17572.48,11575.36,412.01,5997.12
SL-0005501,STR-029,CAT-05,2024-04-01,2024,4,375,185,9806.55,4615.54,283.81,5191.01
SL-0005502,STR-029,CAT-06,2024-04-01,2024,4,324,239,11497.62,8828.48,395.47,2669.14
SL-0005503,STR-029,CAT-07,2024-04-01,2024,4,588,309,12610.64,7774.96,507.53,4835.68
SL-0005504,STR-029,CAT-08,2024-04-01,2024,4,412,212,12857.02,9305.7,638.27,3551.32
SL-0005505,STR-029,CAT-01,2024-05-01,2024,5,703,328,21402.02,12389.22,1006.47,9012.8
SL-0005506,STR-029,CAT-02,2024-05-01,2024,5,385,337,10876.83,8826.88,186.11,2049.95
SL-0005507,STR-029,CAT-03,2024-05-01,2024,5,982,598,15501.45,9461.33,628.21,6040.12
SL-0005508,STR-029,CAT-04,2024-05-01,2024,5,573,367,14075.19,9541.71,754.47,4533.48
SL-0005509,STR-029,CAT-05,2024-05-01,2024,5,479,249,15853.77,7155.39,616.6,8698.38
SL-0005510,STR-029,CAT-06,2024-05-01,2024,5,437,239,10686.79,8074.94,476.72,2611.85
SL-0005511,STR-029,CAT-07,2024-05-01,2024,5,197,112,8625.19,4954.05,131.68,3671.14
SL-0005512,STR-029,CAT-08,2024-05-01,2024,5,248,177,9599.24,6578.55,138.16,3020.69
SL-0005513,STR-029,CAT-01,2024-06-01,2024,6,393,209,15312.93,9128.49,729.85,6184.44
SL-0005514,STR-029,CAT-02,2024-06-01,2024,6,245,145,7871.76,6508.9,132.51,1362.86
SL-0005515,STR-029,CAT-03,2024-06-01,2024,6,397,246,16981.79,10093.59,936.11,6888.2
SL-0005516,STR-029,CAT-04,2024-06-01,2024,6,494,239,11865.5,7779.47,251.11,4086.03
SL-0005517,STR-029,CAT-05,2024-06-01,2024,6,1170,929,15473.56,7075.5,489.03,8398.06
SL-0005518,STR-029,CAT-06,2024-06-01,2024,6,369,172,10149.49,7574.99,377.75,2574.5
SL-0005519,STR-029,CAT-07,2024-06-01,2024,6,283,136,8124.63,4976.67,229.17,3147.96
SL-0005520,STR-029,CAT-08,2024-06-01,2024,6,494,205,16667.28,11998.34,265.12,4668.94
SL-0005521,STR-029,CAT-01,2024-07-01,2024,7,277,210,9257.82,5145.0,502.86,4112.82
SL-0005522,STR-029,CAT-02,2024-07-01,2024,7,335,197,9937.65,8328.33,505.08,1609.32
SL-0005523,STR-029,CAT-03,2024-07-01,2024,7,852,571,15232.56,9796.21,627.97,5436.35
SL-0005524,STR-029,CAT-04,2024-07-01,2024,7,1150,702,16836.18,10688.98,285.41,6147.2
SL-0005525,STR-029,CAT-05,2024-07-01,2024,7,392,202,9532.05,4186.75,370.14,5345.3
SL-0005526,STR-029,CAT-06,2024-07-01,2024,7,673,545,19771.01,14655.64,1003.71,5115.37
SL-0005527,STR-029,CAT-07,2024-07-01,2024,7,462,262,9954.28,6192.75,230.91,3761.53
SL-0005528,STR-029,CAT-08,2024-07-01,2024,7,829,409,20760.94,14419.08,791.64,6341.86
SL-0005529,STR-029,CAT-01,2024-08-01,2024,8,657,348,20576.19,11632.09,693.34,8944.1
SL-0005530,STR-029,CAT-02,2024-08-01,2024,8,600,301,11393.26,9445.34,402.74,1947.92
SL-0005531,STR-029,CAT-03,2024-08-01,2024,8,605,326,20979.37,12958.7,565.78,8020.67
SL-0005532,STR-029,CAT-04,2024-08-01,2024,8,558,366,22458.52,15450.38,728.18,7008.14
SL-0005533,STR-029,CAT-05,2024-08-01,2024,8,483,278,13962.39,6224.78,589.27,7737.61
SL-0005534,STR-029,CAT-06,2024-08-01,2024,8,509,332,17857.12,13880.96,629.62,3976.16
SL-0005535,STR-029,CAT-07,2024-08-01,2024,8,564,308,15597.93,9881.67,908.44,5716.26
SL-0005536,STR-029,CAT-08,2024-08-01,2024,8,667,354,20245.17,14246.98,386.38,5998.19
SL-0005537,STR-029,CAT-01,2024-09-01,2024,9,516,238,12993.31,7751.61,542.38,5241.7
SL-0005538,STR-029,CAT-02,2024-09-01,2024,9,153,94,6548.69,5488.27,123.75,1060.42
SL-0005539,STR-029,CAT-03,2024-09-01,2024,9,755,421,14194.89,8787.07,553.76,5407.82
SL-0005540,STR-029,CAT-04,2024-09-01,2024,9,300,221,11726.76,7667.46,281.81,4059.3
SL-0005541,STR-029,CAT-05,2024-09-01,2024,9,511,227,15323.5,7125.49,734.21,8198.01
SL-0005542,STR-029,CAT-06,2024-09-01,2024,9,377,171,13726.55,11264.88,463.48,2461.67
SL-0005543,STR-029,CAT-07,2024-09-01,2024,9,388,228,15690.17,9862.28,787.97,5827.89
SL-0005544,STR-029,CAT-08,2024-09-01,2024,9,430,226,16707.38,11618.33,682.86,5089.05
SL-0005545,STR-029,CAT-01,2024-10-01,2024,10,682,364,19039.8,10947.31,837.62,8092.49
SL-0005546,STR-029,CAT-02,2024-10-01,2024,10,600,380,14575.55,11389.21,723.02,3186.34
SL-0005547,STR-029,CAT-03,2024-10-01,2024,10,431,158,11940.93,7341.66,461.34,4599.27
SL-0005548,STR-029,CAT-04,2024-10-01,2024,10,386,186,11618.78,7837.32,387.06,3781.46
SL-0005549,STR-029,CAT-05,2024-10-01,2024,10,475,249,16090.12,7120.21,259.38,8969.91
SL-0005550,STR-029,CAT-06,2024-10-01,2024,10,608,376,15680.18,12644.6,540.95,3035.58
SL-0005551,STR-029,CAT-07,2024-10-01,2024,10,454,247,12842.82,7596.83,476.52,5245.99
SL-0005552,STR-029,CAT-08,2024-10-01,2024,10,410,259,10253.49,7227.58,333.88,3025.91
SL-0005553,STR-029,CAT-01,2024-11-01,2024,11,343,146,10778.52,6373.91,480.31,4404.61
SL-0005554,STR-029,CAT-02,2024-11-01,2024,11,267,201,11592.4,9269.87,493.27,2322.53
SL-0005555,STR-029,CAT-03,2024-11-01,2024,11,633,433,12213.68,7532.25,288.52,4681.43
SL-0005556,STR-029,CAT-04,2024-11-01,2024,11,315,252,10016.68,6292.27,442.06,3724.41
SL-0005557,STR-029,CAT-05,2024-11-01,2024,11,501,205,10625.08,4832.07,233.47,5793.01
SL-0005558,STR-029,CAT-06,2024-11-01,2024,11,416,197,9922.05,7864.57,462.31,2057.48
SL-0005559,STR-029,CAT-07,2024-11-01,2024,11,701,469,20158.08,11945.15,556.27,8212.93
SL-0005560,STR-029,CAT-08,2024-11-01,2024,11,401,209,12846.63,9230.48,475.17,3616.15
SL-0005561,STR-029,CAT-01,2024-12-01,2024,12,800,424,18919.72,11032.04,438.63,7887.68
SL-0005562,STR-029,CAT-02,2024-12-01,2024,12,670,362,22040.03,17682.66,1053.85,4357.37
SL-0005563,STR-029,CAT-03,2024-12-01,2024,12,806,485,22199.96,13856.74,278.21,8343.22
SL-0005564,STR-029,CAT-04,2024-12-01,2024,12,320,183,7478.06,4949.29,387.26,2528.77
SL-0005565,STR-029,CAT-05,2024-12-01,2024,12,1205,531,26369.12,11261.79,1366.66,15107.33
SL-0005566,STR-029,CAT-06,2024-12-01,2024,12,663,447,18358.86,14553.35,480.91,3805.51
SL-0005567,STR-029,CAT-07,2024-12-01,2024,12,988,515,35300.07,21379.18,1523.37,13920.89
SL-0005568,STR-029,CAT-08,2024-12-01,2024,12,692,613,21490.31,15512.58,583.03,5977.73
SL-0005569,STR-030,CAT-01,2023-01-01,2023,1,456,255,14104.26,8610.32,221.99,5493.94
SL-0005570,STR-030,CAT-02,2023-01-01,2023,1,632,396,15006.13,12375.32,893.62,2630.81
SL-0005571,STR-030,CAT-03,2023-01-01,2023,1,390,171,15661.02,9494.04,831.02,6166.98
SL-0005572,STR-030,CAT-04,2023-01-01,2023,1,455,259,9791.43,6516.43,170.57,3275.0
SL-0005573,STR-030,CAT-05,2023-01-01,2023,1,897,475,18179.5,8214.75,591.91,9964.75
SL-0005574,STR-030,CAT-06,2023-01-01,2023,1,537,272,12340.18,9323.16,144.23,3017.02
SL-0005575,STR-030,CAT-07,2023-01-01,2023,1,242,155,7124.43,4099.13,415.37,3025.3
SL-0005576,STR-030,CAT-08,2023-01-01,2023,1,509,246,14119.24,9731.68,515.9,4387.56
SL-0005577,STR-030,CAT-01,2023-02-01,2023,2,336,215,10331.23,5966.9,420.67,4364.33
SL-0005578,STR-030,CAT-02,2023-02-01,2023,2,397,243,8669.11,7110.81,270.0,1558.3
SL-0005579,STR-030,CAT-03,2023-02-01,2023,2,502,317,17207.85,10771.18,362.71,6436.67
SL-0005580,STR-030,CAT-04,2023-02-01,2023,2,593,282,14726.32,9383.6,241.59,5342.72
SL-0005581,STR-030,CAT-05,2023-02-01,2023,2,419,215,13180.03,5921.85,520.52,7258.18
SL-0005582,STR-030,CAT-06,2023-02-01,2023,2,464,278,14335.45,10898.7,686.95,3436.75
SL-0005583,STR-030,CAT-07,2023-02-01,2023,2,376,213,14089.72,8280.88,595.73,5808.84
SL-0005584,STR-030,CAT-08,2023-02-01,2023,2,331,158,10035.32,6987.36,390.13,3047.96
SL-0005585,STR-030,CAT-01,2023-03-01,2023,3,649,469,18022.41,10131.57,825.2,7890.84
SL-0005586,STR-030,CAT-02,2023-03-01,2023,3,315,151,9318.04,7185.05,169.38,2132.99
SL-0005587,STR-030,CAT-03,2023-03-01,2023,3,503,390,21756.14,13180.76,1023.89,8575.38
SL-0005588,STR-030,CAT-04,2023-03-01,2023,3,406,226,12053.16,7389.89,312.16,4663.27
SL-0005589,STR-030,CAT-05,2023-03-01,2023,3,988,589,11254.87,4941.74,534.56,6313.13
SL-0005590,STR-030,CAT-06,2023-03-01,2023,3,678,351,14059.71,11348.86,337.79,2710.85
SL-0005591,STR-030,CAT-07,2023-03-01,2023,3,220,112,9348.8,5557.27,544.04,3791.53
SL-0005592,STR-030,CAT-08,2023-03-01,2023,3,569,343,17826.92,11727.62,903.76,6099.3
SL-0005593,STR-030,CAT-01,2023-04-01,2023,4,400,262,13513.21,7709.54,227.42,5803.67
SL-0005594,STR-030,CAT-02,2023-04-01,2023,4,211,119,10137.39,8460.23,384.34,1677.16
SL-0005595,STR-030,CAT-03,2023-04-01,2023,4,569,357,15961.51,10127.4,373.17,5834.11
SL-0005596,STR-030,CAT-04,2023-04-01,2023,4,1250,691,15108.69,10033.0,318.96,5075.69
SL-0005597,STR-030,CAT-05,2023-04-01,2023,4,647,394,21789.72,10062.68,890.16,11727.04
SL-0005598,STR-030,CAT-06,2023-04-01,2023,4,911,492,26412.15,20892.57,352.64,5519.58
SL-0005599,STR-030,CAT-07,2023-04-01,2023,4,650,385,18037.13,11191.22,303.09,6845.91
SL-0005600,STR-030,CAT-08,2023-04-01,2023,4,489,364,16064.03,11294.69,876.51,4769.34
SL-0005601,STR-030,CAT-01,2023-05-01,2023,5,735,393,12866.28,7723.72,341.38,5142.56
SL-0005602,STR-030,CAT-02,2023-05-01,2023,5,589,322,13672.4,10996.74,336.22,2675.66
SL-0005603,STR-030,CAT-03,2023-05-01,2023,5,618,380,24096.46,14359.21,654.55,9737.25
SL-0005604,STR-030,CAT-04,2023-05-01,2023,5,702,434,21202.94,14376.15,1055.45,6826.79
SL-0005605,STR-030,CAT-05,2023-05-01,2023,5,601,290,18065.43,8041.95,966.2,10023.48
SL-0005606,STR-030,CAT-06,2023-05-01,2023,5,602,377,15224.62,10988.25,884.04,4236.37
SL-0005607,STR-030,CAT-07,2023-05-01,2023,5,573,268,17479.87,10281.65,784.79,7198.22
SL-0005608,STR-030,CAT-08,2023-05-01,2023,5,719,394,21019.1,14122.69,1118.55,6896.41
SL-0005609,STR-030,CAT-01,2023-06-01,2023,6,212,125,8030.04,4744.71,169.77,3285.33
SL-0005610,STR-030,CAT-02,2023-06-01,2023,6,322,216,11534.08,9254.4,555.54,2279.68
SL-0005611,STR-030,CAT-03,2023-06-01,2023,6,196,137,8317.6,5533.98,112.51,2783.62
SL-0005612,STR-030,CAT-04,2023-06-01,2023,6,332,263,11656.82,7291.99,198.13,4364.83
SL-0005613,STR-030,CAT-05,2023-06-01,2023,6,636,402,16332.74,7128.95,841.78,9203.79
SL-0005614,STR-030,CAT-06,2023-06-01,2023,6,514,251,12752.91,9851.41,530.12,2901.5
SL-0005615,STR-030,CAT-07,2023-06-01,2023,6,419,211,8341.05,5050.72,395.53,3290.33
SL-0005616,STR-030,CAT-08,2023-06-01,2023,6,316,155,10957.69,8029.77,217.58,2927.92
SL-0005617,STR-030,CAT-01,2023-07-01,2023,7,718,447,25185.47,14411.34,1107.74,10774.13
SL-0005618,STR-030,CAT-02,2023-07-01,2023,7,591,253,23516.33,19042.39,903.48,4473.94
SL-0005619,STR-030,CAT-03,2023-07-01,2023,7,432,236,11830.26,7440.05,475.1,4390.21
SL-0005620,STR-030,CAT-04,2023-07-01,2023,7,753,388,28587.97,18080.66,555.92,10507.31
SL-0005621,STR-030,CAT-05,2023-07-01,2023,7,604,323,23651.09,10563.61,272.23,13087.48
SL-0005622,STR-030,CAT-06,2023-07-01,2023,7,983,507,31661.66,24732.64,1818.78,6929.02
SL-0005623,STR-030,CAT-07,2023-07-01,2023,7,678,326,17493.37,10125.36,1049.12,7368.01
SL-0005624,STR-030,CAT-08,2023-07-01,2023,7,747,422,21758.96,14646.6,343.89,7112.36
SL-0005625,STR-030,CAT-01,2023-08-01,2023,8,394,257,11989.85,7070.68,516.39,4919.17
SL-0005626,STR-030,CAT-02,2023-08-01,2023,8,495,342,16927.29,14030.93,943.56,2896.36
SL-0005627,STR-030,CAT-03,2023-08-01,2023,8,500,251,15634.69,9475.68,176.28,6159.01
SL-0005628,STR-030,CAT-04,2023-08-01,2023,8,429,259,12928.18,8330.44,434.04,4597.74
SL-0005629,STR-030,CAT-05,2023-08-01,2023,8,774,358,18324.92,8383.57,1004.22,9941.35
SL-0005630,STR-030,CAT-06,2023-08-01,2023,8,509,276,18546.48,14787.57,385.13,3758.91
SL-0005631,STR-030,CAT-07,2023-08-01,2023,8,691,283,17434.09,11039.91,849.52,6394.18
SL-0005632,STR-030,CAT-08,2023-08-01,2023,8,434,235,14495.09,10007.42,386.93,4487.67
SL-0005633,STR-030,CAT-01,2023-09-01,2023,9,1164,607,20239.35,11601.06,236.15,8638.29
SL-0005634,STR-030,CAT-02,2023-09-01,2023,9,830,423,18187.0,14732.64,924.07,3454.36
SL-0005635,STR-030,CAT-03,2023-09-01,2023,9,414,164,12636.26,7990.68,531.18,4645.58
SL-0005636,STR-030,CAT-04,2023-09-01,2023,9,662,366,21411.9,13444.96,1082.41,7966.94
SL-0005637,STR-030,CAT-05,2023-09-01,2023,9,427,170,9664.59,4197.46,343.37,5467.13
SL-0005638,STR-030,CAT-06,2023-09-01,2023,9,747,304,10554.1,8379.28,591.1,2174.82
SL-0005639,STR-030,CAT-07,2023-09-01,2023,9,4255,2096,24043.18,15196.73,715.9,8846.45
SL-0005640,STR-030,CAT-08,2023-09-01,2023,9,1013,650,15545.05,10667.06,475.43,4877.99
SL-0005641,STR-030,CAT-01,2023-10-01,2023,10,226,170,8735.06,4871.2,356.22,3863.86
SL-0005642,STR-030,CAT-02,2023-10-01,2023,10,643,410,20827.31,16652.74,437.05,4174.57
SL-0005643,STR-030,CAT-03,2023-10-01,2023,10,391,254,9639.49,5968.26,251.17,3671.23
SL-0005644,STR-030,CAT-04,2023-10-01,2023,10,407,210,9501.61,6332.91,113.08,3168.7
SL-0005645,STR-030,CAT-05,2023-10-01,2023,10,611,369,11805.93,5476.37,266.16,6329.56
SL-0005646,STR-030,CAT-06,2023-10-01,2023,10,265,154,9294.61,7353.72,450.15,1940.89
SL-0005647,STR-030,CAT-07,2023-10-01,2023,10,235,120,8095.47,4771.5,294.4,3323.97
SL-0005648,STR-030,CAT-08,2023-10-01,2023,10,664,647,16507.57,11925.35,245.09,4582.22
SL-0005649,STR-030,CAT-01,2023-11-01,2023,11,1306,680,26329.12,14850.91,1471.75,11478.21
SL-0005650,STR-030,CAT-02,2023-11-01,2023,11,574,262,27752.22,22493.74,1075.66,5258.48
SL-0005651,STR-030,CAT-03,2023-11-01,2023,11,655,367,12350.73,7416.48,623.53,4934.25
SL-0005652,STR-030,CAT-04,2023-11-01,2023,11,514,253,17002.29,10931.9,504.86,6070.39
SL-0005653,STR-030,CAT-05,2023-11-01,2023,11,559,353,16086.19,7335.84,815.27,8750.35
SL-0005654,STR-030,CAT-06,2023-11-01,2023,11,991,476,20047.37,14712.93,548.31,5334.44
SL-0005655,STR-030,CAT-07,2023-11-01,2023,11,856,436,25721.5,15256.18,1106.92,10465.32
SL-0005656,STR-030,CAT-08,2023-11-01,2023,11,552,419,13060.36,9386.97,596.35,3673.39
SL-0005657,STR-030,CAT-01,2023-12-01,2023,12,885,368,33370.44,18864.31,1797.79,14506.13
SL-0005658,STR-030,CAT-02,2023-12-01,2023,12,1156,566,28722.46,23645.88,1319.25,5076.58
SL-0005659,STR-030,CAT-03,2023-12-01,2023,12,1057,665,30537.21,18834.39,315.54,11702.82
SL-0005660,STR-030,CAT-04,2023-12-01,2023,12,404,215,10608.49,6964.02,212.75,3644.47
SL-0005661,STR-030,CAT-05,2023-12-01,2023,12,1207,594,26108.42,11356.1,1127.52,14752.32
SL-0005662,STR-030,CAT-06,2023-12-01,2023,12,715,465,24537.68,19609.19,422.76,4928.49
SL-0005663,STR-030,CAT-07,2023-12-01,2023,12,1471,1063,45376.07,26476.44,2226.52,18899.63
SL-0005664,STR-030,CAT-08,2023-12-01,2023,12,1301,859,32447.21,21882.45,1201.32,10564.76
SL-0005665,STR-030,CAT-01,2024-01-01,2024,1,707,275,16084.09,9372.76,419.38,6711.33
SL-0005666,STR-030,CAT-02,2024-01-01,2024,1,490,221,13946.35,11580.82,567.44,2365.53
SL-0005667,STR-030,CAT-03,2024-01-01,2024,1,564,328,14643.94,8772.65,271.84,5871.29
SL-0005668,STR-030,CAT-04,2024-01-01,2024,1,485,275,17281.15,11414.94,821.7,5866.21
SL-0005669,STR-030,CAT-05,2024-01-01,2024,1,548,271,8019.09,3623.45,346.78,4395.64
SL-0005670,STR-030,CAT-06,2024-01-01,2024,1,1141,628,14745.83,11171.16,628.7,3574.67
SL-0005671,STR-030,CAT-07,2024-01-01,2024,1,624,390,12068.34,7289.84,691.92,4778.5
SL-0005672,STR-030,CAT-08,2024-01-01,2024,1,423,216,11030.59,7627.71,495.55,3402.88
SL-0005673,STR-030,CAT-01,2024-02-01,2024,2,398,158,17119.31,9749.8,813.76,7369.51
SL-0005674,STR-030,CAT-02,2024-02-01,2024,2,648,342,12715.86,10293.51,620.57,2422.35
SL-0005675,STR-030,CAT-03,2024-02-01,2024,2,300,189,11226.76,7052.61,615.95,4174.15
SL-0005676,STR-030,CAT-04,2024-02-01,2024,2,602,307,21231.0,13398.09,1131.21,7832.91
SL-0005677,STR-030,CAT-05,2024-02-01,2024,2,1158,563,20515.95,9386.86,1183.73,11129.09
SL-0005678,STR-030,CAT-06,2024-02-01,2024,2,555,244,14797.03,10890.61,696.64,3906.42
SL-0005679,STR-030,CAT-07,2024-02-01,2024,2,436,258,11937.48,7329.56,420.91,4607.92
SL-0005680,STR-030,CAT-08,2024-02-01,2024,2,524,357,21561.7,14681.18,628.55,6880.52
SL-0005681,STR-030,CAT-01,2024-03-01,2024,3,934,615,20438.23,12125.54,356.2,8312.69
SL-0005682,STR-030,CAT-02,2024-03-01,2024,3,510,293,21147.79,16399.97,895.14,4747.82
SL-0005683,STR-030,CAT-03,2024-03-01,2024,3,1161,870,24009.83,15254.01,1012.27,8755.82
SL-0005684,STR-030,CAT-04,2024-03-01,2024,3,624,324,15347.5,10452.09,913.04,4895.41
SL-0005685,STR-030,CAT-05,2024-03-01,2024,3,1320,605,25626.83,11034.43,411.9,14592.4
SL-0005686,STR-030,CAT-06,2024-03-01,2024,3,488,288,17499.99,14171.68,406.72,3328.31
SL-0005687,STR-030,CAT-07,2024-03-01,2024,3,1129,662,18657.89,11221.24,275.84,7436.65
SL-0005688,STR-030,CAT-08,2024-03-01,2024,3,315,170,16841.95,11165.89,863.98,5676.06
SL-0005689,STR-030,CAT-01,2024-04-01,2024,4,540,366,17898.32,10274.94,762.08,7623.38
SL-0005690,STR-030,CAT-02,2024-04-01,2024,4,674,283,21205.98,16954.54,350.28,4251.44
SL-0005691,STR-030,CAT-03,2024-04-01,2024,4,722,480,19803.6,12628.97,576.54,7174.63
SL-0005692,STR-030,CAT-04,2024-04-01,2024,4,1071,855,26039.19,17084.44,537.17,8954.75
SL-0005693,STR-030,CAT-05,2024-04-01,2024,4,673,301,21671.64,10138.14,668.6,11533.5
SL-0005694,STR-030,CAT-06,2024-04-01,2024,4,1146,832,22814.47,17439.67,364.53,5374.8
SL-0005695,STR-030,CAT-07,2024-04-01,2024,4,753,328,11348.68,6874.86,195.48,4473.82
SL-0005696,STR-030,CAT-08,2024-04-01,2024,4,699,437,20213.88,13862.11,924.03,6351.77
SL-0005697,STR-030,CAT-01,2024-05-01,2024,5,494,325,17672.17,10519.54,1047.09,7152.63
SL-0005698,STR-030,CAT-02,2024-05-01,2024,5,447,215,18594.72,14965.63,1001.54,3629.09
SL-0005699,STR-030,CAT-03,2024-05-01,2024,5,1475,892,24085.0,14678.08,484.93,9406.92
SL-0005700,STR-030,CAT-04,2024-05-01,2024,5,608,295,15238.55,9751.36,288.17,5487.19
SL-0005701,STR-030,CAT-05,2024-05-01,2024,5,524,295,15611.49,6921.27,499.51,8690.22
SL-0005702,STR-030,CAT-06,2024-05-01,2024,5,464,256,18548.72,14293.28,1077.23,4255.44
SL-0005703,STR-030,CAT-07,2024-05-01,2024,5,464,225,10620.81,6921.88,204.69,3698.93
SL-0005704,STR-030,CAT-08,2024-05-01,2024,5,620,354,15958.98,10801.38,798.19,5157.6
SL-0005705,STR-030,CAT-01,2024-06-01,2024,6,884,413,23183.98,13194.11,506.38,9989.87
SL-0005706,STR-030,CAT-02,2024-06-01,2024,6,707,357,22174.19,18488.2,660.22,3685.99
SL-0005707,STR-030,CAT-03,2024-06-01,2024,6,836,580,15126.49,9136.06,754.73,5990.43
SL-0005708,STR-030,CAT-04,2024-06-01,2024,6,1157,545,22413.77,14512.45,533.5,7901.32
SL-0005709,STR-030,CAT-05,2024-06-01,2024,6,405,195,12630.63,5462.41,181.08,7168.22
SL-0005710,STR-030,CAT-06,2024-06-01,2024,6,532,290,21885.31,16900.14,548.87,4985.17
SL-0005711,STR-030,CAT-07,2024-06-01,2024,6,570,331,13814.23,8148.17,641.27,5666.06
SL-0005712,STR-030,CAT-08,2024-06-01,2024,6,740,328,19021.07,13316.56,338.17,5704.51
SL-0005713,STR-030,CAT-01,2024-07-01,2024,7,531,332,18815.79,11356.48,940.53,7459.31
SL-0005714,STR-030,CAT-02,2024-07-01,2024,7,622,268,9497.35,7630.52,524.25,1866.83
SL-0005715,STR-030,CAT-03,2024-07-01,2024,7,788,365,17310.37,10606.75,1024.04,6703.62
SL-0005716,STR-030,CAT-04,2024-07-01,2024,7,513,220,11823.36,7646.81,180.87,4176.55
SL-0005717,STR-030,CAT-05,2024-07-01,2024,7,281,118,11682.79,5394.45,278.02,6288.34
SL-0005718,STR-030,CAT-06,2024-07-01,2024,7,573,253,17637.59,13365.91,390.29,4271.68
SL-0005719,STR-030,CAT-07,2024-07-01,2024,7,636,272,20255.54,12299.77,267.13,7955.77
SL-0005720,STR-030,CAT-08,2024-07-01,2024,7,501,330,15304.92,10553.12,480.81,4751.8
SL-0005721,STR-030,CAT-01,2024-08-01,2024,8,755,407,23576.33,13626.06,1078.76,9950.27
SL-0005722,STR-030,CAT-02,2024-08-01,2024,8,864,521,18554.24,15150.86,965.31,3403.38
SL-0005723,STR-030,CAT-03,2024-08-01,2024,8,424,235,16246.54,10136.63,825.46,6109.91
SL-0005724,STR-030,CAT-04,2024-08-01,2024,8,777,490,25375.1,15867.93,633.25,9507.17
SL-0005725,STR-030,CAT-05,2024-08-01,2024,8,471,361,14478.11,6750.62,660.51,7727.49
SL-0005726,STR-030,CAT-06,2024-08-01,2024,8,700,331,18959.65,15043.93,204.71,3915.72
SL-0005727,STR-030,CAT-07,2024-08-01,2024,8,986,640,13097.03,7815.07,279.95,5281.96
SL-0005728,STR-030,CAT-08,2024-08-01,2024,8,906,448,17769.66,12498.13,1063.02,5271.53
SL-0005729,STR-030,CAT-01,2024-09-01,2024,9,615,320,14919.23,8815.97,338.91,6103.26
SL-0005730,STR-030,CAT-02,2024-09-01,2024,9,366,219,12681.38,10116.58,457.22,2564.8
SL-0005731,STR-030,CAT-03,2024-09-01,2024,9,728,512,14328.99,8562.06,617.25,5766.93
SL-0005732,STR-030,CAT-04,2024-09-01,2024,9,884,585,24647.01,16710.47,390.7,7936.54
SL-0005733,STR-030,CAT-05,2024-09-01,2024,9,740,451,18939.84,8832.02,1004.62,10107.82
SL-0005734,STR-030,CAT-06,2024-09-01,2024,9,335,153,12132.58,9530.91,181.93,2601.67
SL-0005735,STR-030,CAT-07,2024-09-01,2024,9,597,262,18415.27,11455.5,541.05,6959.77
SL-0005736,STR-030,CAT-08,2024-09-01,2024,9,638,337,16812.27,11522.23,930.17,5290.04
SL-0005737,STR-030,CAT-01,2024-10-01,2024,10,1296,857,22698.07,13394.94,748.69,9303.13
SL-0005738,STR-030,CAT-02,2024-10-01,2024,10,738,411,22072.7,18708.41,1300.84,3364.29
SL-0005739,STR-030,CAT-03,2024-10-01,2024,10,1146,516,22833.89,14743.84,1062.72,8090.05
SL-0005740,STR-030,CAT-04,2024-10-01,2024,10,608,276,16522.59,10857.76,842.61,5664.83
SL-0005741,STR-030,CAT-05,2024-10-01,2024,10,672,340,23156.42,9771.39,1151.36,13385.03
SL-0005742,STR-030,CAT-06,2024-10-01,2024,10,694,333,21746.52,17268.33,1001.87,4478.19
SL-0005743,STR-030,CAT-07,2024-10-01,2024,10,646,505,16111.33,9701.4,246.18,6409.93
SL-0005744,STR-030,CAT-08,2024-10-01,2024,10,723,428,26121.33,18092.23,1252.92,8029.1
SL-0005745,STR-030,CAT-01,2024-11-01,2024,11,394,230,15334.0,9441.71,914.5,5892.29
SL-0005746,STR-030,CAT-02,2024-11-01,2024,11,1007,604,33177.33,28222.0,1077.41,4955.33
SL-0005747,STR-030,CAT-03,2024-11-01,2024,11,1441,768,25109.62,15281.88,952.07,9827.74
SL-0005748,STR-030,CAT-04,2024-11-01,2024,11,703,343,20859.21,14233.9,1012.6,6625.31
SL-0005749,STR-030,CAT-05,2024-11-01,2024,11,671,448,19041.64,8386.67,281.0,10654.97
SL-0005750,STR-030,CAT-06,2024-11-01,2024,11,533,382,18989.03,14676.74,690.29,4312.29
SL-0005751,STR-030,CAT-07,2024-11-01,2024,11,935,511,29109.65,17889.22,1434.91,11220.43
SL-0005752,STR-030,CAT-08,2024-11-01,2024,11,700,608,19656.3,13402.33,993.14,6253.97
SL-0005753,STR-030,CAT-01,2024-12-01,2024,12,843,431,23387.03,12821.12,1000.98,10565.91
SL-0005754,STR-030,CAT-02,2024-12-01,2024,12,1572,1075,17648.67,14632.04,881.78,3016.63
SL-0005755,STR-030,CAT-03,2024-12-01,2024,12,692,355,18168.51,11551.6,951.69,6616.91
SL-0005756,STR-030,CAT-04,2024-12-01,2024,12,569,268,13871.23,8913.15,680.8,4958.08
SL-0005757,STR-030,CAT-05,2024-12-01,2024,12,1315,648,20375.41,9449.68,209.98,10925.73
SL-0005758,STR-030,CAT-06,2024-12-01,2024,12,537,283,17880.55,13645.31,526.32,4235.24
SL-0005759,STR-030,CAT-07,2024-12-01,2024,12,1340,698,41272.0,24883.39,1578.31,16388.61
SL-0005760,STR-030,CAT-08,2024-12-01,2024,12,583,290,15695.66,11449.21,891.11,4246.45
SL-0005761,STR-031,CAT-01,2023-01-01,2023,1,782,547,16593.61,9547.06,973.84,7046.55
SL-0005762,STR-031,CAT-02,2023-01-01,2023,1,477,294,17708.91,14730.89,853.94,2978.02
SL-0005763,STR-031,CAT-03,2023-01-01,2023,1,617,437,22917.21,14137.85,781.15,8779.36
SL-0005764,STR-031,CAT-04,2023-01-01,2023,1,539,289,21632.35,14304.92,1105.45,7327.43
SL-0005765,STR-031,CAT-05,2023-01-01,2023,1,652,366,19376.09,9345.69,779.74,10030.4
SL-0005766,STR-031,CAT-06,2023-01-01,2023,1,715,450,23662.96,18914.36,968.89,4748.6
SL-0005767,STR-031,CAT-07,2023-01-01,2023,1,409,200,13220.45,8012.94,549.18,5207.51
SL-0005768,STR-031,CAT-08,2023-01-01,2023,1,1728,1063,26206.43,17945.97,984.29,8260.46
SL-0005769,STR-031,CAT-01,2023-02-01,2023,2,463,304,15401.6,8523.72,733.52,6877.88
SL-0005770,STR-031,CAT-02,2023-02-01,2023,2,241,114,9346.55,7790.43,132.1,1556.12
SL-0005771,STR-031,CAT-03,2023-02-01,2023,2,327,196,9984.12,6068.0,477.93,3916.12
SL-0005772,STR-031,CAT-04,2023-02-01,2023,2,1931,753,24512.87,16108.08,907.92,8404.79
SL-0005773,STR-031,CAT-05,2023-02-01,2023,2,1,1,15324.34,6515.26,408.83,8809.08
SL-0005774,STR-031,CAT-06,2023-02-01,2023,2,991,729,24748.27,17519.07,886.51,7229.2
SL-0005775,STR-031,CAT-07,2023-02-01,2023,2,299,177,8687.61,5184.04,176.26,3503.57
SL-0005776,STR-031,CAT-08,2023-02-01,2023,2,825,528,16314.06,11158.94,906.26,5155.12
SL-0005777,STR-031,CAT-01,2023-03-01,2023,3,430,247,13547.7,8219.34,726.87,5328.36
SL-0005778,STR-031,CAT-02,2023-03-01,2023,3,1490,726,27669.98,22309.43,1316.52,5360.55
SL-0005779,STR-031,CAT-03,2023-03-01,2023,3,1523,824,29130.46,18807.53,1572.4,10322.93
SL-0005780,STR-031,CAT-04,2023-03-01,2023,3,775,478,16809.57,10222.27,636.7,6587.3
SL-0005781,STR-031,CAT-05,2023-03-01,2023,3,1443,711,33949.19,14855.35,1183.09,19093.84
SL-0005782,STR-031,CAT-06,2023-03-01,2023,3,920,580,26966.35,21689.77,769.79,5276.58
SL-0005783,STR-031,CAT-07,2023-03-01,2023,3,583,277,14232.31,8628.32,844.45,5603.99
SL-0005784,STR-031,CAT-08,2023-03-01,2023,3,991,442,23260.77,15672.39,844.44,7588.38
SL-0005785,STR-031,CAT-01,2023-04-01,2023,4,683,412,19657.69,11383.78,910.42,8273.91
SL-0005786,STR-031,CAT-02,2023-04-01,2023,4,577,527,19415.37,15821.53,505.52,3593.84
SL-0005787,STR-031,CAT-03,2023-04-01,2023,4,577,275,18418.74,11467.74,582.12,6951.0
SL-0005788,STR-031,CAT-04,2023-04-01,2023,4,2028,1201,29689.54,20106.43,471.66,9583.11
SL-0005789,STR-031,CAT-05,2023-04-01,2023,4,365,194,16234.51,7434.37,534.86,8800.14
SL-0005790,STR-031,CAT-06,2023-04-01,2023,4,522,275,11292.94,8174.34,557.93,3118.6
SL-0005791,STR-031,CAT-07,2023-04-01,2023,4,735,467,20649.92,12021.75,667.34,8628.17
SL-0005792,STR-031,CAT-08,2023-04-01,2023,4,593,361,13209.83,9165.9,163.18,4043.93
SL-0005793,STR-031,CAT-01,2023-05-01,2023,5,1118,627,24065.84,14278.3,1347.35,9787.54
SL-0005794,STR-031,CAT-02,2023-05-01,2023,5,752,562,16065.57,12988.6,768.4,3076.97
SL-0005795,STR-031,CAT-03,2023-05-01,2023,5,920,602,19167.53,11935.14,825.58,7232.39
SL-0005796,STR-031,CAT-04,2023-05-01,2023,5,1143,681,29172.7,19221.28,298.94,9951.42
SL-0005797,STR-031,CAT-05,2023-05-01,2023,5,1558,1019,16303.58,7374.24,400.24,8929.34
SL-0005798,STR-031,CAT-06,2023-05-01,2023,5,1365,759,26560.65,19875.9,1460.2,6684.75
SL-0005799,STR-031,CAT-07,2023-05-01,2023,5,1605,1103,17283.31,10206.65,316.88,7076.66
SL-0005800,STR-031,CAT-08,2023-05-01,2023,5,842,486,27536.9,19101.81,1429.72,8435.09
SL-0005801,STR-031,CAT-01,2023-06-01,2023,6,684,314,19531.49,11826.14,635.46,7705.35
SL-0005802,STR-031,CAT-02,2023-06-01,2023,6,468,227,15543.77,12748.45,441.02,2795.32
SL-0005803,STR-031,CAT-03,2023-06-01,2023,6,778,481,22247.22,13466.26,1102.25,8780.96
SL-0005804,STR-031,CAT-04,2023-06-01,2023,6,922,529,22678.32,14393.05,1269.26,8285.27
SL-0005805,STR-031,CAT-05,2023-06-01,2023,6,943,441,28781.34,12285.83,384.21,16495.51
SL-0005806,STR-031,CAT-06,2023-06-01,2023,6,1779,887,33530.18,25961.52,830.97,7568.66
SL-0005807,STR-031,CAT-07,2023-06-01,2023,6,612,279,24148.35,14218.53,1377.95,9929.82
SL-0005808,STR-031,CAT-08,2023-06-01,2023,6,489,226,17426.52,12486.26,718.54,4940.26
SL-0005809,STR-031,CAT-01,2023-07-01,2023,7,889,452,22658.79,12581.66,719.37,10077.13
SL-0005810,STR-031,CAT-02,2023-07-01,2023,7,533,243,17942.05,15059.74,348.12,2882.31
SL-0005811,STR-031,CAT-03,2023-07-01,2023,7,705,311,19118.85,12422.13,415.6,6696.72
SL-0005812,STR-031,CAT-04,2023-07-01,2023,7,803,462,24362.71,15875.19,261.35,8487.52
SL-0005813,STR-031,CAT-05,2023-07-01,2023,7,562,303,15107.1,6589.62,290.32,8517.48
SL-0005814,STR-031,CAT-06,2023-07-01,2023,7,574,326,21543.01,16303.95,384.78,5239.06
SL-0005815,STR-031,CAT-07,2023-07-01,2023,7,916,568,14250.21,8406.6,229.45,5843.61
SL-0005816,STR-031,CAT-08,2023-07-01,2023,7,767,472,19393.86,13294.82,726.03,6099.04
SL-0005817,STR-031,CAT-01,2023-08-01,2023,8,765,348,26654.84,15382.35,1354.64,11272.49
SL-0005818,STR-031,CAT-02,2023-08-01,2023,8,554,285,20366.26,16578.64,1059.22,3787.62
SL-0005819,STR-031,CAT-03,2023-08-01,2023,8,889,344,26707.43,15500.11,1529.49,11207.32
SL-0005820,STR-031,CAT-04,2023-08-01,2023,8,763,383,25509.91,16444.43,1500.57,9065.48
SL-0005821,STR-031,CAT-05,2023-08-01,2023,8,716,448,26343.74,11587.91,1167.83,14755.83
SL-0005822,STR-031,CAT-06,2023-08-01,2023,8,797,429,17563.58,14330.59,358.9,3232.99
SL-0005823,STR-031,CAT-07,2023-08-01,2023,8,759,439,11208.9,7209.27,193.52,3999.63
SL-0005824,STR-031,CAT-08,2023-08-01,2023,8,921,628,23126.37,16807.01,558.15,6319.36
SL-0005825,STR-031,CAT-01,2023-09-01,2023,9,557,349,23221.91,12804.01,1360.33,10417.9
SL-0005826,STR-031,CAT-02,2023-09-01,2023,9,575,314,23723.24,19740.15,1397.57,3983.09
SL-0005827,STR-031,CAT-03,2023-09-01,2023,9,685,283,17087.7,10286.86,788.86,6800.84
SL-0005828,STR-031,CAT-04,2023-09-01,2023,9,961,527,21446.05,13804.73,398.96,7641.32
SL-0005829,STR-031,CAT-05,2023-09-01,2023,9,607,396,17594.14,7850.07,627.85,9744.07
SL-0005830,STR-031,CAT-06,2023-09-01,2023,9,435,277,17309.21,13821.1,686.71,3488.11
SL-0005831,STR-031,CAT-07,2023-09-01,2023,9,669,365,11325.21,6558.99,162.29,4766.22
SL-0005832,STR-031,CAT-08,2023-09-01,2023,9,643,338,13694.56,9351.7,542.75,4342.86
SL-0005833,STR-031,CAT-01,2023-10-01,2023,10,685,326,20268.29,11538.56,1020.38,8729.73
SL-0005834,STR-031,CAT-02,2023-10-01,2023,10,596,287,14182.4,11451.34,528.32,2731.06
SL-0005835,STR-031,CAT-03,2023-10-01,2023,10,485,208,13665.59,8582.72,789.29,5082.87
SL-0005836,STR-031,CAT-04,2023-10-01,2023,10,373,304,12490.32,8229.97,592.1,4260.35
SL-0005837,STR-031,CAT-05,2023-10-01,2023,10,841,509,20610.38,9409.8,982.6,11200.58
SL-0005838,STR-031,CAT-06,2023-10-01,2023,10,325,156,11828.73,9154.36,352.26,2674.37
SL-0005839,STR-031,CAT-07,2023-10-01,2023,10,260,122,10926.42,6451.34,475.81,4475.08
SL-0005840,STR-031,CAT-08,2023-10-01,2023,10,510,236,14478.74,9724.27,671.12,4754.47
SL-0005841,STR-031,CAT-01,2023-11-01,2023,11,732,332,16590.91,9682.75,504.12,6908.16
SL-0005842,STR-031,CAT-02,2023-11-01,2023,11,1106,778,42896.09,34710.01,2265.72,8186.08
SL-0005843,STR-031,CAT-03,2023-11-01,2023,11,1517,1200,25671.55,16226.6,731.22,9444.95
SL-0005844,STR-031,CAT-04,2023-11-01,2023,11,6546,3540,19905.17,13403.55,836.8,6501.62
SL-0005845,STR-031,CAT-05,2023-11-01,2023,11,1435,776,29997.81,12845.52,1248.67,17152.29
SL-0005846,STR-031,CAT-06,2023-11-01,2023,11,1536,812,24138.16,19193.43,542.65,4944.73
SL-0005847,STR-031,CAT-07,2023-11-01,2023,11,901,520,28702.17,16746.58,982.62,11955.59
SL-0005848,STR-031,CAT-08,2023-11-01,2023,11,1369,830,24287.59,17469.54,1200.94,6818.05
SL-0005849,STR-031,CAT-01,2023-12-01,2023,12,1537,802,30262.43,17154.12,569.24,13108.31
SL-0005850,STR-031,CAT-02,2023-12-01,2023,12,767,534,23689.16,20272.73,1130.36,3416.43
SL-0005851,STR-031,CAT-03,2023-12-01,2023,12,1085,478,25853.96,15169.86,1539.79,10684.1
SL-0005852,STR-031,CAT-04,2023-12-01,2023,12,442,250,12817.97,8500.69,436.42,4317.28
SL-0005853,STR-031,CAT-05,2023-12-01,2023,12,791,484,19553.45,8745.35,403.5,10808.1
SL-0005854,STR-031,CAT-06,2023-12-01,2023,12,584,314,20395.55,16221.24,1141.85,4174.31
SL-0005855,STR-031,CAT-07,2023-12-01,2023,12,1523,911,47074.76,26740.45,744.76,20334.31
SL-0005856,STR-031,CAT-08,2023-12-01,2023,12,1474,803,28418.23,19849.83,661.34,8568.4
SL-0005857,STR-031,CAT-01,2024-01-01,2024,1,637,364,13782.32,8074.64,229.17,5707.68
SL-0005858,STR-031,CAT-02,2024-01-01,2024,1,354,167,12646.29,9969.7,323.1,2676.59
SL-0005859,STR-031,CAT-03,2024-01-01,2024,1,355,197,14951.62,8826.89,568.24,6124.73
SL-0005860,STR-031,CAT-04,2024-01-01,2024,1,828,434,23058.22,15189.38,1138.72,7868.84
SL-0005861,STR-031,CAT-05,2024-01-01,2024,1,1287,737,21498.77,9945.48,729.19,11553.29
SL-0005862,STR-031,CAT-06,2024-01-01,2024,1,437,275,19861.78,14861.14,431.17,5000.64
SL-0005863,STR-031,CAT-07,2024-01-01,2024,1,560,317,18961.32,11280.61,461.61,7680.71
SL-0005864,STR-031,CAT-08,2024-01-01,2024,1,611,285,18318.54,12368.56,659.8,5949.98
SL-0005865,STR-031,CAT-01,2024-02-01,2024,2,758,589,21178.21,11270.92,323.13,9907.29
SL-0005866,STR-031,CAT-02,2024-02-01,2024,2,492,222,13511.86,11243.26,580.22,2268.6
SL-0005867,STR-031,CAT-03,2024-02-01,2024,2,838,519,21354.1,13423.62,468.16,7930.48
SL-0005868,STR-031,CAT-04,2024-02-01,2024,2,1527,1162,30829.43,19728.99,1423.85,11100.44
SL-0005869,STR-031,CAT-05,2024-02-01,2024,2,453,215,15092.44,7011.2,201.53,8081.24
SL-0005870,STR-031,CAT-06,2024-02-01,2024,2,641,304,20642.48,16895.79,832.76,3746.69
SL-0005871,STR-031,CAT-07,2024-02-01,2024,2,918,439,17214.05,10783.18,864.34,6430.87
SL-0005872,STR-031,CAT-08,2024-02-01,2024,2,1062,543,22877.86,15774.0,857.02,7103.86
SL-0005873,STR-031,CAT-01,2024-03-01,2024,3,1268,722,17458.66,10103.9,646.55,7354.76
SL-0005874,STR-031,CAT-02,2024-03-01,2024,3,561,388,20501.53,16482.02,826.69,4019.51
SL-0005875,STR-031,CAT-03,2024-03-01,2024,3,2282,1044,31440.07,19473.76,1818.58,11966.31
SL-0005876,STR-031,CAT-04,2024-03-01,2024,3,1225,792,29836.27,18737.12,1126.81,11099.15
SL-0005877,STR-031,CAT-05,2024-03-01,2024,3,1053,521,30199.24,13447.09,1780.31,16752.15
SL-0005878,STR-031,CAT-06,2024-03-01,2024,3,842,411,22293.44,17612.68,1061.86,4680.76
SL-0005879,STR-031,CAT-07,2024-03-01,2024,3,1356,661,14180.76,8582.09,316.63,5598.67
SL-0005880,STR-031,CAT-08,2024-03-01,2024,3,579,300,15367.83,10582.82,807.51,4785.01
SL-0005881,STR-031,CAT-01,2024-04-01,2024,4,769,421,15686.17,8651.22,713.03,7034.95
SL-0005882,STR-031,CAT-02,2024-04-01,2024,4,647,268,17461.23,14440.04,600.36,3021.19
SL-0005883,STR-031,CAT-03,2024-04-01,2024,4,1260,612,30634.65,18663.74,1598.17,11970.91
SL-0005884,STR-031,CAT-04,2024-04-01,2024,4,738,471,24584.68,15933.27,1062.83,8651.41
SL-0005885,STR-031,CAT-05,2024-04-01,2024,4,741,389,20975.97,9489.75,245.74,11486.22
SL-0005886,STR-031,CAT-06,2024-04-01,2024,4,585,358,20272.72,16081.43,577.33,4191.29
SL-0005887,STR-031,CAT-07,2024-04-01,2024,4,1215,911,19484.31,11565.66,643.32,7918.65
SL-0005888,STR-031,CAT-08,2024-04-01,2024,4,611,357,19887.04,14172.79,911.45,5714.25
SL-0005889,STR-031,CAT-01,2024-05-01,2024,5,453,196,17601.19,9980.4,530.23,7620.79
SL-0005890,STR-031,CAT-02,2024-05-01,2024,5,428,231,15971.81,12894.29,924.9,3077.52
SL-0005891,STR-031,CAT-03,2024-05-01,2024,5,736,364,23742.0,14968.92,471.57,8773.08
SL-0005892,STR-031,CAT-04,2024-05-01,2024,5,690,481,23623.39,15474.98,605.5,8148.41
SL-0005893,STR-031,CAT-05,2024-05-01,2024,5,1601,778,25748.69,11558.53,1505.17,14190.16
SL-0005894,STR-031,CAT-06,2024-05-01,2024,5,562,511,15943.69,12193.92,855.82,3749.77
SL-0005895,STR-031,CAT-07,2024-05-01,2024,5,723,672,17858.17,10543.8,997.99,7314.37
SL-0005896,STR-031,CAT-08,2024-05-01,2024,5,675,401,14470.44,10609.44,734.46,3861.0
SL-0005897,STR-031,CAT-01,2024-06-01,2024,6,356,229,10859.36,6382.69,485.46,4476.67
SL-0005898,STR-031,CAT-02,2024-06-01,2024,6,536,285,13884.34,11018.58,782.34,2865.76
SL-0005899,STR-031,CAT-03,2024-06-01,2024,6,504,325,11848.65,7164.39,358.15,4684.26
SL-0005900,STR-031,CAT-04,2024-06-01,2024,6,644,428,21787.99,14631.06,448.11,7156.93
SL-0005901,STR-031,CAT-05,2024-06-01,2024,6,552,261,16559.92,7476.43,438.84,9083.49
SL-0005902,STR-031,CAT-06,2024-06-01,2024,6,861,569,16727.06,12919.25,987.54,3807.81
SL-0005903,STR-031,CAT-07,2024-06-01,2024,6,1103,681,20514.05,12278.48,521.37,8235.57
SL-0005904,STR-031,CAT-08,2024-06-01,2024,6,442,251,10056.95,6997.56,109.36,3059.39
SL-0005905,STR-031,CAT-01,2024-07-01,2024,7,767,458,21437.15,12953.22,619.62,8483.93
SL-0005906,STR-031,CAT-02,2024-07-01,2024,7,516,394,15802.55,12738.32,839.24,3064.23
SL-0005907,STR-031,CAT-03,2024-07-01,2024,7,987,589,16952.46,10921.47,170.94,6030.99
SL-0005908,STR-031,CAT-04,2024-07-01,2024,7,673,342,27391.01,18464.07,403.23,8926.94
SL-0005909,STR-031,CAT-05,2024-07-01,2024,7,659,306,22373.77,10181.17,788.91,12192.6
SL-0005910,STR-031,CAT-06,2024-07-01,2024,7,661,325,20695.28,15174.1,838.61,5521.18
SL-0005911,STR-031,CAT-07,2024-07-01,2024,7,820,406,26403.41,15862.84,1098.09,10540.57
SL-0005912,STR-031,CAT-08,2024-07-01,2024,7,900,463,25861.5,17208.7,389.01,8652.8
SL-0005913,STR-031,CAT-01,2024-08-01,2024,8,1273,700,37782.52,21090.83,2150.96,16691.69
SL-0005914,STR-031,CAT-02,2024-08-01,2024,8,771,521,23125.9,18455.92,1084.74,4669.98
SL-0005915,STR-031,CAT-03,2024-08-01,2024,8,958,598,32706.2,19416.97,1592.09,13289.23
SL-0005916,STR-031,CAT-04,2024-08-01,2024,8,838,546,27731.91,18659.74,637.41,9072.17
SL-0005917,STR-031,CAT-05,2024-08-01,2024,8,1164,673,29565.99,13953.04,727.01,15612.95
SL-0005918,STR-031,CAT-06,2024-08-01,2024,8,1509,844,22457.5,18044.35,283.94,4413.15
SL-0005919,STR-031,CAT-07,2024-08-01,2024,8,588,530,20772.88,12836.64,322.04,7936.24
SL-0005920,STR-031,CAT-08,2024-08-01,2024,8,1002,450,31920.74,23311.59,1855.49,8609.15
SL-0005921,STR-031,CAT-01,2024-09-01,2024,9,931,715,24881.67,14232.92,648.14,10648.75
SL-0005922,STR-031,CAT-02,2024-09-01,2024,9,650,376,15727.15,13525.52,654.0,2201.63
SL-0005923,STR-031,CAT-03,2024-09-01,2024,9,394,181,14486.52,9445.81,493.59,5040.71
SL-0005924,STR-031,CAT-04,2024-09-01,2024,9,975,588,20205.53,13084.03,872.78,7121.5
SL-0005925,STR-031,CAT-05,2024-09-01,2024,9,794,357,23732.74,10705.89,1375.33,13026.85
SL-0005926,STR-031,CAT-06,2024-09-01,2024,9,1193,576,26375.08,20786.64,275.16,5588.44
SL-0005927,STR-031,CAT-07,2024-09-01,2024,9,450,264,16938.46,9971.81,773.68,6966.65
SL-0005928,STR-031,CAT-08,2024-09-01,2024,9,1543,1076,21771.98,15415.37,383.87,6356.61
SL-0005929,STR-031,CAT-01,2024-10-01,2024,10,1096,699,30647.36,17986.96,1266.86,12660.4
SL-0005930,STR-031,CAT-02,2024-10-01,2024,10,604,267,23609.29,18393.68,750.11,5215.61
SL-0005931,STR-031,CAT-03,2024-10-01,2024,10,643,355,12778.62,7885.93,538.1,4892.69
SL-0005932,STR-031,CAT-04,2024-10-01,2024,10,459,319,16088.93,10868.09,636.17,5220.84
SL-0005933,STR-031,CAT-05,2024-10-01,2024,10,654,350,18409.33,8371.83,345.56,10037.5
SL-0005934,STR-031,CAT-06,2024-10-01,2024,10,1109,558,23906.44,18536.32,452.81,5370.12
SL-0005935,STR-031,CAT-07,2024-10-01,2024,10,2857,1673,20591.62,12233.8,1207.24,8357.82
SL-0005936,STR-031,CAT-08,2024-10-01,2024,10,832,601,23529.98,16132.6,793.78,7397.38
SL-0005937,STR-031,CAT-01,2024-11-01,2024,11,919,512,24534.58,14436.89,688.08,10097.69
SL-0005938,STR-031,CAT-02,2024-11-01,2024,11,1151,652,35157.63,28948.45,1542.62,6209.18
SL-0005939,STR-031,CAT-03,2024-11-01,2024,11,1586,934,25406.27,14738.38,920.69,10667.89
SL-0005940,STR-031,CAT-04,2024-11-01,2024,11,661,381,18626.97,11960.93,814.99,6666.04
SL-0005941,STR-031,CAT-05,2024-11-01,2024,11,543,272,19625.06,8665.53,1055.95,10959.53
SL-0005942,STR-031,CAT-06,2024-11-01,2024,11,641,264,23231.33,18459.44,846.52,4771.89
SL-0005943,STR-031,CAT-07,2024-11-01,2024,11,1368,697,45693.79,27459.35,1652.72,18234.44
SL-0005944,STR-031,CAT-08,2024-11-01,2024,11,1234,705,25594.07,17332.47,653.48,8261.6
SL-0005945,STR-031,CAT-01,2024-12-01,2024,12,710,479,28022.4,15869.06,1264.1,12153.34
SL-0005946,STR-031,CAT-02,2024-12-01,2024,12,831,430,22574.93,18347.06,386.34,4227.87
SL-0005947,STR-031,CAT-03,2024-12-01,2024,12,1054,467,29218.84,17512.99,1681.68,11705.85
SL-0005948,STR-031,CAT-04,2024-12-01,2024,12,952,522,15883.12,10450.35,482.78,5432.77
SL-0005949,STR-031,CAT-05,2024-12-01,2024,12,880,489,23671.08,10353.58,834.35,13317.5
SL-0005950,STR-031,CAT-06,2024-12-01,2024,12,1144,676,30606.03,24541.04,465.53,6064.99
SL-0005951,STR-031,CAT-07,2024-12-01,2024,12,4630,3678,53265.36,32925.16,2901.72,20340.2
SL-0005952,STR-031,CAT-08,2024-12-01,2024,12,644,325,19105.08,13949.49,1024.58,5155.59
SL-0005953,STR-032,CAT-01,2023-01-01,2023,1,603,393,24726.92,14128.5,651.49,10598.42
SL-0005954,STR-032,CAT-02,2023-01-01,2023,1,823,352,20959.83,17285.96,990.33,3673.87
SL-0005955,STR-032,CAT-03,2023-01-01,2023,1,675,451,20089.88,12411.41,368.1,7678.47
SL-0005956,STR-032,CAT-04,2023-01-01,2023,1,808,415,21109.97,13628.88,1008.6,7481.09
SL-0005957,STR-032,CAT-05,2023-01-01,2023,1,646,494,20383.38,8742.61,257.63,11640.77
SL-0005958,STR-032,CAT-06,2023-01-01,2023,1,973,591,23429.83,19750.85,1001.67,3678.98
SL-0005959,STR-032,CAT-07,2023-01-01,2023,1,877,511,12643.7,7434.75,282.23,5208.95
SL-0005960,STR-032,CAT-08,2023-01-01,2023,1,1803,923,32564.14,23811.73,1080.04,8752.41
SL-0005961,STR-032,CAT-01,2023-02-01,2023,2,1016,431,27244.01,15986.01,1201.07,11258.0
SL-0005962,STR-032,CAT-02,2023-02-01,2023,2,328,220,14365.21,12146.8,164.75,2218.41
SL-0005963,STR-032,CAT-03,2023-02-01,2023,2,709,437,16128.66,9910.93,460.3,6217.73
SL-0005964,STR-032,CAT-04,2023-02-01,2023,2,976,537,27036.46,17491.98,628.29,9544.48
SL-0005965,STR-032,CAT-05,2023-02-01,2023,2,981,486,25741.19,11445.83,1243.05,14295.36
SL-0005966,STR-032,CAT-06,2023-02-01,2023,2,318,172,13272.93,9948.45,770.88,3324.48
SL-0005967,STR-032,CAT-07,2023-02-01,2023,2,801,484,17196.01,10717.29,288.83,6478.72
SL-0005968,STR-032,CAT-08,2023-02-01,2023,2,586,273,20519.67,13932.9,855.15,6586.77
SL-0005969,STR-032,CAT-01,2023-03-01,2023,3,1125,732,25963.45,14992.99,475.27,10970.46
SL-0005970,STR-032,CAT-02,2023-03-01,2023,3,389,220,15212.47,12441.24,198.13,2771.23
SL-0005971,STR-032,CAT-03,2023-03-01,2023,3,752,460,30800.88,19334.94,422.1,11465.94
SL-0005972,STR-032,CAT-04,2023-03-01,2023,3,964,513,27066.67,17783.92,1418.25,9282.75
SL-0005973,STR-032,CAT-05,2023-03-01,2023,3,1262,645,25011.46,11594.42,360.9,13417.04
SL-0005974,STR-032,CAT-06,2023-03-01,2023,3,586,277,13998.36,11011.49,432.58,2986.87
SL-0005975,STR-032,CAT-07,2023-03-01,2023,3,749,482,22058.2,13850.83,810.53,8207.37
SL-0005976,STR-032,CAT-08,2023-03-01,2023,3,364,181,17763.92,12221.39,852.37,5542.53
SL-0005977,STR-032,CAT-01,2023-04-01,2023,4,285,162,10261.43,5699.13,261.6,4562.3
SL-0005978,STR-032,CAT-02,2023-04-01,2023,4,514,312,15097.93,12759.73,640.56,2338.2
SL-0005979,STR-032,CAT-03,2023-04-01,2023,4,573,301,15201.25,9085.63,850.02,6115.62
SL-0005980,STR-032,CAT-04,2023-04-01,2023,4,758,457,17912.78,11681.95,501.13,6230.83
SL-0005981,STR-032,CAT-05,2023-04-01,2023,4,1035,585,14424.05,6383.38,486.14,8040.67
SL-0005982,STR-032,CAT-06,2023-04-01,2023,4,1257,675,26421.43,20016.88,884.47,6404.55
SL-0005983,STR-032,CAT-07,2023-04-01,2023,4,382,226,11157.53,6399.41,327.72,4758.12
SL-0005984,STR-032,CAT-08,2023-04-01,2023,4,363,189,12452.37,8751.58,308.01,3700.79
SL-0005985,STR-032,CAT-01,2023-05-01,2023,5,1282,691,15442.15,8833.7,415.54,6608.45
SL-0005986,STR-032,CAT-02,2023-05-01,2023,5,741,318,22367.53,17213.16,1022.56,5154.37
SL-0005987,STR-032,CAT-03,2023-05-01,2023,5,826,470,20422.55,12590.68,824.81,7831.87
SL-0005988,STR-032,CAT-04,2023-05-01,2023,5,984,615,23559.33,16396.24,974.6,7163.09
SL-0005989,STR-032,CAT-05,2023-05-01,2023,5,567,278,17643.13,7467.06,462.79,10176.07
SL-0005990,STR-032,CAT-06,2023-05-01,2023,5,879,569,17204.76,13551.31,721.39,3653.45
SL-0005991,STR-032,CAT-07,2023-05-01,2023,5,701,382,21869.59,13100.1,1029.64,8769.49
SL-0005992,STR-032,CAT-08,2023-05-01,2023,5,259,156,13510.26,9340.13,420.85,4170.13
SL-0005993,STR-032,CAT-01,2023-06-01,2023,6,564,282,20179.11,11651.27,657.62,8527.84
SL-0005994,STR-032,CAT-02,2023-06-01,2023,6,715,375,23108.13,18511.2,242.13,4596.93
SL-0005995,STR-032,CAT-03,2023-06-01,2023,6,893,390,31664.86,19164.33,422.41,12500.53
SL-0005996,STR-032,CAT-04,2023-06-01,2023,6,1717,856,29079.99,18607.04,1373.97,10472.95
SL-0005997,STR-032,CAT-05,2023-06-01,2023,6,679,527,19360.18,8962.32,1133.98,10397.86
SL-0005998,STR-032,CAT-06,2023-06-01,2023,6,1015,440,30408.32,22715.16,1742.29,7693.16
SL-0005999,STR-032,CAT-07,2023-06-01,2023,6,864,397,24539.92,14531.44,557.72,10008.48
SL-0006000,STR-032,CAT-08,2023-06-01,2023,6,437,218,11710.99,8442.97,417.63,3268.02
SL-0006001,STR-032,CAT-01,2023-07-01,2023,7,942,465,28271.28,17143.73,612.24,11127.55
SL-0006002,STR-032,CAT-02,2023-07-01,2023,7,528,255,12253.11,10316.42,486.28,1936.69
SL-0006003,STR-032,CAT-03,2023-07-01,2023,7,691,345,17883.05,11436.56,369.1,6446.49
SL-0006004,STR-032,CAT-04,2023-07-01,2023,7,547,365,15667.17,9917.33,542.23,5749.84
SL-0006005,STR-032,CAT-05,2023-07-01,2023,7,338,209,14169.53,6385.4,233.75,7784.13
SL-0006006,STR-032,CAT-06,2023-07-01,2023,7,412,194,18428.41,14817.4,718.62,3611.01
SL-0006007,STR-032,CAT-07,2023-07-01,2023,7,439,340,14871.56,8716.93,425.19,6154.63
SL-0006008,STR-032,CAT-08,2023-07-01,2023,7,629,337,19127.54,12934.63,820.35,6192.91
SL-0006009,STR-032,CAT-01,2023-08-01,2023,8,1252,637,39900.35,22884.05,949.57,17016.3
SL-0006010,STR-032,CAT-02,2023-08-01,2023,8,883,489,31848.7,27981.67,643.02,3867.03
SL-0006011,STR-032,CAT-03,2023-08-01,2023,8,810,495,31028.44,18636.13,689.59,12392.31
SL-0006012,STR-032,CAT-04,2023-08-01,2023,8,740,530,27502.87,17755.48,862.61,9747.39
SL-0006013,STR-032,CAT-05,2023-08-01,2023,8,1359,937,21464.61,9703.18,784.1,11761.43
SL-0006014,STR-032,CAT-06,2023-08-01,2023,8,1011,434,37966.1,29622.89,1016.5,8343.21
SL-0006015,STR-032,CAT-07,2023-08-01,2023,8,1276,616,27434.18,16665.95,387.92,10768.23
SL-0006016,STR-032,CAT-08,2023-08-01,2023,8,1691,1010,45059.89,30866.52,646.62,14193.37
SL-0006017,STR-032,CAT-01,2023-09-01,2023,9,723,447,24234.17,13650.28,431.81,10583.89
SL-0006018,STR-032,CAT-02,2023-09-01,2023,9,342,176,13468.77,10751.86,173.12,2716.91
SL-0006019,STR-032,CAT-03,2023-09-01,2023,9,1056,589,26203.69,15505.18,508.55,10698.51
SL-0006020,STR-032,CAT-04,2023-09-01,2023,9,715,344,27694.74,18101.93,768.65,9592.81
SL-0006021,STR-032,CAT-05,2023-09-01,2023,9,878,488,25108.1,11831.81,1386.28,13276.29
SL-0006022,STR-032,CAT-06,2023-09-01,2023,9,499,278,13150.55,10595.19,709.5,2555.36
SL-0006023,STR-032,CAT-07,2023-09-01,2023,9,741,393,18126.88,10781.02,333.43,7345.86
SL-0006024,STR-032,CAT-08,2023-09-01,2023,9,645,415,18589.31,13065.67,699.97,5523.64
SL-0006025,STR-032,CAT-01,2023-10-01,2023,10,455,237,16982.23,9360.13,408.33,7622.1
SL-0006026,STR-032,CAT-02,2023-10-01,2023,10,535,312,14886.78,12702.75,655.84,2184.03
SL-0006027,STR-032,CAT-03,2023-10-01,2023,10,793,411,20830.58,12991.49,1021.85,7839.09
SL-0006028,STR-032,CAT-04,2023-10-01,2023,10,810,575,21419.84,13738.71,355.67,7681.13
SL-0006029,STR-032,CAT-05,2023-10-01,2023,10,710,456,25067.09,11118.63,872.75,13948.46
SL-0006030,STR-032,CAT-06,2023-10-01,2023,10,1633,797,32288.81,24548.11,1344.47,7740.7
SL-0006031,STR-032,CAT-07,2023-10-01,2023,10,780,432,13755.51,8463.5,659.46,5292.01
SL-0006032,STR-032,CAT-08,2023-10-01,2023,10,1347,904,22739.3,15422.45,492.02,7316.85
SL-0006033,STR-032,CAT-01,2023-11-01,2023,11,406,235,12791.73,7839.54,575.92,4952.19
SL-0006034,STR-032,CAT-02,2023-11-01,2023,11,2248,1032,30704.31,24030.38,1414.93,6673.93
SL-0006035,STR-032,CAT-03,2023-11-01,2023,11,598,333,18841.81,11493.06,710.24,7348.75
SL-0006036,STR-032,CAT-04,2023-11-01,2023,11,485,306,11981.25,8174.37,478.69,3806.88
SL-0006037,STR-032,CAT-05,2023-11-01,2023,11,643,343,25944.89,11960.04,776.05,13984.85
SL-0006038,STR-032,CAT-06,2023-11-01,2023,11,462,273,15438.34,11760.37,281.7,3677.97
SL-0006039,STR-032,CAT-07,2023-11-01,2023,11,1102,652,29660.88,17926.11,703.03,11734.77
SL-0006040,STR-032,CAT-08,2023-11-01,2023,11,1224,925,20133.24,14323.18,905.04,5810.06
SL-0006041,STR-032,CAT-01,2023-12-01,2023,12,696,335,24461.76,14206.84,415.4,10254.92
SL-0006042,STR-032,CAT-02,2023-12-01,2023,12,4459,2249,62442.29,49389.82,1938.91,13052.47
SL-0006043,STR-032,CAT-03,2023-12-01,2023,12,771,458,24325.47,15134.57,428.43,9190.9
SL-0006044,STR-032,CAT-04,2023-12-01,2023,12,979,546,16553.46,10867.35,550.67,5686.11
SL-0006045,STR-032,CAT-05,2023-12-01,2023,12,1305,636,38715.43,17026.46,649.85,21688.97
SL-0006046,STR-032,CAT-06,2023-12-01,2023,12,594,372,20199.15,15297.63,267.71,4901.52
SL-0006047,STR-032,CAT-07,2023-12-01,2023,12,1791,858,44025.29,27403.09,865.55,16622.2
SL-0006048,STR-032,CAT-08,2023-12-01,2023,12,565,354,18266.13,13014.34,540.16,5251.79
SL-0006049,STR-032,CAT-01,2024-01-01,2024,1,304,147,10124.02,5840.25,127.71,4283.77
SL-0006050,STR-032,CAT-02,2024-01-01,2024,1,402,305,13517.09,10894.41,700.03,2622.68
SL-0006051,STR-032,CAT-03,2024-01-01,2024,1,953,470,22944.93,14751.96,1214.54,8192.97
SL-0006052,STR-032,CAT-04,2024-01-01,2024,1,721,365,25929.22,16827.18,284.19,9102.04
SL-0006053,STR-032,CAT-05,2024-01-01,2024,1,1194,630,24488.41,11102.08,694.82,13386.33
SL-0006054,STR-032,CAT-06,2024-01-01,2024,1,931,425,24766.52,18865.06,1293.98,5901.46
SL-0006055,STR-032,CAT-07,2024-01-01,2024,1,538,297,15618.93,9393.2,292.67,6225.73
SL-0006056,STR-032,CAT-08,2024-01-01,2024,1,455,247,17380.49,11524.92,332.78,5855.57
SL-0006057,STR-032,CAT-01,2024-02-01,2024,2,820,465,26563.95,15935.29,429.15,10628.66
SL-0006058,STR-032,CAT-02,2024-02-01,2024,2,721,329,22448.81,17402.43,816.98,5046.38
SL-0006059,STR-032,CAT-03,2024-02-01,2024,2,1352,606,26093.35,16314.47,1167.08,9778.88
SL-0006060,STR-032,CAT-04,2024-02-01,2024,2,1965,1030,29747.36,18820.17,1703.4,10927.19
SL-0006061,STR-032,CAT-05,2024-02-01,2024,2,1102,1580,16139.1,7767.16,298.56,8371.94
SL-0006062,STR-032,CAT-06,2024-02-01,2024,2,501,234,17772.03,14178.54,1039.44,3593.49
SL-0006063,STR-032,CAT-07,2024-02-01,2024,2,415,409,18001.46,10674.38,709.77,7327.08
SL-0006064,STR-032,CAT-08,2024-02-01,2024,2,697,551,25585.2,18654.39,529.08,6930.81
SL-0006065,STR-032,CAT-01,2024-03-01,2024,3,1033,459,30386.18,18290.71,1485.07,12095.47
SL-0006066,STR-032,CAT-02,2024-03-01,2024,3,787,652,15782.87,13120.56,892.21,2662.31
SL-0006067,STR-032,CAT-03,2024-03-01,2024,3,708,329,19464.66,12575.62,646.48,6889.04
SL-0006068,STR-032,CAT-04,2024-03-01,2024,3,377,216,16808.77,11154.8,882.09,5653.97
SL-0006069,STR-032,CAT-05,2024-03-01,2024,3,1069,477,31791.03,14430.76,739.5,17360.27
SL-0006070,STR-032,CAT-06,2024-03-01,2024,3,399,210,15200.47,11343.36,189.87,3857.11
SL-0006071,STR-032,CAT-07,2024-03-01,2024,3,719,556,22431.82,13657.85,884.2,8773.97
SL-0006072,STR-032,CAT-08,2024-03-01,2024,3,929,508,29611.22,20288.77,561.61,9322.45
SL-0006073,STR-032,CAT-01,2024-04-01,2024,4,554,334,14298.85,8446.28,510.4,5852.57
SL-0006074,STR-032,CAT-02,2024-04-01,2024,4,1029,522,20021.4,16220.96,713.13,3800.44
SL-0006075,STR-032,CAT-03,2024-04-01,2024,4,1350,618,27359.9,16835.4,1553.95,10524.5
SL-0006076,STR-032,CAT-04,2024-04-01,2024,4,823,601,26174.35,15817.44,1475.66,10356.91
SL-0006077,STR-032,CAT-05,2024-04-01,2024,4,651,334,18912.48,8369.33,547.13,10543.15
SL-0006078,STR-032,CAT-06,2024-04-01,2024,4,561,286,18162.48,14288.47,574.5,3874.01
SL-0006079,STR-032,CAT-07,2024-04-01,2024,4,620,301,14556.74,8653.08,188.54,5903.66
SL-0006080,STR-032,CAT-08,2024-04-01,2024,4,1270,811,17862.16,12219.87,970.86,5642.29
SL-0006081,STR-032,CAT-01,2024-05-01,2024,5,1053,549,33278.37,19969.86,1144.09,13308.51
SL-0006082,STR-032,CAT-02,2024-05-01,2024,5,739,370,16529.3,13538.93,542.73,2990.37
SL-0006083,STR-032,CAT-03,2024-05-01,2024,5,553,389,16422.94,9671.2,889.06,6751.74
SL-0006084,STR-032,CAT-04,2024-05-01,2024,5,2139,1145,24566.68,14998.92,373.58,9567.76
SL-0006085,STR-032,CAT-05,2024-05-01,2024,5,1194,822,30535.55,13644.21,1119.35,16891.34
SL-0006086,STR-032,CAT-06,2024-05-01,2024,5,1269,894,28576.64,21869.74,536.92,6706.9
SL-0006087,STR-032,CAT-07,2024-05-01,2024,5,437,240,13346.37,8124.41,374.8,5221.96
SL-0006088,STR-032,CAT-08,2024-05-01,2024,5,827,445,21247.81,15295.05,530.05,5952.76
SL-0006089,STR-032,CAT-01,2024-06-01,2024,6,879,576,36370.32,20507.57,1834.79,15862.75
SL-0006090,STR-032,CAT-02,2024-06-01,2024,6,1216,483,42626.03,34362.5,1072.96,8263.53
SL-0006091,STR-032,CAT-03,2024-06-01,2024,6,1137,773,33621.56,21292.28,631.38,12329.28
SL-0006092,STR-032,CAT-04,2024-06-01,2024,6,490,277,19361.69,13395.9,434.95,5965.79
SL-0006093,STR-032,CAT-05,2024-06-01,2024,6,1177,616,35838.14,16700.58,822.2,19137.56
SL-0006094,STR-032,CAT-06,2024-06-01,2024,6,1319,714,33168.42,26013.13,507.74,7155.29
SL-0006095,STR-032,CAT-07,2024-06-01,2024,6,523,241,14174.22,7900.47,780.79,6273.75
SL-0006096,STR-032,CAT-08,2024-06-01,2024,6,937,606,31435.93,21681.01,1259.05,9754.92
SL-0006097,STR-032,CAT-01,2024-07-01,2024,7,855,386,26208.06,15063.0,662.27,11145.06
SL-0006098,STR-032,CAT-02,2024-07-01,2024,7,827,396,22484.2,18202.49,1103.04,4281.71
SL-0006099,STR-032,CAT-03,2024-07-01,2024,7,344,188,14979.65,9287.36,528.94,5692.29
SL-0006100,STR-032,CAT-04,2024-07-01,2024,7,427,277,16916.88,11288.13,718.79,5628.75
SL-0006101,STR-032,CAT-05,2024-07-01,2024,7,1046,563,19481.13,8158.92,375.25,11322.21
SL-0006102,STR-032,CAT-06,2024-07-01,2024,7,1379,1367,25401.03,20347.63,817.48,5053.4
SL-0006103,STR-032,CAT-07,2024-07-01,2024,7,615,459,16030.13,9337.46,906.77,6692.67
SL-0006104,STR-032,CAT-08,2024-07-01,2024,7,777,403,21068.61,14132.86,436.38,6935.75
SL-0006105,STR-032,CAT-01,2024-08-01,2024,8,877,531,21141.22,12272.09,1111.62,8869.13
SL-0006106,STR-032,CAT-02,2024-08-01,2024,8,856,382,31193.7,25163.18,1280.32,6030.52
SL-0006107,STR-032,CAT-03,2024-08-01,2024,8,1498,769,26718.11,17433.82,1491.13,9284.29
SL-0006108,STR-032,CAT-04,2024-08-01,2024,8,787,368,23573.49,14368.99,1110.62,9204.5
SL-0006109,STR-032,CAT-05,2024-08-01,2024,8,496,211,14745.83,6410.1,291.38,8335.73
SL-0006110,STR-032,CAT-06,2024-08-01,2024,8,599,285,26617.01,20847.93,999.99,5769.08
SL-0006111,STR-032,CAT-07,2024-08-01,2024,8,457,253,14248.65,8702.83,582.91,5545.82
SL-0006112,STR-032,CAT-08,2024-08-01,2024,8,735,428,21867.36,15579.92,1215.49,6287.44
SL-0006113,STR-032,CAT-01,2024-09-01,2024,9,598,321,23819.65,13500.0,1272.0,10319.65
SL-0006114,STR-032,CAT-02,2024-09-01,2024,9,1264,666,24379.89,19836.02,785.51,4543.87
SL-0006115,STR-032,CAT-03,2024-09-01,2024,9,724,438,25052.68,15810.49,844.33,9242.19
SL-0006116,STR-032,CAT-04,2024-09-01,2024,9,1303,642,26979.68,16983.59,379.22,9996.09
SL-0006117,STR-032,CAT-05,2024-09-01,2024,9,563,322,16910.08,7736.37,695.34,9173.71
SL-0006118,STR-032,CAT-06,2024-09-01,2024,9,3242,3542,20408.47,15473.46,1168.85,4935.01
SL-0006119,STR-032,CAT-07,2024-09-01,2024,9,596,350,24271.54,15064.9,356.37,9206.64
SL-0006120,STR-032,CAT-08,2024-09-01,2024,9,698,435,24857.01,19276.65,1330.13,5580.36
SL-0006121,STR-032,CAT-01,2024-10-01,2024,10,702,408,22962.46,13361.49,1341.97,9600.97
SL-0006122,STR-032,CAT-02,2024-10-01,2024,10,961,521,27801.58,22912.32,940.93,4889.26
SL-0006123,STR-032,CAT-03,2024-10-01,2024,10,794,365,38040.29,23723.68,1332.65,14316.61
SL-0006124,STR-032,CAT-04,2024-10-01,2024,10,711,325,32291.31,21106.04,578.69,11185.27
SL-0006125,STR-032,CAT-05,2024-10-01,2024,10,1388,969,33088.78,15132.86,1183.46,17955.92
SL-0006126,STR-032,CAT-06,2024-10-01,2024,10,1166,683,27027.44,20452.28,1386.92,6575.16
SL-0006127,STR-032,CAT-07,2024-10-01,2024,10,774,429,24649.26,15291.4,1396.02,9357.86
SL-0006128,STR-032,CAT-08,2024-10-01,2024,10,1215,639,31346.37,22340.35,1598.55,9006.02
SL-0006129,STR-032,CAT-01,2024-11-01,2024,11,1921,1215,40941.05,22923.18,2126.52,18017.87
SL-0006130,STR-032,CAT-02,2024-11-01,2024,11,794,412,32885.52,26914.86,1394.79,5970.66
SL-0006131,STR-032,CAT-03,2024-11-01,2024,11,1316,887,30519.94,18668.48,513.53,11851.46
SL-0006132,STR-032,CAT-04,2024-11-01,2024,11,903,501,23458.56,14793.59,1078.16,8664.97
SL-0006133,STR-032,CAT-05,2024-11-01,2024,11,575,308,19913.13,8722.07,919.15,11191.06
SL-0006134,STR-032,CAT-06,2024-11-01,2024,11,958,511,30401.29,23874.02,1153.64,6527.27
SL-0006135,STR-032,CAT-07,2024-11-01,2024,11,1278,903,41075.31,24812.13,1926.24,16263.18
SL-0006136,STR-032,CAT-08,2024-11-01,2024,11,2851,1662,32621.57,23401.17,950.24,9220.4
SL-0006137,STR-032,CAT-01,2024-12-01,2024,12,689,362,25832.78,14431.5,363.72,11401.28
SL-0006138,STR-032,CAT-02,2024-12-01,2024,12,1340,544,42248.23,35744.19,808.92,6504.04
SL-0006139,STR-032,CAT-03,2024-12-01,2024,12,1702,887,36658.93,23238.63,1219.09,13420.3
SL-0006140,STR-032,CAT-04,2024-12-01,2024,12,728,399,18586.39,12141.43,861.12,6444.96
SL-0006141,STR-032,CAT-05,2024-12-01,2024,12,2210,1075,42909.33,19112.29,1101.76,23797.04
SL-0006142,STR-032,CAT-06,2024-12-01,2024,12,1225,992,26344.66,21466.87,1351.93,4877.79
SL-0006143,STR-032,CAT-07,2024-12-01,2024,12,3646,1838,69528.37,40270.83,1008.52,29257.54
SL-0006144,STR-032,CAT-08,2024-12-01,2024,12,424,268,19951.5,13819.78,331.82,6131.72
SL-0006145,STR-033,CAT-01,2023-01-01,2023,1,360,221,9370.19,5763.7,125.19,3606.49
SL-0006146,STR-033,CAT-02,2023-01-01,2023,1,551,282,14856.98,12501.04,461.35,2355.94
SL-0006147,STR-033,CAT-03,2023-01-01,2023,1,343,175,13685.9,9132.35,804.45,4553.55
SL-0006148,STR-033,CAT-04,2023-01-01,2023,1,511,223,9308.46,6932.03,341.17,2376.43
SL-0006149,STR-033,CAT-05,2023-01-01,2023,1,527,282,12030.54,6042.56,310.02,5987.98
SL-0006150,STR-033,CAT-06,2023-01-01,2023,1,333,168,11493.74,9472.3,362.74,2021.44
SL-0006151,STR-033,CAT-07,2023-01-01,2023,1,325,207,9539.25,6245.29,495.33,3293.96
SL-0006152,STR-033,CAT-08,2023-01-01,2023,1,667,348,11660.4,8753.77,473.97,2906.63
SL-0006153,STR-033,CAT-01,2023-02-01,2023,2,665,316,22778.37,14749.71,672.02,8028.66
SL-0006154,STR-033,CAT-02,2023-02-01,2023,2,685,302,20043.39,17496.72,337.09,2546.67
SL-0006155,STR-033,CAT-03,2023-02-01,2023,2,640,296,17785.48,11378.87,628.64,6406.61
SL-0006156,STR-033,CAT-04,2023-02-01,2023,2,662,389,13928.8,9886.28,738.7,4042.52
SL-0006157,STR-033,CAT-05,2023-02-01,2023,2,613,320,21220.3,10617.76,568.22,10602.54
SL-0006158,STR-033,CAT-06,2023-02-01,2023,2,616,430,13566.68,11915.62,484.68,1651.06
SL-0006159,STR-033,CAT-07,2023-02-01,2023,2,359,203,10088.12,6631.9,436.21,3456.22
SL-0006160,STR-033,CAT-08,2023-02-01,2023,2,848,491,21735.49,16705.16,1013.16,5030.33
SL-0006161,STR-033,CAT-01,2023-03-01,2023,3,525,271,24335.88,14858.06,778.19,9477.82
SL-0006162,STR-033,CAT-02,2023-03-01,2023,3,356,183,13982.01,12269.42,427.91,1712.59
SL-0006163,STR-033,CAT-03,2023-03-01,2023,3,659,391,28222.02,17630.15,1306.8,10591.87
SL-0006164,STR-033,CAT-04,2023-03-01,2023,3,552,422,12311.75,9100.27,194.99,3211.48
SL-0006165,STR-033,CAT-05,2023-03-01,2023,3,607,461,20548.06,10277.51,368.02,10270.55
SL-0006166,STR-033,CAT-06,2023-03-01,2023,3,1003,476,26022.45,21609.22,842.77,4413.23
SL-0006167,STR-033,CAT-07,2023-03-01,2023,3,743,415,15919.9,9713.49,869.02,6206.41
SL-0006168,STR-033,CAT-08,2023-03-01,2023,3,317,145,13963.73,10887.2,358.75,3076.53
SL-0006169,STR-033,CAT-01,2023-04-01,2023,4,1308,766,17650.72,10844.71,693.18,6806.01
SL-0006170,STR-033,CAT-02,2023-04-01,2023,4,433,240,12959.71,11818.73,458.52,1140.98
SL-0006171,STR-033,CAT-03,2023-04-01,2023,4,572,302,17705.36,11682.08,317.1,6023.28
SL-0006172,STR-033,CAT-04,2023-04-01,2023,4,662,425,22852.54,16331.58,371.23,6520.96
SL-0006173,STR-033,CAT-05,2023-04-01,2023,4,921,517,13013.64,6181.37,525.71,6832.27
SL-0006174,STR-033,CAT-06,2023-04-01,2023,4,597,416,18250.17,15106.22,815.59,3143.95
SL-0006175,STR-033,CAT-07,2023-04-01,2023,4,1303,602,21082.53,13163.85,770.41,7918.68
SL-0006176,STR-033,CAT-08,2023-04-01,2023,4,2085,1112,11201.28,8625.67,403.71,2575.61
SL-0006177,STR-033,CAT-01,2023-05-01,2023,5,631,381,13667.96,8795.69,420.83,4872.27
SL-0006178,STR-033,CAT-02,2023-05-01,2023,5,445,251,9048.18,8135.9,123.57,912.28
SL-0006179,STR-033,CAT-03,2023-05-01,2023,5,255,195,12153.74,8076.37,579.15,4077.37
SL-0006180,STR-033,CAT-04,2023-05-01,2023,5,643,302,18136.06,12945.44,612.93,5190.62
SL-0006181,STR-033,CAT-05,2023-05-01,2023,5,1090,587,16737.34,8282.7,392.78,8454.64
SL-0006182,STR-033,CAT-06,2023-05-01,2023,5,326,200,8992.43,7523.28,184.61,1469.15
SL-0006183,STR-033,CAT-07,2023-05-01,2023,5,469,209,10227.43,6711.91,237.61,3515.52
SL-0006184,STR-033,CAT-08,2023-05-01,2023,5,329,196,9653.32,6946.82,455.76,2706.5
SL-0006185,STR-033,CAT-01,2023-06-01,2023,6,275,111,10072.05,6332.76,101.38,3739.29
SL-0006186,STR-033,CAT-02,2023-06-01,2023,6,383,194,10923.29,9578.83,553.12,1344.46
SL-0006187,STR-033,CAT-03,2023-06-01,2023,6,566,320,12801.78,8947.11,254.55,3854.67
SL-0006188,STR-033,CAT-04,2023-06-01,2023,6,729,390,19470.83,13278.04,230.06,6192.79
SL-0006189,STR-033,CAT-05,2023-06-01,2023,6,924,458,18480.1,8744.87,617.24,9735.23
SL-0006190,STR-033,CAT-06,2023-06-01,2023,6,1095,744,23332.36,19677.95,872.94,3654.41
SL-0006191,STR-033,CAT-07,2023-06-01,2023,6,671,354,18546.6,11853.98,587.48,6692.62
SL-0006192,STR-033,CAT-08,2023-06-01,2023,6,843,572,8828.43,6461.34,278.12,2367.09
SL-0006193,STR-033,CAT-01,2023-07-01,2023,7,428,208,12892.49,7993.8,324.09,4898.69
SL-0006194,STR-033,CAT-02,2023-07-01,2023,7,1274,661,12115.15,10395.96,600.8,1719.19
SL-0006195,STR-033,CAT-03,2023-07-01,2023,7,724,428,12875.07,8349.76,472.99,4525.31
SL-0006196,STR-033,CAT-04,2023-07-01,2023,7,831,554,21345.6,15240.15,998.72,6105.45
SL-0006197,STR-033,CAT-05,2023-07-01,2023,7,271,123,9665.78,4618.51,123.45,5047.27
SL-0006198,STR-033,CAT-06,2023-07-01,2023,7,534,303,18010.29,15389.25,737.15,2621.04
SL-0006199,STR-033,CAT-07,2023-07-01,2023,7,1158,607,12350.39,8088.68,602.08,4261.71
SL-0006200,STR-033,CAT-08,2023-07-01,2023,7,1082,718,25307.04,18391.95,616.93,6915.09
SL-0006201,STR-033,CAT-01,2023-08-01,2023,8,865,535,23600.72,14956.61,407.73,8644.11
SL-0006202,STR-033,CAT-02,2023-08-01,2023,8,440,224,15766.85,13885.6,652.44,1881.25
SL-0006203,STR-033,CAT-03,2023-08-01,2023,8,1118,643,18629.52,11713.35,754.71,6916.17
SL-0006204,STR-033,CAT-04,2023-08-01,2023,8,692,286,15089.64,10521.3,280.78,4568.34
SL-0006205,STR-033,CAT-05,2023-08-01,2023,8,606,303,21178.53,10810.56,1261.68,10367.97
SL-0006206,STR-033,CAT-06,2023-08-01,2023,8,475,228,11110.06,9388.12,594.24,1721.94
SL-0006207,STR-033,CAT-07,2023-08-01,2023,8,1506,833,21616.34,13527.94,646.08,8088.4
SL-0006208,STR-033,CAT-08,2023-08-01,2023,8,743,369,15008.98,12276.9,795.15,2732.08
SL-0006209,STR-033,CAT-01,2023-09-01,2023,9,1193,621,30025.0,18989.09,904.22,11035.91
SL-0006210,STR-033,CAT-02,2023-09-01,2023,9,1326,783,25577.92,21919.47,890.5,3658.45
SL-0006211,STR-033,CAT-03,2023-09-01,2023,9,762,460,25229.34,17408.3,477.64,7821.04
SL-0006212,STR-033,CAT-04,2023-09-01,2023,9,539,274,17816.21,12990.56,596.13,4825.65
SL-0006213,STR-033,CAT-05,2023-09-01,2023,9,435,250,17229.02,8723.6,257.39,8505.42
SL-0006214,STR-033,CAT-06,2023-09-01,2023,9,660,426,17152.32,13831.45,953.12,3320.87
SL-0006215,STR-033,CAT-07,2023-09-01,2023,9,922,601,21565.17,14094.86,1291.85,7470.31
SL-0006216,STR-033,CAT-08,2023-09-01,2023,9,654,499,19790.03,14266.09,1125.57,5523.94
SL-0006217,STR-033,CAT-01,2023-10-01,2023,10,1172,613,25546.43,15885.67,938.44,9660.76
SL-0006218,STR-033,CAT-02,2023-10-01,2023,10,1503,759,25370.57,21780.36,287.85,3590.21
SL-0006219,STR-033,CAT-03,2023-10-01,2023,10,734,431,20469.11,13852.37,262.58,6616.74
SL-0006220,STR-033,CAT-04,2023-10-01,2023,10,1153,621,19916.94,13310.43,796.75,6606.51
SL-0006221,STR-033,CAT-05,2023-10-01,2023,10,1238,757,29276.44,13703.83,1738.74,15572.61
SL-0006222,STR-033,CAT-06,2023-10-01,2023,10,524,318,17103.56,14627.08,892.95,2476.48
SL-0006223,STR-033,CAT-07,2023-10-01,2023,10,803,414,22657.73,14489.49,709.17,8168.24
SL-0006224,STR-033,CAT-08,2023-10-01,2023,10,1260,768,27502.55,21007.1,1412.76,6495.45
SL-0006225,STR-033,CAT-01,2023-11-01,2023,11,675,449,20838.26,13104.74,819.97,7733.52
SL-0006226,STR-033,CAT-02,2023-11-01,2023,11,866,592,16507.59,14870.83,426.42,1636.76
SL-0006227,STR-033,CAT-03,2023-11-01,2023,11,565,277,18615.37,12175.23,221.51,6440.14
SL-0006228,STR-033,CAT-04,2023-11-01,2023,11,499,245,14662.93,10059.12,408.68,4603.81
SL-0006229,STR-033,CAT-05,2023-11-01,2023,11,431,333,10206.44,5221.76,377.8,4984.68
SL-0006230,STR-033,CAT-06,2023-11-01,2023,11,646,431,20543.7,17428.14,535.08,3115.56
SL-0006231,STR-033,CAT-07,2023-11-01,2023,11,1047,566,28066.57,18903.69,402.09,9162.88
SL-0006232,STR-033,CAT-08,2023-11-01,2023,11,413,327,15175.46,11303.6,841.29,3871.86
SL-0006233,STR-033,CAT-01,2023-12-01,2023,12,913,447,16585.51,10121.05,560.77,6464.46
SL-0006234,STR-033,CAT-02,2023-12-01,2023,12,734,439,28920.67,25723.0,1559.33,3197.67
SL-0006235,STR-033,CAT-03,2023-12-01,2023,12,1299,657,17028.66,11579.13,937.04,5449.53
SL-0006236,STR-033,CAT-04,2023-12-01,2023,12,430,169,11548.33,8447.89,603.11,3100.44
SL-0006237,STR-033,CAT-05,2023-12-01,2023,12,735,408,26832.33,12342.69,546.71,14489.64
SL-0006238,STR-033,CAT-06,2023-12-01,2023,12,963,474,24072.55,20380.02,840.88,3692.53
SL-0006239,STR-033,CAT-07,2023-12-01,2023,12,1096,767,38360.12,25406.91,1334.02,12953.21
SL-0006240,STR-033,CAT-08,2023-12-01,2023,12,715,386,17885.98,13198.81,485.96,4687.17
SL-0006241,STR-033,CAT-01,2024-01-01,2024,1,438,267,12572.63,7774.71,206.91,4797.92
SL-0006242,STR-033,CAT-02,2024-01-01,2024,1,550,273,12184.5,10863.12,600.6,1321.38
SL-0006243,STR-033,CAT-03,2024-01-01,2024,1,529,297,15035.21,10447.86,655.53,4587.35
SL-0006244,STR-033,CAT-04,2024-01-01,2024,1,2145,1087,15589.22,11329.73,894.56,4259.49
SL-0006245,STR-033,CAT-05,2024-01-01,2024,1,365,149,11413.88,5526.11,136.75,5887.77
SL-0006246,STR-033,CAT-06,2024-01-01,2024,1,529,323,10806.1,8411.55,333.9,2394.55
SL-0006247,STR-033,CAT-07,2024-01-01,2024,1,340,148,9910.08,6464.43,191.83,3445.65
SL-0006248,STR-033,CAT-08,2024-01-01,2024,1,225,125,9235.85,7218.42,234.83,2017.43
SL-0006249,STR-033,CAT-01,2024-02-01,2024,2,1386,662,17995.7,11952.88,1076.36,6042.82
SL-0006250,STR-033,CAT-02,2024-02-01,2024,2,269,162,9825.72,8617.76,240.45,1207.96
SL-0006251,STR-033,CAT-03,2024-02-01,2024,2,625,363,16279.24,11118.74,958.23,5160.5
SL-0006252,STR-033,CAT-04,2024-02-01,2024,2,296,167,8156.39,5719.02,407.15,2437.37
SL-0006253,STR-033,CAT-05,2024-02-01,2024,2,551,365,12771.29,6089.6,757.36,6681.69
SL-0006254,STR-033,CAT-06,2024-02-01,2024,2,784,642,16681.15,13746.21,725.31,2934.94
SL-0006255,STR-033,CAT-07,2024-02-01,2024,2,468,293,14022.76,8860.99,221.82,5161.77
SL-0006256,STR-033,CAT-08,2024-02-01,2024,2,1003,479,21426.25,16444.21,996.34,4982.04
SL-0006257,STR-033,CAT-01,2024-03-01,2024,3,963,571,25539.2,15830.66,1206.47,9708.54
SL-0006258,STR-033,CAT-02,2024-03-01,2024,3,329,158,11146.49,10643.08,665.89,503.41
SL-0006259,STR-033,CAT-03,2024-03-01,2024,3,558,282,23649.11,15136.98,370.74,8512.13
SL-0006260,STR-033,CAT-04,2024-03-01,2024,3,558,311,22225.34,15797.6,1099.2,6427.74
SL-0006261,STR-033,CAT-05,2024-03-01,2024,3,1509,725,30136.53,14361.59,881.81,15774.94
SL-0006262,STR-033,CAT-06,2024-03-01,2024,3,481,326,17677.27,14919.1,1030.87,2758.17
SL-0006263,STR-033,CAT-07,2024-03-01,2024,3,564,351,17773.86,12148.27,741.82,5625.59
SL-0006264,STR-033,CAT-08,2024-03-01,2024,3,392,199,10982.42,8310.0,298.2,2672.42
SL-0006265,STR-033,CAT-01,2024-04-01,2024,4,703,343,24500.92,15814.3,1158.6,8686.62
SL-0006266,STR-033,CAT-02,2024-04-01,2024,4,259,190,10864.16,9546.74,401.95,1317.42
SL-0006267,STR-033,CAT-03,2024-04-01,2024,4,1312,645,27122.6,17921.14,1146.35,9201.46
SL-0006268,STR-033,CAT-04,2024-04-01,2024,4,860,660,30755.99,22090.81,1175.42,8665.18
SL-0006269,STR-033,CAT-05,2024-04-01,2024,4,767,358,26336.15,12732.43,1005.18,13603.72
SL-0006270,STR-033,CAT-06,2024-04-01,2024,4,287,222,11704.8,10345.51,294.9,1359.29
SL-0006271,STR-033,CAT-07,2024-04-01,2024,4,656,263,19308.51,12046.02,904.95,7262.49
SL-0006272,STR-033,CAT-08,2024-04-01,2024,4,1290,658,23584.98,16915.14,1335.98,6669.84
SL-0006273,STR-033,CAT-01,2024-05-01,2024,5,745,382,22292.46,13572.32,891.64,8720.14
SL-0006274,STR-033,CAT-02,2024-05-01,2024,5,1513,746,17730.43,17025.38,572.07,705.05
SL-0006275,STR-033,CAT-03,2024-05-01,2024,5,737,384,20270.0,13195.72,1094.98,7074.28
SL-0006276,STR-033,CAT-04,2024-05-01,2024,5,1428,730,19971.03,14532.12,381.09,5438.91
SL-0006277,STR-033,CAT-05,2024-05-01,2024,5,583,312,16385.72,7572.03,802.3,8813.69
SL-0006278,STR-033,CAT-06,2024-05-01,2024,5,501,300,18720.28,15728.73,740.52,2991.55
SL-0006279,STR-033,CAT-07,2024-05-01,2024,5,431,220,10044.69,6608.33,230.82,3436.36
SL-0006280,STR-033,CAT-08,2024-05-01,2024,5,600,398,12569.37,9713.67,629.27,2855.7
SL-0006281,STR-033,CAT-01,2024-06-01,2024,6,1335,661,19521.35,12727.03,902.47,6794.32
SL-0006282,STR-033,CAT-02,2024-06-01,2024,6,821,384,19673.43,17279.82,489.17,2393.61
SL-0006283,STR-033,CAT-03,2024-06-01,2024,6,1000,557,16577.94,12075.3,594.23,4502.64
SL-0006284,STR-033,CAT-04,2024-06-01,2024,6,915,489,26448.3,19053.48,467.92,7394.82
SL-0006285,STR-033,CAT-05,2024-06-01,2024,6,270,138,11130.62,5271.18,463.17,5859.44
SL-0006286,STR-033,CAT-06,2024-06-01,2024,6,568,273,16014.67,13723.88,774.1,2290.79
SL-0006287,STR-033,CAT-07,2024-06-01,2024,6,775,567,19230.83,12151.14,967.06,7079.69
SL-0006288,STR-033,CAT-08,2024-06-01,2024,6,503,265,11480.17,8619.29,402.3,2860.88
SL-0006289,STR-033,CAT-01,2024-07-01,2024,7,406,244,13562.47,8467.62,682.78,5094.85
SL-0006290,STR-033,CAT-02,2024-07-01,2024,7,474,254,14870.89,13637.94,644.0,1232.95
SL-0006291,STR-033,CAT-03,2024-07-01,2024,7,335,146,11741.83,7900.44,161.11,3841.39
SL-0006292,STR-033,CAT-04,2024-07-01,2024,7,1084,651,23600.76,16106.83,1196.44,7493.93
SL-0006293,STR-033,CAT-05,2024-07-01,2024,7,355,176,11299.79,5631.07,217.85,5668.72
SL-0006294,STR-033,CAT-06,2024-07-01,2024,7,1110,564,20899.48,18277.27,1139.18,2622.21
SL-0006295,STR-033,CAT-07,2024-07-01,2024,7,268,167,10132.63,6519.7,279.21,3612.93
SL-0006296,STR-033,CAT-08,2024-07-01,2024,7,434,235,15696.99,11340.33,182.6,4356.66
SL-0006297,STR-033,CAT-01,2024-08-01,2024,8,808,591,22461.61,14266.42,632.79,8195.19
SL-0006298,STR-033,CAT-02,2024-08-01,2024,8,788,620,18617.23,15308.89,476.06,3308.34
SL-0006299,STR-033,CAT-03,2024-08-01,2024,8,604,258,14778.6,10107.62,624.7,4670.98
SL-0006300,STR-033,CAT-04,2024-08-01,2024,8,470,329,14729.78,10844.98,254.75,3884.8
SL-0006301,STR-033,CAT-05,2024-08-01,2024,8,656,350,15614.05,7578.06,292.71,8035.99
SL-0006302,STR-033,CAT-06,2024-08-01,2024,8,822,509,19333.09,15555.35,977.68,3777.74
SL-0006303,STR-033,CAT-07,2024-08-01,2024,8,911,456,26747.08,17709.38,1528.85,9037.7
SL-0006304,STR-033,CAT-08,2024-08-01,2024,8,866,495,18094.93,13404.58,785.06,4690.35
SL-0006305,STR-033,CAT-01,2024-09-01,2024,9,436,196,13655.61,8764.09,142.36,4891.52
SL-0006306,STR-033,CAT-02,2024-09-01,2024,9,365,206,12788.87,12032.39,696.43,756.48
SL-0006307,STR-033,CAT-03,2024-09-01,2024,9,1005,444,19964.0,13623.21,946.7,6340.79
SL-0006308,STR-033,CAT-04,2024-09-01,2024,9,636,334,11387.67,7985.82,426.87,3401.85
SL-0006309,STR-033,CAT-05,2024-09-01,2024,9,342,240,10756.8,5329.23,611.5,5427.57
SL-0006310,STR-033,CAT-06,2024-09-01,2024,9,607,235,19008.13,15425.19,489.32,3582.94
SL-0006311,STR-033,CAT-07,2024-09-01,2024,9,682,368,10330.16,7008.57,170.34,3321.59
SL-0006312,STR-033,CAT-08,2024-09-01,2024,9,742,466,20762.67,15381.99,1197.51,5380.68
SL-0006313,STR-033,CAT-01,2024-10-01,2024,10,374,200,12356.5,7611.36,629.95,4745.14
SL-0006314,STR-033,CAT-02,2024-10-01,2024,10,489,251,9871.48,8305.6,326.19,1565.88
SL-0006315,STR-033,CAT-03,2024-10-01,2024,10,338,256,9508.53,6591.64,342.87,2916.89
SL-0006316,STR-033,CAT-04,2024-10-01,2024,10,550,277,14343.08,9640.9,488.49,4702.18
SL-0006317,STR-033,CAT-05,2024-10-01,2024,10,460,219,14564.57,6972.67,716.78,7591.9
SL-0006318,STR-033,CAT-06,2024-10-01,2024,10,601,395,21760.88,18346.09,816.42,3414.79
SL-0006319,STR-033,CAT-07,2024-10-01,2024,10,384,198,10218.4,6098.19,536.83,4120.21
SL-0006320,STR-033,CAT-08,2024-10-01,2024,10,462,304,10780.68,7888.19,194.66,2892.49
SL-0006321,STR-033,CAT-01,2024-11-01,2024,11,754,337,21346.58,13191.23,462.41,8155.35
SL-0006322,STR-033,CAT-02,2024-11-01,2024,11,813,383,22306.24,19842.34,1188.47,2463.9
SL-0006323,STR-033,CAT-03,2024-11-01,2024,11,623,358,26039.47,16690.75,1286.76,9348.72
SL-0006324,STR-033,CAT-04,2024-11-01,2024,11,507,237,13598.13,9664.84,417.74,3933.29
SL-0006325,STR-033,CAT-05,2024-11-01,2024,11,559,288,15880.97,7643.48,660.29,8237.49
SL-0006326,STR-033,CAT-06,2024-11-01,2024,11,788,394,16960.15,14219.31,409.58,2740.84
SL-0006327,STR-033,CAT-07,2024-11-01,2024,11,862,385,36998.95,24336.09,1261.76,12662.86
SL-0006328,STR-033,CAT-08,2024-11-01,2024,11,471,178,13598.16,10254.18,653.27,3343.98
SL-0006329,STR-033,CAT-01,2024-12-01,2024,12,742,311,24430.66,15702.88,388.0,8727.78
SL-0006330,STR-033,CAT-02,2024-12-01,2024,12,1163,658,42595.05,36737.69,1497.73,5857.36
SL-0006331,STR-033,CAT-03,2024-12-01,2024,12,806,540,22888.95,15705.41,676.46,7183.54
SL-0006332,STR-033,CAT-04,2024-12-01,2024,12,747,462,17995.15,12890.97,571.87,5104.18
SL-0006333,STR-033,CAT-05,2024-12-01,2024,12,703,343,19090.44,9433.47,550.84,9656.97
SL-0006334,STR-033,CAT-06,2024-12-01,2024,12,515,296,14951.9,12849.51,534.72,2102.39
SL-0006335,STR-033,CAT-07,2024-12-01,2024,12,644,485,25906.47,16451.07,940.31,9455.4
SL-0006336,STR-033,CAT-08,2024-12-01,2024,12,429,233,15957.2,11890.13,257.13,4067.07
SL-0006337,STR-034,CAT-01,2023-01-01,2023,1,1386,685,19484.53,11445.27,575.08,8039.26
SL-0006338,STR-034,CAT-02,2023-01-01,2023,1,425,284,15006.22,12224.13,155.71,2782.09
SL-0006339,STR-034,CAT-03,2023-01-01,2023,1,767,419,21717.62,13218.09,956.98,8499.53
SL-0006340,STR-034,CAT-04,2023-01-01,2023,1,790,442,19908.31,13427.94,601.72,6480.37
SL-0006341,STR-034,CAT-05,2023-01-01,2023,1,1491,1111,37362.35,16922.83,834.52,20439.52
SL-0006342,STR-034,CAT-06,2023-01-01,2023,1,1240,622,28623.16,21737.75,1697.49,6885.41
SL-0006343,STR-034,CAT-07,2023-01-01,2023,1,786,287,21682.42,12672.51,1287.26,9009.91
SL-0006344,STR-034,CAT-08,2023-01-01,2023,1,864,590,26315.91,18293.28,1283.38,8022.63
SL-0006345,STR-034,CAT-01,2023-02-01,2023,2,514,244,18511.91,10622.09,628.45,7889.82
SL-0006346,STR-034,CAT-02,2023-02-01,2023,2,697,317,20478.26,17732.68,214.69,2745.58
SL-0006347,STR-034,CAT-03,2023-02-01,2023,2,547,373,16459.21,10592.05,577.58,5867.16
SL-0006348,STR-034,CAT-04,2023-02-01,2023,2,1380,747,43806.15,27358.89,688.02,16447.26
SL-0006349,STR-034,CAT-05,2023-02-01,2023,2,481,243,20409.7,9257.4,987.04,11152.3
SL-0006350,STR-034,CAT-06,2023-02-01,2023,2,1190,671,28540.13,22147.84,1412.12,6392.29
SL-0006351,STR-034,CAT-07,2023-02-01,2023,2,815,474,22820.25,13462.51,372.22,9357.74
SL-0006352,STR-034,CAT-08,2023-02-01,2023,2,921,537,21276.75,13931.59,234.66,7345.16
SL-0006353,STR-034,CAT-01,2023-03-01,2023,3,1851,935,16596.6,9790.6,493.37,6806.0
SL-0006354,STR-034,CAT-02,2023-03-01,2023,3,1018,518,25407.21,20349.18,1436.96,5058.03
SL-0006355,STR-034,CAT-03,2023-03-01,2023,3,1318,596,32208.74,19381.01,553.6,12827.73
SL-0006356,STR-034,CAT-04,2023-03-01,2023,3,597,275,18367.35,12059.49,582.8,6307.86
SL-0006357,STR-034,CAT-05,2023-03-01,2023,3,750,381,23081.38,10425.64,933.62,12655.74
SL-0006358,STR-034,CAT-06,2023-03-01,2023,3,1017,616,24575.92,18162.52,434.95,6413.4
SL-0006359,STR-034,CAT-07,2023-03-01,2023,3,1145,523,18305.94,10832.96,664.23,7472.98
SL-0006360,STR-034,CAT-08,2023-03-01,2023,3,605,385,27184.52,19079.71,743.52,8104.81
SL-0006361,STR-034,CAT-01,2023-04-01,2023,4,1340,1203,27732.64,15948.14,1219.34,11784.5
SL-0006362,STR-034,CAT-02,2023-04-01,2023,4,1091,623,27871.4,23398.91,404.84,4472.49
SL-0006363,STR-034,CAT-03,2023-04-01,2023,4,1210,680,29254.21,17733.71,893.55,11520.5
SL-0006364,STR-034,CAT-04,2023-04-01,2023,4,1123,649,37908.2,24346.65,1305.48,13561.55
SL-0006365,STR-034,CAT-05,2023-04-01,2023,4,846,612,24775.51,10893.67,985.37,13881.84
SL-0006366,STR-034,CAT-06,2023-04-01,2023,4,2081,1246,37975.63,29594.12,2092.01,8381.51
SL-0006367,STR-034,CAT-07,2023-04-01,2023,4,1143,817,30734.45,18285.83,1836.91,12448.62
SL-0006368,STR-034,CAT-08,2023-04-01,2023,4,989,499,20920.36,14057.18,1231.88,6863.18
SL-0006369,STR-034,CAT-01,2023-05-01,2023,5,1038,616,27150.22,15636.58,1334.21,11513.64
SL-0006370,STR-034,CAT-02,2023-05-01,2023,5,1278,748,27392.04,21741.78,1321.58,5650.26
SL-0006371,STR-034,CAT-03,2023-05-01,2023,5,724,410,26783.96,15630.27,708.27,11153.69
SL-0006372,STR-034,CAT-04,2023-05-01,2023,5,2610,1367,38764.64,26126.96,1862.87,12637.68
SL-0006373,STR-034,CAT-05,2023-05-01,2023,5,1363,936,28839.21,12370.36,828.58,16468.85
SL-0006374,STR-034,CAT-06,2023-05-01,2023,5,960,522,18118.76,14254.78,744.31,3863.98
SL-0006375,STR-034,CAT-07,2023-05-01,2023,5,983,552,11797.43,7039.61,172.17,4757.82
SL-0006376,STR-034,CAT-08,2023-05-01,2023,5,940,543,30861.3,22677.61,1310.12,8183.69
SL-0006377,STR-034,CAT-01,2023-06-01,2023,6,1085,813,34047.76,21045.3,1796.11,13002.46
SL-0006378,STR-034,CAT-02,2023-06-01,2023,6,1081,747,32750.61,27518.14,1760.74,5232.47
SL-0006379,STR-034,CAT-03,2023-06-01,2023,6,1117,517,43524.1,27741.82,604.93,15782.28
SL-0006380,STR-034,CAT-04,2023-06-01,2023,6,1723,1254,45560.17,29072.12,2013.18,16488.05
SL-0006381,STR-034,CAT-05,2023-06-01,2023,6,1344,647,38432.67,17357.73,1686.17,21074.94
SL-0006382,STR-034,CAT-06,2023-06-01,2023,6,946,481,33685.91,26653.95,626.76,7031.96
SL-0006383,STR-034,CAT-07,2023-06-01,2023,6,1090,688,34713.09,20669.38,1011.26,14043.71
SL-0006384,STR-034,CAT-08,2023-06-01,2023,6,948,405,28293.18,19972.12,515.21,8321.06
SL-0006385,STR-034,CAT-01,2023-07-01,2023,7,1144,738,31961.59,18451.32,1662.95,13510.27
SL-0006386,STR-034,CAT-02,2023-07-01,2023,7,581,344,17242.78,14375.5,939.26,2867.28
SL-0006387,STR-034,CAT-03,2023-07-01,2023,7,1109,738,25496.16,15409.0,1120.75,10087.16
SL-0006388,STR-034,CAT-04,2023-07-01,2023,7,863,494,27189.76,17036.95,738.01,10152.81
SL-0006389,STR-034,CAT-05,2023-07-01,2023,7,617,305,23638.51,11303.98,639.42,12334.53
SL-0006390,STR-034,CAT-06,2023-07-01,2023,7,1228,590,43683.5,33474.06,996.05,10209.44
SL-0006391,STR-034,CAT-07,2023-07-01,2023,7,780,470,22818.24,13635.53,408.7,9182.71
SL-0006392,STR-034,CAT-08,2023-07-01,2023,7,589,410,20484.37,14729.77,465.24,5754.6
SL-0006393,STR-034,CAT-01,2023-08-01,2023,8,1957,980,27315.92,15282.23,1265.56,12033.69
SL-0006394,STR-034,CAT-02,2023-08-01,2023,8,2074,924,34209.23,29661.86,582.03,4547.37
SL-0006395,STR-034,CAT-03,2023-08-01,2023,8,1861,1040,19124.68,11079.7,454.83,8044.98
SL-0006396,STR-034,CAT-04,2023-08-01,2023,8,965,557,32643.74,22143.69,1307.03,10500.05
SL-0006397,STR-034,CAT-05,2023-08-01,2023,8,991,470,19490.81,8894.83,539.57,10595.98
SL-0006398,STR-034,CAT-06,2023-08-01,2023,8,620,299,21572.5,16973.61,1256.2,4598.89
SL-0006399,STR-034,CAT-07,2023-08-01,2023,8,468,255,15041.25,8978.11,256.48,6063.14
SL-0006400,STR-034,CAT-08,2023-08-01,2023,8,1643,776,19794.82,13654.0,700.4,6140.82
SL-0006401,STR-034,CAT-01,2023-09-01,2023,9,935,601,36905.38,20945.9,1509.11,15959.48
SL-0006402,STR-034,CAT-02,2023-09-01,2023,9,1124,512,27590.84,22480.31,891.3,5110.53
SL-0006403,STR-034,CAT-03,2023-09-01,2023,9,2417,1189,35120.63,22793.08,554.6,12327.55
SL-0006404,STR-034,CAT-04,2023-09-01,2023,9,772,355,26407.04,16966.39,1093.48,9440.65
SL-0006405,STR-034,CAT-05,2023-09-01,2023,9,591,329,17988.32,8270.62,833.03,9717.7
SL-0006406,STR-034,CAT-06,2023-09-01,2023,9,1356,621,38241.7,30303.47,1882.78,7938.23
SL-0006407,STR-034,CAT-07,2023-09-01,2023,9,644,347,20824.73,12765.7,671.56,8059.03
SL-0006408,STR-034,CAT-08,2023-09-01,2023,9,597,244,18206.72,12807.36,283.78,5399.36
SL-0006409,STR-034,CAT-01,2023-10-01,2023,10,939,471,25521.39,15214.14,451.71,10307.25
SL-0006410,STR-034,CAT-02,2023-10-01,2023,10,959,480,27475.83,23855.07,1266.95,3620.76
SL-0006411,STR-034,CAT-03,2023-10-01,2023,10,1980,699,42956.29,26138.01,1264.03,16818.28
SL-0006412,STR-034,CAT-04,2023-10-01,2023,10,1360,566,29087.17,18653.47,519.31,10433.7
SL-0006413,STR-034,CAT-05,2023-10-01,2023,10,3415,1847,30071.19,13372.69,1495.04,16698.5
SL-0006414,STR-034,CAT-06,2023-10-01,2023,10,1765,1033,43963.1,33696.16,2584.06,10266.94
SL-0006415,STR-034,CAT-07,2023-10-01,2023,10,1137,625,25398.14,15165.68,1364.68,10232.46
SL-0006416,STR-034,CAT-08,2023-10-01,2023,10,1051,590,27103.92,19107.13,313.47,7996.79
SL-0006417,STR-034,CAT-01,2023-11-01,2023,11,1262,729,42913.12,24384.13,1100.01,18528.99
SL-0006418,STR-034,CAT-02,2023-11-01,2023,11,1340,810,40454.18,33550.49,1620.36,6903.69
SL-0006419,STR-034,CAT-03,2023-11-01,2023,11,1158,707,28197.88,17818.08,1595.43,10379.8
SL-0006420,STR-034,CAT-04,2023-11-01,2023,11,591,310,20373.03,13488.05,837.94,6884.98
SL-0006421,STR-034,CAT-05,2023-11-01,2023,11,762,326,30495.35,14396.34,963.12,16099.01
SL-0006422,STR-034,CAT-06,2023-11-01,2023,11,2275,1137,32531.14,24894.08,948.22,7637.06
SL-0006423,STR-034,CAT-07,2023-11-01,2023,11,806,345,33744.12,21467.64,865.71,12276.48
SL-0006424,STR-034,CAT-08,2023-11-01,2023,11,2160,1303,45776.3,33086.9,749.27,12689.4
SL-0006425,STR-034,CAT-01,2023-12-01,2023,12,2634,1952,61900.7,36315.94,1004.35,25584.76
SL-0006426,STR-034,CAT-02,2023-12-01,2023,12,2657,2510,60404.83,50735.61,2865.92,9669.22
SL-0006427,STR-034,CAT-03,2023-12-01,2023,12,3241,1672,53373.66,30929.76,2611.56,22443.9
SL-0006428,STR-034,CAT-04,2023-12-01,2023,12,735,484,26180.62,15802.8,1280.31,10377.82
SL-0006429,STR-034,CAT-05,2023-12-01,2023,12,1163,749,47038.93,20658.11,1122.69,26380.82
SL-0006430,STR-034,CAT-06,2023-12-01,2023,12,2193,1266,52601.15,40900.7,1382.3,11700.45
SL-0006431,STR-034,CAT-07,2023-12-01,2023,12,2396,1333,62529.64,35083.26,963.78,27446.38
SL-0006432,STR-034,CAT-08,2023-12-01,2023,12,3317,1645,47187.85,33528.29,916.31,13659.56
SL-0006433,STR-034,CAT-01,2024-01-01,2024,1,930,514,38732.27,22638.54,1523.02,16093.73
SL-0006434,STR-034,CAT-02,2024-01-01,2024,1,848,446,25471.26,20506.19,1500.79,4965.07
SL-0006435,STR-034,CAT-03,2024-01-01,2024,1,861,509,29508.34,17810.05,1142.24,11698.29
SL-0006436,STR-034,CAT-04,2024-01-01,2024,1,442,256,16797.97,10531.23,267.53,6266.74
SL-0006437,STR-034,CAT-05,2024-01-01,2024,1,759,357,17424.25,7890.53,987.87,9533.72
SL-0006438,STR-034,CAT-06,2024-01-01,2024,1,737,356,22951.3,17882.27,1325.66,5069.03
SL-0006439,STR-034,CAT-07,2024-01-01,2024,1,847,386,25970.29,16366.74,1265.94,9603.55
SL-0006440,STR-034,CAT-08,2024-01-01,2024,1,775,554,26238.75,17666.42,336.28,8572.33
SL-0006441,STR-034,CAT-01,2024-02-01,2024,2,444,280,14520.98,8524.41,514.13,5996.57
SL-0006442,STR-034,CAT-02,2024-02-01,2024,2,898,447,21748.51,18336.9,503.37,3411.61
SL-0006443,STR-034,CAT-03,2024-02-01,2024,2,799,399,28092.45,16683.7,465.39,11408.75
SL-0006444,STR-034,CAT-04,2024-02-01,2024,2,1175,631,31255.65,21175.55,1197.12,10080.1
SL-0006445,STR-034,CAT-05,2024-02-01,2024,2,1034,450,28002.27,12802.84,912.06,15199.43
SL-0006446,STR-034,CAT-06,2024-02-01,2024,2,597,327,16235.81,12718.39,456.25,3517.42
SL-0006447,STR-034,CAT-07,2024-02-01,2024,2,296,141,13604.86,8208.43,151.14,5396.43
SL-0006448,STR-034,CAT-08,2024-02-01,2024,2,656,419,24337.62,16382.04,1353.26,7955.58
SL-0006449,STR-034,CAT-01,2024-03-01,2024,3,1138,969,29627.13,17187.98,1228.33,12439.15
SL-0006450,STR-034,CAT-02,2024-03-01,2024,3,457,249,18027.2,15065.67,981.86,2961.53
SL-0006451,STR-034,CAT-03,2024-03-01,2024,3,714,548,21795.51,14499.92,332.04,7295.59
SL-0006452,STR-034,CAT-04,2024-03-01,2024,3,1525,1156,26799.23,17044.82,828.68,9754.41
SL-0006453,STR-034,CAT-05,2024-03-01,2024,3,962,497,25027.57,11094.95,457.87,13932.62
SL-0006454,STR-034,CAT-06,2024-03-01,2024,3,580,306,20642.7,16075.27,733.6,4567.43
SL-0006455,STR-034,CAT-07,2024-03-01,2024,3,604,386,14000.08,8435.03,498.45,5565.05
SL-0006456,STR-034,CAT-08,2024-03-01,2024,3,1858,941,26252.38,17998.54,1553.2,8253.84
SL-0006457,STR-034,CAT-01,2024-04-01,2024,4,1006,574,22693.86,12257.49,555.85,10436.37
SL-0006458,STR-034,CAT-02,2024-04-01,2024,4,684,444,19519.92,15964.07,1016.61,3555.85
SL-0006459,STR-034,CAT-03,2024-04-01,2024,4,1292,687,33964.81,20963.77,1354.28,13001.04
SL-0006460,STR-034,CAT-04,2024-04-01,2024,4,1304,888,24086.1,15925.5,748.59,8160.6
SL-0006461,STR-034,CAT-05,2024-04-01,2024,4,1265,572,33089.8,15286.09,1886.85,17803.71
SL-0006462,STR-034,CAT-06,2024-04-01,2024,4,1221,615,19854.15,15143.2,783.59,4710.95
SL-0006463,STR-034,CAT-07,2024-04-01,2024,4,756,312,17377.69,10266.06,464.28,7111.63
SL-0006464,STR-034,CAT-08,2024-04-01,2024,4,792,499,25898.97,18147.17,1400.3,7751.8
SL-0006465,STR-034,CAT-01,2024-05-01,2024,5,528,221,21030.38,12270.62,237.4,8759.76
SL-0006466,STR-034,CAT-02,2024-05-01,2024,5,974,504,25109.53,20600.68,678.5,4508.85
SL-0006467,STR-034,CAT-03,2024-05-01,2024,5,1059,557,30893.46,18893.3,519.89,12000.16
SL-0006468,STR-034,CAT-04,2024-05-01,2024,5,1048,565,36909.75,23950.12,1248.01,12959.63
SL-0006469,STR-034,CAT-05,2024-05-01,2024,5,1181,554,35963.92,16596.53,2068.29,19367.39
SL-0006470,STR-034,CAT-06,2024-05-01,2024,5,1046,585,32537.56,26368.27,1253.22,6169.29
SL-0006471,STR-034,CAT-07,2024-05-01,2024,5,1281,681,17527.26,10468.07,1028.17,7059.19
SL-0006472,STR-034,CAT-08,2024-05-01,2024,5,1208,793,32751.43,22893.58,370.28,9857.85
SL-0006473,STR-034,CAT-01,2024-06-01,2024,6,762,410,22881.31,13566.76,1283.71,9314.55
SL-0006474,STR-034,CAT-02,2024-06-01,2024,6,1094,856,30399.88,25120.79,453.1,5279.09
SL-0006475,STR-034,CAT-03,2024-06-01,2024,6,829,523,21005.29,13276.95,433.0,7728.34
SL-0006476,STR-034,CAT-04,2024-06-01,2024,6,1962,1300,35726.35,23172.78,724.79,12553.57
SL-0006477,STR-034,CAT-05,2024-06-01,2024,6,820,416,33286.71,14824.07,1531.72,18462.64
SL-0006478,STR-034,CAT-06,2024-06-01,2024,6,774,350,20288.32,16239.19,411.83,4049.13
SL-0006479,STR-034,CAT-07,2024-06-01,2024,6,550,367,16315.47,9795.06,905.38,6520.41
SL-0006480,STR-034,CAT-08,2024-06-01,2024,6,1349,695,33449.69,24300.38,937.94,9149.31
SL-0006481,STR-034,CAT-01,2024-07-01,2024,7,921,520,26213.38,15373.95,826.02,10839.43
SL-0006482,STR-034,CAT-02,2024-07-01,2024,7,1104,608,24047.26,19452.49,471.74,4594.77
SL-0006483,STR-034,CAT-03,2024-07-01,2024,7,882,545,28903.76,17571.83,565.46,11331.93
SL-0006484,STR-034,CAT-04,2024-07-01,2024,7,897,450,35025.35,23149.74,1994.15,11875.61
SL-0006485,STR-034,CAT-05,2024-07-01,2024,7,760,440,23333.69,10408.53,934.92,12925.16
SL-0006486,STR-034,CAT-06,2024-07-01,2024,7,1168,654,38031.83,28984.81,1553.73,9047.02
SL-0006487,STR-034,CAT-07,2024-07-01,2024,7,1176,661,25217.79,15366.81,1031.08,9850.98
SL-0006488,STR-034,CAT-08,2024-07-01,2024,7,1083,464,15423.97,11469.48,494.89,3954.49
SL-0006489,STR-034,CAT-01,2024-08-01,2024,8,980,605,30759.2,16716.33,973.73,14042.87
SL-0006490,STR-034,CAT-02,2024-08-01,2024,8,359,231,12720.99,10507.84,731.11,2213.15
SL-0006491,STR-034,CAT-03,2024-08-01,2024,8,809,389,17909.36,10260.1,680.0,7649.26
SL-0006492,STR-034,CAT-04,2024-08-01,2024,8,1278,681,34018.9,22145.88,694.49,11873.02
SL-0006493,STR-034,CAT-05,2024-08-01,2024,8,1123,739,21885.4,9737.65,1146.38,12147.75
SL-0006494,STR-034,CAT-06,2024-08-01,2024,8,641,408,24858.4,19933.65,1371.24,4924.75
SL-0006495,STR-034,CAT-07,2024-08-01,2024,8,846,394,25297.78,14920.32,658.52,10377.46
SL-0006496,STR-034,CAT-08,2024-08-01,2024,8,1342,808,21229.28,14936.85,667.96,6292.43
SL-0006497,STR-034,CAT-01,2024-09-01,2024,9,1133,541,24465.91,15216.33,1309.08,9249.58
SL-0006498,STR-034,CAT-02,2024-09-01,2024,9,1913,1048,30750.83,24697.9,466.58,6052.93
SL-0006499,STR-034,CAT-03,2024-09-01,2024,9,2038,1108,35077.1,22655.8,764.84,12421.3
SL-0006500,STR-034,CAT-04,2024-09-01,2024,9,885,529,27485.56,17438.19,1170.0,10047.37
SL-0006501,STR-034,CAT-05,2024-09-01,2024,9,1436,811,38644.45,17252.86,1097.01,21391.59
SL-0006502,STR-034,CAT-06,2024-09-01,2024,9,405,214,19744.08,14864.1,1133.06,4879.98
SL-0006503,STR-034,CAT-07,2024-09-01,2024,9,1142,533,22062.14,13462.24,1188.52,8599.9
SL-0006504,STR-034,CAT-08,2024-09-01,2024,9,3290,1615,35145.48,25347.4,717.14,9798.08
SL-0006505,STR-034,CAT-01,2024-10-01,2024,10,1290,724,38532.41,22444.74,2150.03,16087.67
SL-0006506,STR-034,CAT-02,2024-10-01,2024,10,1441,712,34067.89,28466.66,1470.31,5601.23
SL-0006507,STR-034,CAT-03,2024-10-01,2024,10,1332,806,33141.98,20657.92,629.59,12484.06
SL-0006508,STR-034,CAT-04,2024-10-01,2024,10,1246,777,29519.68,19945.37,1354.9,9574.31
SL-0006509,STR-034,CAT-05,2024-10-01,2024,10,758,411,33164.83,15105.0,1642.47,18059.83
SL-0006510,STR-034,CAT-06,2024-10-01,2024,10,1176,579,38119.39,29602.98,1316.23,8516.41
SL-0006511,STR-034,CAT-07,2024-10-01,2024,10,1820,1287,44914.26,26531.27,2035.54,18382.99
SL-0006512,STR-034,CAT-08,2024-10-01,2024,10,964,434,35746.1,24979.9,1426.52,10766.2
SL-0006513,STR-034,CAT-01,2024-11-01,2024,11,1618,851,44775.47,25820.1,2446.96,18955.37
SL-0006514,STR-034,CAT-02,2024-11-01,2024,11,1311,1151,36905.48,30344.54,2091.48,6560.94
SL-0006515,STR-034,CAT-03,2024-11-01,2024,11,1432,787,27799.93,17159.51,1215.53,10640.42
SL-0006516,STR-034,CAT-04,2024-11-01,2024,11,1139,692,16553.68,11155.27,257.54,5398.41
SL-0006517,STR-034,CAT-05,2024-11-01,2024,11,743,491,31246.39,14056.01,762.08,17190.38
SL-0006518,STR-034,CAT-06,2024-11-01,2024,11,1292,610,32747.93,25872.96,1938.88,6874.97
SL-0006519,STR-034,CAT-07,2024-11-01,2024,11,2039,998,49523.44,29970.97,918.69,19552.47
SL-0006520,STR-034,CAT-08,2024-11-01,2024,11,1237,875,26528.95,18465.66,564.95,8063.29
SL-0006521,STR-034,CAT-01,2024-12-01,2024,12,1685,995,43957.69,26139.05,1128.26,17818.64
SL-0006522,STR-034,CAT-02,2024-12-01,2024,12,1797,1171,50352.97,39420.35,2491.19,10932.62
SL-0006523,STR-034,CAT-03,2024-12-01,2024,12,1922,922,42471.33,26158.28,1541.06,16313.05
SL-0006524,STR-034,CAT-04,2024-12-01,2024,12,656,394,23462.94,14152.26,501.24,9310.68
SL-0006525,STR-034,CAT-05,2024-12-01,2024,12,2060,1213,54802.91,25734.77,1004.67,29068.14
SL-0006526,STR-034,CAT-06,2024-12-01,2024,12,996,609,29732.01,23996.32,863.93,5735.69
SL-0006527,STR-034,CAT-07,2024-12-01,2024,12,3349,1925,85136.6,52351.59,2598.3,32785.01
SL-0006528,STR-034,CAT-08,2024-12-01,2024,12,1558,983,60232.14,40986.61,2270.75,19245.53
SL-0006529,STR-035,CAT-01,2023-01-01,2023,1,971,709,30934.04,17934.55,781.08,12999.49
SL-0006530,STR-035,CAT-02,2023-01-01,2023,1,649,274,18297.36,15934.99,671.44,2362.37
SL-0006531,STR-035,CAT-03,2023-01-01,2023,1,688,384,20464.01,12048.89,844.63,8415.12
SL-0006532,STR-035,CAT-04,2023-01-01,2023,1,660,404,18876.7,11958.6,608.24,6918.1
SL-0006533,STR-035,CAT-05,2023-01-01,2023,1,927,620,30260.45,13504.67,402.3,16755.78
SL-0006534,STR-035,CAT-06,2023-01-01,2023,1,1016,537,29908.48,22654.44,626.99,7254.04
SL-0006535,STR-035,CAT-07,2023-01-01,2023,1,641,346,17583.53,10685.16,369.83,6898.37
SL-0006536,STR-035,CAT-08,2023-01-01,2023,1,1326,510,25671.29,17236.19,1260.33,8435.1
SL-0006537,STR-035,CAT-01,2023-02-01,2023,2,3136,1316,34213.96,20193.16,826.47,14020.8
SL-0006538,STR-035,CAT-02,2023-02-01,2023,2,647,363,19947.77,16393.19,657.26,3554.58
SL-0006539,STR-035,CAT-03,2023-02-01,2023,2,1464,787,32430.37,20117.28,888.33,12313.09
SL-0006540,STR-035,CAT-04,2023-02-01,2023,2,1727,1391,60384.71,40424.99,1429.19,19959.72
SL-0006541,STR-035,CAT-05,2023-02-01,2023,2,758,598,30264.56,13434.03,1681.66,16830.53
SL-0006542,STR-035,CAT-06,2023-02-01,2023,2,2098,981,48742.43,39554.05,2161.42,9188.38
SL-0006543,STR-035,CAT-07,2023-02-01,2023,2,1938,862,26031.46,15490.08,280.7,10541.38
SL-0006544,STR-035,CAT-08,2023-02-01,2023,2,1017,459,36899.56,26295.77,1616.05,10603.79
SL-0006545,STR-035,CAT-01,2023-03-01,2023,3,724,457,24335.47,13728.37,1309.93,10607.1
SL-0006546,STR-035,CAT-02,2023-03-01,2023,3,977,429,25955.71,20464.65,557.21,5491.06
SL-0006547,STR-035,CAT-03,2023-03-01,2023,3,8339,5497,45202.72,28656.15,2138.14,16546.57
SL-0006548,STR-035,CAT-04,2023-03-01,2023,3,689,378,25315.51,16526.55,759.82,8788.96
SL-0006549,STR-035,CAT-05,2023-03-01,2023,3,1130,651,22702.42,9981.34,987.78,12721.08
SL-0006550,STR-035,CAT-06,2023-03-01,2023,3,1687,1133,44406.41,34110.27,846.85,10296.14
SL-0006551,STR-035,CAT-07,2023-03-01,2023,3,863,531,25085.28,14238.8,433.95,10846.48
SL-0006552,STR-035,CAT-08,2023-03-01,2023,3,694,361,23778.82,16143.96,764.82,7634.86
SL-0006553,STR-035,CAT-01,2023-04-01,2023,4,1288,706,19922.81,11523.39,1049.09,8399.42
SL-0006554,STR-035,CAT-02,2023-04-01,2023,4,772,342,21997.77,18034.49,887.94,3963.28
SL-0006555,STR-035,CAT-03,2023-04-01,2023,4,1349,880,45111.45,28573.47,2682.35,16537.98
SL-0006556,STR-035,CAT-04,2023-04-01,2023,4,4781,2637,52305.11,33043.44,629.32,19261.67
SL-0006557,STR-035,CAT-05,2023-04-01,2023,4,1215,593,39660.66,17732.07,1307.76,21928.59
SL-0006558,STR-035,CAT-06,2023-04-01,2023,4,1942,1064,51371.63,39182.14,651.49,12189.49
SL-0006559,STR-035,CAT-07,2023-04-01,2023,4,444,237,21295.91,13496.98,734.21,7798.93
SL-0006560,STR-035,CAT-08,2023-04-01,2023,4,1668,962,35227.76,24908.38,1018.98,10319.38
SL-0006561,STR-035,CAT-01,2023-05-01,2023,5,1822,1594,59956.64,36030.32,2878.14,23926.32
SL-0006562,STR-035,CAT-02,2023-05-01,2023,5,1260,869,26850.75,21874.02,1023.5,4976.73
SL-0006563,STR-035,CAT-03,2023-05-01,2023,5,1534,819,55049.42,34277.94,1580.82,20771.48
SL-0006564,STR-035,CAT-04,2023-05-01,2023,5,1702,1529,59827.3,40260.76,1957.43,19566.54
SL-0006565,STR-035,CAT-05,2023-05-01,2023,5,930,640,33575.66,15161.21,1309.76,18414.45
SL-0006566,STR-035,CAT-06,2023-05-01,2023,5,2099,954,51924.24,39509.7,1490.73,12414.54
SL-0006567,STR-035,CAT-07,2023-05-01,2023,5,895,477,28549.8,17211.33,879.15,11338.47
SL-0006568,STR-035,CAT-08,2023-05-01,2023,5,1687,929,49526.32,34175.21,517.52,15351.11
SL-0006569,STR-035,CAT-01,2023-06-01,2023,6,777,495,24855.07,14035.24,1075.19,10819.83
SL-0006570,STR-035,CAT-02,2023-06-01,2023,6,641,353,28123.49,23405.38,1126.88,4718.11
SL-0006571,STR-035,CAT-03,2023-06-01,2023,6,1996,1296,31653.58,20814.75,660.73,10838.83
SL-0006572,STR-035,CAT-04,2023-06-01,2023,6,1026,496,35474.95,23881.38,1241.42,11593.57
SL-0006573,STR-035,CAT-05,2023-06-01,2023,6,2895,1269,26194.22,11543.43,869.44,14650.79
SL-0006574,STR-035,CAT-06,2023-06-01,2023,6,1578,738,41978.85,32706.55,1683.22,9272.3
SL-0006575,STR-035,CAT-07,2023-06-01,2023,6,1554,883,29619.79,18015.85,724.88,11603.94
SL-0006576,STR-035,CAT-08,2023-06-01,2023,6,1524,989,29285.85,20553.97,1169.15,8731.88
SL-0006577,STR-035,CAT-01,2023-07-01,2023,7,1375,550,53572.99,30497.13,1460.13,23075.86
SL-0006578,STR-035,CAT-02,2023-07-01,2023,7,1341,694,36707.97,27996.38,1184.99,8711.59
SL-0006579,STR-035,CAT-03,2023-07-01,2023,7,1022,644,34300.67,21827.93,832.02,12472.74
SL-0006580,STR-035,CAT-04,2023-07-01,2023,7,1795,1147,45360.21,29256.98,2239.46,16103.23
SL-0006581,STR-035,CAT-05,2023-07-01,2023,7,3600,1794,41777.48,18981.05,1595.33,22796.43
SL-0006582,STR-035,CAT-06,2023-07-01,2023,7,2276,1074,61423.72,49309.07,1831.82,12114.65
SL-0006583,STR-035,CAT-07,2023-07-01,2023,7,2327,1664,50571.56,30697.66,2935.63,19873.9
SL-0006584,STR-035,CAT-08,2023-07-01,2023,7,2716,1925,48751.45,34572.71,499.49,14178.74
SL-0006585,STR-035,CAT-01,2023-08-01,2023,8,1090,649,35839.14,21234.94,933.37,14604.2
SL-0006586,STR-035,CAT-02,2023-08-01,2023,8,941,548,27791.86,23028.38,1026.41,4763.48
SL-0006587,STR-035,CAT-03,2023-08-01,2023,8,1519,961,35480.75,22555.64,699.12,12925.11
SL-0006588,STR-035,CAT-04,2023-08-01,2023,8,1219,658,34031.45,22851.6,1221.45,11179.85
SL-0006589,STR-035,CAT-05,2023-08-01,2023,8,739,348,26405.18,11984.8,930.57,14420.38
SL-0006590,STR-035,CAT-06,2023-08-01,2023,8,938,598,24607.98,18974.1,396.23,5633.88
SL-0006591,STR-035,CAT-07,2023-08-01,2023,8,568,347,19341.07,12129.9,789.42,7211.17
SL-0006592,STR-035,CAT-08,2023-08-01,2023,8,674,423,21183.83,14858.66,804.93,6325.17
SL-0006593,STR-035,CAT-01,2023-09-01,2023,9,848,446,32943.5,19967.49,995.81,12976.01
SL-0006594,STR-035,CAT-02,2023-09-01,2023,9,1945,1382,34413.86,28116.54,1976.51,6297.32
SL-0006595,STR-035,CAT-03,2023-09-01,2023,9,3476,1384,57152.83,33419.18,3372.21,23733.65
SL-0006596,STR-035,CAT-04,2023-09-01,2023,9,1826,996,28797.85,18070.43,494.37,10727.42
SL-0006597,STR-035,CAT-05,2023-09-01,2023,9,1453,923,42673.69,18710.89,1752.58,23962.8
SL-0006598,STR-035,CAT-06,2023-09-01,2023,9,1088,587,38546.13,29099.0,1209.35,9447.13
SL-0006599,STR-035,CAT-07,2023-09-01,2023,9,794,487,29164.01,16506.3,507.99,12657.71
SL-0006600,STR-035,CAT-08,2023-09-01,2023,9,1368,701,48082.19,32687.12,1435.17,15395.07
SL-0006601,STR-035,CAT-01,2023-10-01,2023,10,3726,2105,34759.26,20435.19,571.98,14324.07
SL-0006602,STR-035,CAT-02,2023-10-01,2023,10,2321,1214,55831.25,46512.05,3023.61,9319.2
SL-0006603,STR-035,CAT-03,2023-10-01,2023,10,1850,970,60988.1,36721.46,3135.82,24266.64
SL-0006604,STR-035,CAT-04,2023-10-01,2023,10,1981,849,49566.88,31036.25,2563.15,18530.63
SL-0006605,STR-035,CAT-05,2023-10-01,2023,10,4695,2699,41600.33,18974.01,1853.76,22626.32
SL-0006606,STR-035,CAT-06,2023-10-01,2023,10,2168,1407,41548.3,33555.06,1070.08,7993.24
SL-0006607,STR-035,CAT-07,2023-10-01,2023,10,1390,715,50881.87,32420.45,579.33,18461.42
SL-0006608,STR-035,CAT-08,2023-10-01,2023,10,2401,1162,67037.99,47108.32,1027.97,19929.67
SL-0006609,STR-035,CAT-01,2023-11-01,2023,11,3106,1684,71413.15,40915.58,3906.21,30497.57
SL-0006610,STR-035,CAT-02,2023-11-01,2023,11,4178,1969,79694.4,68132.75,2354.54,11561.65
SL-0006611,STR-035,CAT-03,2023-11-01,2023,11,5244,2512,53112.52,34354.93,935.72,18757.59
SL-0006612,STR-035,CAT-04,2023-11-01,2023,11,1454,1214,41113.04,26202.99,1298.5,14910.05
SL-0006613,STR-035,CAT-05,2023-11-01,2023,11,1591,957,61525.27,27423.93,2021.47,34101.34
SL-0006614,STR-035,CAT-06,2023-11-01,2023,11,1053,546,38997.46,31852.27,1710.74,7145.19
SL-0006615,STR-035,CAT-07,2023-11-01,2023,11,2774,1684,66317.54,38685.48,1548.24,27632.06
SL-0006616,STR-035,CAT-08,2023-11-01,2023,11,1486,860,44882.43,30744.11,1587.31,14138.32
SL-0006617,STR-035,CAT-01,2023-12-01,2023,12,3224,1836,70071.01,41508.39,3561.81,28562.62
SL-0006618,STR-035,CAT-02,2023-12-01,2023,12,2070,1226,72305.7,60169.95,2047.04,12135.75
SL-0006619,STR-035,CAT-03,2023-12-01,2023,12,1980,1171,42579.25,25888.83,1295.69,16690.42
SL-0006620,STR-035,CAT-04,2023-12-01,2023,12,1093,931,27301.35,16824.29,764.9,10477.06
SL-0006621,STR-035,CAT-05,2023-12-01,2023,12,2019,1088,43562.54,19987.61,2084.08,23574.93
SL-0006622,STR-035,CAT-06,2023-12-01,2023,12,2552,1204,79834.35,63183.36,3478.38,16650.99
SL-0006623,STR-035,CAT-07,2023-12-01,2023,12,2929,1576,91387.16,56144.38,4726.48,35242.78
SL-0006624,STR-035,CAT-08,2023-12-01,2023,12,1959,1106,50776.46,36452.67,830.24,14323.79
SL-0006625,STR-035,CAT-01,2024-01-01,2024,1,1080,545,33480.06,19929.76,1072.01,13550.3
SL-0006626,STR-035,CAT-02,2024-01-01,2024,1,1714,833,43180.98,36803.43,470.04,6377.55
SL-0006627,STR-035,CAT-03,2024-01-01,2024,1,1122,525,28392.96,17773.78,1134.9,10619.18
SL-0006628,STR-035,CAT-04,2024-01-01,2024,1,2055,925,41540.4,27013.05,1295.58,14527.35
SL-0006629,STR-035,CAT-05,2024-01-01,2024,1,1914,1102,43533.69,18996.25,1905.55,24537.44
SL-0006630,STR-035,CAT-06,2024-01-01,2024,1,1119,551,24651.48,18864.47,1223.46,5787.01
SL-0006631,STR-035,CAT-07,2024-01-01,2024,1,947,601,22781.33,14427.54,1150.81,8353.79
SL-0006632,STR-035,CAT-08,2024-01-01,2024,1,2475,1852,31861.09,22341.12,878.01,9519.97
SL-0006633,STR-035,CAT-01,2024-02-01,2024,2,1441,616,40919.4,22742.03,914.27,18177.37
SL-0006634,STR-035,CAT-02,2024-02-01,2024,2,931,516,40271.42,32357.16,554.99,7914.26
SL-0006635,STR-035,CAT-03,2024-02-01,2024,2,1108,582,38311.63,24031.66,1552.55,14279.97
SL-0006636,STR-035,CAT-04,2024-02-01,2024,2,2014,1341,48074.95,31856.08,1419.88,16218.87
SL-0006637,STR-035,CAT-05,2024-02-01,2024,2,1899,1000,64108.19,30328.14,817.99,33780.05
SL-0006638,STR-035,CAT-06,2024-02-01,2024,2,1412,975,43926.78,34826.94,1866.37,9099.84
SL-0006639,STR-035,CAT-07,2024-02-01,2024,2,908,544,33275.06,21248.18,1582.31,12026.88
SL-0006640,STR-035,CAT-08,2024-02-01,2024,2,1520,931,37461.71,27005.15,1791.9,10456.56
SL-0006641,STR-035,CAT-01,2024-03-01,2024,3,578,291,28078.17,16589.63,950.34,11488.54
SL-0006642,STR-035,CAT-02,2024-03-01,2024,3,879,414,32003.92,25441.99,1491.0,6561.93
SL-0006643,STR-035,CAT-03,2024-03-01,2024,3,1117,608,39380.19,23992.23,2253.07,15387.96
SL-0006644,STR-035,CAT-04,2024-03-01,2024,3,1463,830,52000.61,33485.47,3038.32,18515.14
SL-0006645,STR-035,CAT-05,2024-03-01,2024,3,2175,1160,53483.83,23752.29,545.47,29731.54
SL-0006646,STR-035,CAT-06,2024-03-01,2024,3,2145,1258,34627.77,26925.92,1281.57,7701.85
SL-0006647,STR-035,CAT-07,2024-03-01,2024,3,835,414,25221.57,14871.88,1308.68,10349.69
SL-0006648,STR-035,CAT-08,2024-03-01,2024,3,1193,567,29555.34,20834.64,1131.83,8720.7
SL-0006649,STR-035,CAT-01,2024-04-01,2024,4,2321,1679,32351.99,18681.31,346.93,13670.68
SL-0006650,STR-035,CAT-02,2024-04-01,2024,4,1231,862,31876.67,26536.17,1293.01,5340.5
SL-0006651,STR-035,CAT-03,2024-04-01,2024,4,2082,1015,46857.4,28232.88,1310.04,18624.52
SL-0006652,STR-035,CAT-04,2024-04-01,2024,4,1487,1291,26344.59,17292.48,394.02,9052.11
SL-0006653,STR-035,CAT-05,2024-04-01,2024,4,2908,1550,47464.94,21741.8,683.97,25723.14
SL-0006654,STR-035,CAT-06,2024-04-01,2024,4,1197,614,27465.73,19926.89,1392.34,7538.84
SL-0006655,STR-035,CAT-07,2024-04-01,2024,4,1459,845,26510.53,15464.95,1209.1,11045.58
SL-0006656,STR-035,CAT-08,2024-04-01,2024,4,2660,1230,40766.57,27395.82,584.68,13370.75
SL-0006657,STR-035,CAT-01,2024-05-01,2024,5,809,548,24316.89,14052.02,412.47,10264.87
SL-0006658,STR-035,CAT-02,2024-05-01,2024,5,1595,804,33334.96,26247.73,724.75,7087.23
SL-0006659,STR-035,CAT-03,2024-05-01,2024,5,796,447,24064.42,15392.24,1424.16,8672.18
SL-0006660,STR-035,CAT-04,2024-05-01,2024,5,797,520,27901.07,17745.6,1324.77,10155.47
SL-0006661,STR-035,CAT-05,2024-05-01,2024,5,983,561,33515.26,14249.66,772.7,19265.6
SL-0006662,STR-035,CAT-06,2024-05-01,2024,5,1729,1282,46332.41,37861.07,2624.16,8471.34
SL-0006663,STR-035,CAT-07,2024-05-01,2024,5,837,478,24366.0,14085.66,1377.7,10280.34
SL-0006664,STR-035,CAT-08,2024-05-01,2024,5,1158,910,28712.34,21075.89,1079.97,7636.45
SL-0006665,STR-035,CAT-01,2024-06-01,2024,6,1552,930,35250.64,21191.58,501.25,14059.06
SL-0006666,STR-035,CAT-02,2024-06-01,2024,6,624,285,28689.38,23933.7,795.41,4755.68
SL-0006667,STR-035,CAT-03,2024-06-01,2024,6,1906,984,51341.97,32046.88,1108.58,19295.09
SL-0006668,STR-035,CAT-04,2024-06-01,2024,6,5674,2897,76074.48,50047.64,2623.18,26026.84
SL-0006669,STR-035,CAT-05,2024-06-01,2024,6,1377,1151,30531.59,14243.22,1135.5,16288.37
SL-0006670,STR-035,CAT-06,2024-06-01,2024,6,2340,2180,69839.49,52900.87,1980.17,16938.62
SL-0006671,STR-035,CAT-07,2024-06-01,2024,6,872,521,23772.65,15033.55,1266.84,8739.1
SL-0006672,STR-035,CAT-08,2024-06-01,2024,6,6313,3764,59413.98,40601.74,829.91,18812.24
SL-0006673,STR-035,CAT-01,2024-07-01,2024,7,2455,1455,45713.47,26451.22,563.64,19262.25
SL-0006674,STR-035,CAT-02,2024-07-01,2024,7,2864,1684,47531.83,39010.77,1888.26,8521.06
SL-0006675,STR-035,CAT-03,2024-07-01,2024,7,1159,573,23594.82,14823.1,1008.09,8771.72
SL-0006676,STR-035,CAT-04,2024-07-01,2024,7,1752,880,45531.56,28223.66,2656.26,17307.9
SL-0006677,STR-035,CAT-05,2024-07-01,2024,7,1505,857,20466.27,9017.85,657.95,11448.42
SL-0006678,STR-035,CAT-06,2024-07-01,2024,7,1594,895,31525.08,24943.55,1709.45,6581.53
SL-0006679,STR-035,CAT-07,2024-07-01,2024,7,2039,1511,47859.54,30260.06,1182.23,17599.48
SL-0006680,STR-035,CAT-08,2024-07-01,2024,7,1010,504,28811.59,20310.56,840.41,8501.03
SL-0006681,STR-035,CAT-01,2024-08-01,2024,8,991,453,27653.78,15746.06,800.69,11907.72
SL-0006682,STR-035,CAT-02,2024-08-01,2024,8,817,464,33708.03,26174.01,1137.79,7534.02
SL-0006683,STR-035,CAT-03,2024-08-01,2024,8,559,324,26373.07,16661.46,826.56,9711.61
SL-0006684,STR-035,CAT-04,2024-08-01,2024,8,972,679,31578.8,20153.93,1339.6,11424.87
SL-0006685,STR-035,CAT-05,2024-08-01,2024,8,1064,507,34366.18,15941.44,2059.98,18424.74
SL-0006686,STR-035,CAT-06,2024-08-01,2024,8,1143,715,30917.72,23717.34,1157.51,7200.38
SL-0006687,STR-035,CAT-07,2024-08-01,2024,8,1156,657,25353.7,15554.21,818.31,9799.49
SL-0006688,STR-035,CAT-08,2024-08-01,2024,8,1238,795,36898.63,25878.89,732.48,11019.74
SL-0006689,STR-035,CAT-01,2024-09-01,2024,9,1426,695,40045.45,22254.29,1809.45,17791.16
SL-0006690,STR-035,CAT-02,2024-09-01,2024,9,791,576,21380.94,17102.82,1155.65,4278.12
SL-0006691,STR-035,CAT-03,2024-09-01,2024,9,904,507,26494.81,17108.4,1174.12,9386.41
SL-0006692,STR-035,CAT-04,2024-09-01,2024,9,1319,693,36557.31,24306.84,1263.59,12250.47
SL-0006693,STR-035,CAT-05,2024-09-01,2024,9,837,398,25913.2,11706.54,1506.19,14206.66
SL-0006694,STR-035,CAT-06,2024-09-01,2024,9,990,434,19115.57,15153.69,619.88,3961.88
SL-0006695,STR-035,CAT-07,2024-09-01,2024,9,798,575,25671.96,15807.97,297.78,9863.99
SL-0006696,STR-035,CAT-08,2024-09-01,2024,9,1514,831,51175.51,37109.14,2115.05,14066.37
SL-0006697,STR-035,CAT-01,2024-10-01,2024,10,957,431,30331.68,18287.06,1467.6,12044.62
SL-0006698,STR-035,CAT-02,2024-10-01,2024,10,1008,629,32752.52,27485.08,384.22,5267.44
SL-0006699,STR-035,CAT-03,2024-10-01,2024,10,747,474,20489.09,12792.32,888.74,7696.77
SL-0006700,STR-035,CAT-04,2024-10-01,2024,10,1163,649,21709.37,13585.29,862.07,8124.08
SL-0006701,STR-035,CAT-05,2024-10-01,2024,10,987,630,26032.67,12165.7,1102.77,13866.97
SL-0006702,STR-035,CAT-06,2024-10-01,2024,10,1331,740,27860.79,21689.12,776.52,6171.67
SL-0006703,STR-035,CAT-07,2024-10-01,2024,10,875,381,28078.43,16481.81,678.5,11596.62
SL-0006704,STR-035,CAT-08,2024-10-01,2024,10,848,421,30739.24,21153.61,1455.42,9585.63
SL-0006705,STR-035,CAT-01,2024-11-01,2024,11,2986,1550,67527.75,39765.02,1488.88,27762.73
SL-0006706,STR-035,CAT-02,2024-11-01,2024,11,2399,1785,95271.69,78858.16,3163.36,16413.53
SL-0006707,STR-035,CAT-03,2024-11-01,2024,11,1498,839,50763.06,32644.44,1374.15,18118.62
SL-0006708,STR-035,CAT-04,2024-11-01,2024,11,1298,618,36493.23,23452.3,516.21,13040.93
SL-0006709,STR-035,CAT-05,2024-11-01,2024,11,3453,1570,70944.25,29666.14,754.78,41278.11
SL-0006710,STR-035,CAT-06,2024-11-01,2024,11,3489,2626,56995.05,42416.25,1579.25,14578.8
SL-0006711,STR-035,CAT-07,2024-11-01,2024,11,2764,1312,87632.19,48747.62,1993.31,38884.57
SL-0006712,STR-035,CAT-08,2024-11-01,2024,11,1863,1328,58356.95,38985.06,1451.05,19371.89
SL-0006713,STR-035,CAT-01,2024-12-01,2024,12,1290,777,51026.93,30095.1,1288.62,20931.83
SL-0006714,STR-035,CAT-02,2024-12-01,2024,12,865,419,35010.94,27554.22,1616.58,7456.72
SL-0006715,STR-035,CAT-03,2024-12-01,2024,12,1659,1050,32529.25,20576.72,1104.08,11952.53
SL-0006716,STR-035,CAT-04,2024-12-01,2024,12,1153,691,30230.28,19317.73,889.48,10912.55
SL-0006717,STR-035,CAT-05,2024-12-01,2024,12,1366,655,47957.03,20597.4,676.3,27359.63
SL-0006718,STR-035,CAT-06,2024-12-01,2024,12,1058,453,31050.7,24211.07,702.25,6839.63
SL-0006719,STR-035,CAT-07,2024-12-01,2024,12,2813,1200,65981.18,40263.05,3703.2,25718.13
SL-0006720,STR-035,CAT-08,2024-12-01,2024,12,2032,1235,46095.84,33505.15,1357.22,12590.69
SL-0006721,STR-036,CAT-01,2023-01-01,2023,1,380,171,12330.41,7202.79,402.31,5127.62
SL-0006722,STR-036,CAT-02,2023-01-01,2023,1,319,181,14508.19,11518.02,331.99,2990.17
SL-0006723,STR-036,CAT-03,2023-01-01,2023,1,448,239,9733.61,6330.26,356.53,3403.35
SL-0006724,STR-036,CAT-04,2023-01-01,2023,1,490,221,7150.92,4551.68,285.29,2599.24
SL-0006725,STR-036,CAT-05,2023-01-01,2023,1,382,181,11139.83,4904.1,138.69,6235.73
SL-0006726,STR-036,CAT-06,2023-01-01,2023,1,291,151,8637.53,6788.78,316.25,1848.75
SL-0006727,STR-036,CAT-07,2023-01-01,2023,1,438,261,12804.79,7776.71,282.64,5028.08
SL-0006728,STR-036,CAT-08,2023-01-01,2023,1,447,322,12185.37,8416.3,509.42,3769.07
SL-0006729,STR-036,CAT-01,2023-02-01,2023,2,566,290,13950.73,7946.3,486.69,6004.43
SL-0006730,STR-036,CAT-02,2023-02-01,2023,2,279,177,11620.19,9658.93,174.61,1961.26
SL-0006731,STR-036,CAT-03,2023-02-01,2023,2,505,225,14819.57,9186.11,358.54,5633.46
SL-0006732,STR-036,CAT-04,2023-02-01,2023,2,531,263,17140.95,10904.59,221.39,6236.36
SL-0006733,STR-036,CAT-05,2023-02-01,2023,2,304,148,10421.48,4481.24,276.41,5940.24
SL-0006734,STR-036,CAT-06,2023-02-01,2023,2,349,173,14495.87,10912.73,212.56,3583.14
SL-0006735,STR-036,CAT-07,2023-02-01,2023,2,173,83,4721.02,2886.1,107.1,1834.92
SL-0006736,STR-036,CAT-08,2023-02-01,2023,2,420,274,13144.55,9282.07,182.93,3862.48
SL-0006737,STR-036,CAT-01,2023-03-01,2023,3,301,185,9591.21,5392.06,135.64,4199.15
SL-0006738,STR-036,CAT-02,2023-03-01,2023,3,367,253,13422.26,10984.68,246.24,2437.58
SL-0006739,STR-036,CAT-03,2023-03-01,2023,3,295,143,8596.27,5403.9,479.04,3192.37
SL-0006740,STR-036,CAT-04,2023-03-01,2023,3,387,184,12792.52,7784.73,198.89,5007.79
SL-0006741,STR-036,CAT-05,2023-03-01,2023,3,357,207,11592.13,5271.72,559.27,6320.41
SL-0006742,STR-036,CAT-06,2023-03-01,2023,3,393,231,13021.94,10776.58,654.93,2245.36
SL-0006743,STR-036,CAT-07,2023-03-01,2023,3,342,201,9354.38,5368.52,278.57,3985.86
SL-0006744,STR-036,CAT-08,2023-03-01,2023,3,268,118,7647.65,5565.55,410.98,2082.1
SL-0006745,STR-036,CAT-01,2023-04-01,2023,4,755,483,15202.92,9266.98,774.62,5935.94
SL-0006746,STR-036,CAT-02,2023-04-01,2023,4,792,401,12280.92,9623.24,306.13,2657.68
SL-0006747,STR-036,CAT-03,2023-04-01,2023,4,465,212,13108.48,7446.0,379.35,5662.48
SL-0006748,STR-036,CAT-04,2023-04-01,2023,4,503,224,14226.09,9081.53,353.51,5144.56
SL-0006749,STR-036,CAT-05,2023-04-01,2023,4,270,163,7925.47,3590.32,355.98,4335.15
SL-0006750,STR-036,CAT-06,2023-04-01,2023,4,693,452,16224.7,12337.22,346.79,3887.48
SL-0006751,STR-036,CAT-07,2023-04-01,2023,4,314,178,10523.87,6346.27,456.52,4177.6
SL-0006752,STR-036,CAT-08,2023-04-01,2023,4,380,195,10532.96,7686.13,371.91,2846.83
SL-0006753,STR-036,CAT-01,2023-05-01,2023,5,610,347,19295.19,11351.01,1053.21,7944.18
SL-0006754,STR-036,CAT-02,2023-05-01,2023,5,377,236,10458.96,8703.82,129.49,1755.14
SL-0006755,STR-036,CAT-03,2023-05-01,2023,5,1158,607,20172.96,12197.57,514.01,7975.39
SL-0006756,STR-036,CAT-04,2023-05-01,2023,5,628,345,14619.98,9502.41,528.37,5117.57
SL-0006757,STR-036,CAT-05,2023-05-01,2023,5,412,253,11893.39,5158.41,454.81,6734.98
SL-0006758,STR-036,CAT-06,2023-05-01,2023,5,274,141,10451.0,8236.19,306.92,2214.81
SL-0006759,STR-036,CAT-07,2023-05-01,2023,5,407,260,12511.63,7806.93,493.76,4704.7
SL-0006760,STR-036,CAT-08,2023-05-01,2023,5,782,376,15459.72,10602.96,748.17,4856.76
SL-0006761,STR-036,CAT-01,2023-06-01,2023,6,192,153,9229.05,5255.78,364.06,3973.27
SL-0006762,STR-036,CAT-02,2023-06-01,2023,6,336,201,9976.38,8306.11,560.9,1670.27
SL-0006763,STR-036,CAT-03,2023-06-01,2023,6,365,184,9143.7,6011.98,470.97,3131.72
SL-0006764,STR-036,CAT-04,2023-06-01,2023,6,399,197,9906.18,6545.26,418.84,3360.92
SL-0006765,STR-036,CAT-05,2023-06-01,2023,6,343,211,8302.79,3831.93,343.88,4470.86
SL-0006766,STR-036,CAT-06,2023-06-01,2023,6,454,244,9747.73,7890.48,213.23,1857.25
SL-0006767,STR-036,CAT-07,2023-06-01,2023,6,214,101,9466.45,5581.73,356.94,3884.72
SL-0006768,STR-036,CAT-08,2023-06-01,2023,6,193,96,8646.72,6054.98,307.02,2591.74
SL-0006769,STR-036,CAT-01,2023-07-01,2023,7,623,352,12428.79,7351.56,604.82,5077.23
SL-0006770,STR-036,CAT-02,2023-07-01,2023,7,497,306,7738.16,6180.55,162.23,1557.61
SL-0006771,STR-036,CAT-03,2023-07-01,2023,7,339,328,7395.08,4552.59,441.26,2842.49
SL-0006772,STR-036,CAT-04,2023-07-01,2023,7,370,246,9069.46,6067.69,329.93,3001.77
SL-0006773,STR-036,CAT-05,2023-07-01,2023,7,241,153,11771.29,5479.21,557.49,6292.08
SL-0006774,STR-036,CAT-06,2023-07-01,2023,7,226,120,7699.14,6199.29,178.5,1499.85
SL-0006775,STR-036,CAT-07,2023-07-01,2023,7,584,254,11147.99,6672.84,561.16,4475.15
SL-0006776,STR-036,CAT-08,2023-07-01,2023,7,499,290,14757.18,10628.41,429.65,4128.77
SL-0006777,STR-036,CAT-01,2023-08-01,2023,8,545,294,16531.67,9626.29,749.2,6905.38
SL-0006778,STR-036,CAT-02,2023-08-01,2023,8,616,380,13931.84,11788.0,728.8,2143.84
SL-0006779,STR-036,CAT-03,2023-08-01,2023,8,581,312,14081.59,8898.01,541.59,5183.58
SL-0006780,STR-036,CAT-04,2023-08-01,2023,8,337,134,10645.09,6818.72,331.08,3826.37
SL-0006781,STR-036,CAT-05,2023-08-01,2023,8,513,225,15947.45,7399.13,885.44,8548.32
SL-0006782,STR-036,CAT-06,2023-08-01,2023,8,579,369,13019.09,10078.88,578.88,2940.21
SL-0006783,STR-036,CAT-07,2023-08-01,2023,8,726,411,14112.33,8207.7,523.2,5904.63
SL-0006784,STR-036,CAT-08,2023-08-01,2023,8,498,284,14184.63,9379.06,453.12,4805.57
SL-0006785,STR-036,CAT-01,2023-09-01,2023,9,547,293,16242.98,9281.84,606.28,6961.14
SL-0006786,STR-036,CAT-02,2023-09-01,2023,9,924,550,8518.22,6913.2,323.13,1605.02
SL-0006787,STR-036,CAT-03,2023-09-01,2023,9,344,167,7656.77,4801.59,315.2,2855.18
SL-0006788,STR-036,CAT-04,2023-09-01,2023,9,290,160,10669.59,7000.47,458.33,3669.12
SL-0006789,STR-036,CAT-05,2023-09-01,2023,9,476,230,9312.43,3987.22,334.3,5325.21
SL-0006790,STR-036,CAT-06,2023-09-01,2023,9,377,284,11921.9,9077.14,246.97,2844.76
SL-0006791,STR-036,CAT-07,2023-09-01,2023,9,561,376,13179.46,7896.72,372.31,5282.74
SL-0006792,STR-036,CAT-08,2023-09-01,2023,9,590,264,21046.07,15218.07,1124.53,5828.0
SL-0006793,STR-036,CAT-01,2023-10-01,2023,10,307,136,14887.23,7973.23,241.3,6914.0
SL-0006794,STR-036,CAT-02,2023-10-01,2023,10,776,508,17312.27,14199.12,616.39,3113.15
SL-0006795,STR-036,CAT-03,2023-10-01,2023,10,514,377,14564.5,8822.23,695.82,5742.27
SL-0006796,STR-036,CAT-04,2023-10-01,2023,10,330,250,7609.76,5006.4,204.66,2603.36
SL-0006797,STR-036,CAT-05,2023-10-01,2023,10,520,319,14010.85,6209.92,368.1,7800.93
SL-0006798,STR-036,CAT-06,2023-10-01,2023,10,472,268,15853.39,12832.49,531.1,3020.9
SL-0006799,STR-036,CAT-07,2023-10-01,2023,10,838,607,11591.23,6979.77,210.7,4611.46
SL-0006800,STR-036,CAT-08,2023-10-01,2023,10,343,294,12564.72,8937.92,642.98,3626.8
SL-0006801,STR-036,CAT-01,2023-11-01,2023,11,376,364,14891.42,8359.01,397.7,6532.41
SL-0006802,STR-036,CAT-02,2023-11-01,2023,11,1080,602,13567.19,11475.27,234.19,2091.92
SL-0006803,STR-036,CAT-03,2023-11-01,2023,11,679,420,17931.71,10617.64,465.42,7314.07
SL-0006804,STR-036,CAT-04,2023-11-01,2023,11,366,217,9808.91,6542.63,335.32,3266.28
SL-0006805,STR-036,CAT-05,2023-11-01,2023,11,904,662,16689.19,7573.39,549.08,9115.8
SL-0006806,STR-036,CAT-06,2023-11-01,2023,11,712,580,18772.71,14046.4,705.04,4726.31
SL-0006807,STR-036,CAT-07,2023-11-01,2023,11,648,1108,20582.52,12457.53,827.64,8124.99
SL-0006808,STR-036,CAT-08,2023-11-01,2023,11,486,213,14916.55,10406.85,339.5,4509.7
SL-0006809,STR-036,CAT-01,2023-12-01,2023,12,544,276,15479.02,8608.25,891.67,6870.77
SL-0006810,STR-036,CAT-02,2023-12-01,2023,12,713,379,23833.75,19572.9,407.49,4260.85
SL-0006811,STR-036,CAT-03,2023-12-01,2023,12,543,327,12666.01,7640.63,704.81,5025.38
SL-0006812,STR-036,CAT-04,2023-12-01,2023,12,278,234,6621.75,4151.3,162.41,2470.45
SL-0006813,STR-036,CAT-05,2023-12-01,2023,12,811,562,16475.63,7191.59,842.44,9284.04
SL-0006814,STR-036,CAT-06,2023-12-01,2023,12,338,151,11973.43,9634.29,495.07,2339.14
SL-0006815,STR-036,CAT-07,2023-12-01,2023,12,1112,525,31238.77,19339.48,961.34,11899.29
SL-0006816,STR-036,CAT-08,2023-12-01,2023,12,583,356,11902.64,8184.92,171.84,3717.72
SL-0006817,STR-036,CAT-01,2024-01-01,2024,1,211,132,6748.39,3673.96,170.73,3074.43
SL-0006818,STR-036,CAT-02,2024-01-01,2024,1,643,321,13558.77,11247.73,306.02,2311.04
SL-0006819,STR-036,CAT-03,2024-01-01,2024,1,474,226,13141.22,8299.09,372.47,4842.13
SL-0006820,STR-036,CAT-04,2024-01-01,2024,1,1275,521,14732.36,9521.52,254.13,5210.84
SL-0006821,STR-036,CAT-05,2024-01-01,2024,1,375,151,13430.17,5856.08,134.47,7574.09
SL-0006822,STR-036,CAT-06,2024-01-01,2024,1,455,273,8088.71,6210.49,176.67,1878.22
SL-0006823,STR-036,CAT-07,2024-01-01,2024,1,160,98,6101.94,3709.25,243.4,2392.69
SL-0006824,STR-036,CAT-08,2024-01-01,2024,1,643,525,12061.14,8137.64,404.57,3923.5
SL-0006825,STR-036,CAT-01,2024-02-01,2024,2,229,129,6423.17,3735.2,66.47,2687.97
SL-0006826,STR-036,CAT-02,2024-02-01,2024,2,119,74,4803.48,3977.52,166.87,825.96
SL-0006827,STR-036,CAT-03,2024-02-01,2024,2,210,117,8687.52,5243.7,144.42,3443.82
SL-0006828,STR-036,CAT-04,2024-02-01,2024,2,260,175,7877.09,5198.16,333.71,2678.93
SL-0006829,STR-036,CAT-05,2024-02-01,2024,2,439,241,9792.96,4391.87,237.87,5401.09
SL-0006830,STR-036,CAT-06,2024-02-01,2024,2,353,167,8630.29,7246.53,333.15,1383.76
SL-0006831,STR-036,CAT-07,2024-02-01,2024,2,196,105,4310.67,2662.0,122.44,1648.67
SL-0006832,STR-036,CAT-08,2024-02-01,2024,2,214,110,8972.13,6160.05,189.32,2812.08
SL-0006833,STR-036,CAT-01,2024-03-01,2024,3,699,466,14107.29,7884.76,240.86,6222.53
SL-0006834,STR-036,CAT-02,2024-03-01,2024,3,246,154,6656.48,5168.9,294.52,1487.58
SL-0006835,STR-036,CAT-03,2024-03-01,2024,3,229,133,8266.36,5049.3,97.75,3217.06
SL-0006836,STR-036,CAT-04,2024-03-01,2024,3,281,147,11206.72,7253.22,328.66,3953.5
SL-0006837,STR-036,CAT-05,2024-03-01,2024,3,351,164,6343.73,2840.16,300.79,3503.57
SL-0006838,STR-036,CAT-06,2024-03-01,2024,3,277,121,7270.43,5723.14,415.42,1547.29
SL-0006839,STR-036,CAT-07,2024-03-01,2024,3,204,118,5231.54,3047.66,163.5,2183.88
SL-0006840,STR-036,CAT-08,2024-03-01,2024,3,261,134,8003.83,5735.3,361.08,2268.53
SL-0006841,STR-036,CAT-01,2024-04-01,2024,4,352,193,9149.37,5204.99,390.52,3944.38
SL-0006842,STR-036,CAT-02,2024-04-01,2024,4,320,146,8718.0,6794.78,416.41,1923.22
SL-0006843,STR-036,CAT-03,2024-04-01,2024,4,689,388,19053.49,11508.17,797.9,7545.32
SL-0006844,STR-036,CAT-04,2024-04-01,2024,4,513,207,14478.49,9052.23,603.78,5426.26
SL-0006845,STR-036,CAT-05,2024-04-01,2024,4,459,217,10909.04,4640.17,401.0,6268.87
SL-0006846,STR-036,CAT-06,2024-04-01,2024,4,304,242,12913.73,9726.52,213.58,3187.21
SL-0006847,STR-036,CAT-07,2024-04-01,2024,4,347,209,9154.63,5513.47,386.9,3641.16
SL-0006848,STR-036,CAT-08,2024-04-01,2024,4,311,206,11959.68,8664.82,403.49,3294.86
SL-0006849,STR-036,CAT-01,2024-05-01,2024,5,222,96,8667.46,5208.01,417.31,3459.45
SL-0006850,STR-036,CAT-02,2024-05-01,2024,5,251,178,8607.31,7230.43,485.13,1376.88
SL-0006851,STR-036,CAT-03,2024-05-01,2024,5,279,195,10321.81,6572.61,337.41,3749.2
SL-0006852,STR-036,CAT-04,2024-05-01,2024,5,530,194,10783.34,6810.18,467.77,3973.16
SL-0006853,STR-036,CAT-05,2024-05-01,2024,5,183,100,7038.7,3235.09,297.11,3803.61
SL-0006854,STR-036,CAT-06,2024-05-01,2024,5,219,158,7710.9,5787.69,82.23,1923.21
SL-0006855,STR-036,CAT-07,2024-05-01,2024,5,151,69,5255.41,3160.08,312.89,2095.33
SL-0006856,STR-036,CAT-08,2024-05-01,2024,5,181,113,6016.79,4359.73,249.44,1657.06
SL-0006857,STR-036,CAT-01,2024-06-01,2024,6,400,198,11137.9,6533.36,152.49,4604.54
SL-0006858,STR-036,CAT-02,2024-06-01,2024,6,453,228,9564.84,7585.61,231.14,1979.23
SL-0006859,STR-036,CAT-03,2024-06-01,2024,6,301,155,8757.68,5076.91,135.56,3680.77
SL-0006860,STR-036,CAT-04,2024-06-01,2024,6,382,227,12977.74,8526.27,356.41,4451.47
SL-0006861,STR-036,CAT-05,2024-06-01,2024,6,265,144,7448.95,3378.7,186.83,4070.25
SL-0006862,STR-036,CAT-06,2024-06-01,2024,6,342,156,13483.48,10871.77,800.67,2611.71
SL-0006863,STR-036,CAT-07,2024-06-01,2024,6,256,179,9849.65,5666.32,401.4,4183.33
SL-0006864,STR-036,CAT-08,2024-06-01,2024,6,376,232,7258.49,5289.17,220.36,1969.32
SL-0006865,STR-036,CAT-01,2024-07-01,2024,7,456,288,19569.16,11456.5,318.88,8112.66
SL-0006866,STR-036,CAT-02,2024-07-01,2024,7,696,433,20452.02,16072.7,701.03,4379.32
SL-0006867,STR-036,CAT-03,2024-07-01,2024,7,561,326,11398.49,7262.25,213.2,4136.24
SL-0006868,STR-036,CAT-04,2024-07-01,2024,7,663,316,17793.02,11688.46,1031.21,6104.56
SL-0006869,STR-036,CAT-05,2024-07-01,2024,7,665,359,14672.74,6342.1,448.35,8330.64
SL-0006870,STR-036,CAT-06,2024-07-01,2024,7,716,402,16418.42,12322.96,726.9,4095.46
SL-0006871,STR-036,CAT-07,2024-07-01,2024,7,441,209,19639.87,12699.09,432.36,6940.78
SL-0006872,STR-036,CAT-08,2024-07-01,2024,7,465,224,11611.55,8433.22,591.45,3178.33
SL-0006873,STR-036,CAT-01,2024-08-01,2024,8,400,201,15208.52,8405.77,594.97,6802.75
SL-0006874,STR-036,CAT-02,2024-08-01,2024,8,502,235,15752.1,12837.46,785.8,2914.64
SL-0006875,STR-036,CAT-03,2024-08-01,2024,8,261,139,8845.8,5518.1,442.04,3327.7
SL-0006876,STR-036,CAT-04,2024-08-01,2024,8,1187,805,12792.75,8429.91,204.32,4362.84
SL-0006877,STR-036,CAT-05,2024-08-01,2024,8,366,182,10886.39,5022.38,456.49,5864.01
SL-0006878,STR-036,CAT-06,2024-08-01,2024,8,970,610,11765.75,8958.94,315.92,2806.81
SL-0006879,STR-036,CAT-07,2024-08-01,2024,8,322,229,8937.46,5343.57,91.59,3593.89
SL-0006880,STR-036,CAT-08,2024-08-01,2024,8,326,222,10568.23,7250.36,399.75,3317.87
SL-0006881,STR-036,CAT-01,2024-09-01,2024,9,445,231,20600.18,11816.84,601.04,8783.34
SL-0006882,STR-036,CAT-02,2024-09-01,2024,9,293,159,9253.44,7708.97,208.32,1544.47
SL-0006883,STR-036,CAT-03,2024-09-01,2024,9,725,512,12642.98,7865.37,608.73,4777.61
SL-0006884,STR-036,CAT-04,2024-09-01,2024,9,799,459,12975.14,8628.82,681.06,4346.32
SL-0006885,STR-036,CAT-05,2024-09-01,2024,9,340,149,14208.16,6233.59,807.82,7974.57
SL-0006886,STR-036,CAT-06,2024-09-01,2024,9,581,319,11561.17,9155.97,463.89,2405.2
SL-0006887,STR-036,CAT-07,2024-09-01,2024,9,372,180,12965.11,7611.9,501.77,5353.21
SL-0006888,STR-036,CAT-08,2024-09-01,2024,9,393,202,10817.04,7528.81,132.19,3288.23
SL-0006889,STR-036,CAT-01,2024-10-01,2024,10,497,497,20769.95,12163.78,1009.18,8606.17
SL-0006890,STR-036,CAT-02,2024-10-01,2024,10,509,244,13386.85,11143.71,184.92,2243.14
SL-0006891,STR-036,CAT-03,2024-10-01,2024,10,682,401,15958.9,10033.51,250.48,5925.39
SL-0006892,STR-036,CAT-04,2024-10-01,2024,10,304,170,7386.08,4834.16,209.85,2551.92
SL-0006893,STR-036,CAT-05,2024-10-01,2024,10,287,152,9113.59,4028.51,456.05,5085.08
SL-0006894,STR-036,CAT-06,2024-10-01,2024,10,277,153,9907.32,7941.41,366.41,1965.91
SL-0006895,STR-036,CAT-07,2024-10-01,2024,10,622,544,14994.94,9110.04,258.98,5884.9
SL-0006896,STR-036,CAT-08,2024-10-01,2024,10,643,289,8998.41,5984.35,240.33,3014.06
SL-0006897,STR-036,CAT-01,2024-11-01,2024,11,362,188,9910.86,5891.64,320.64,4019.22
SL-0006898,STR-036,CAT-02,2024-11-01,2024,11,1168,580,22159.64,18790.6,1083.66,3369.04
SL-0006899,STR-036,CAT-03,2024-11-01,2024,11,1219,641,22117.33,13640.4,479.66,8476.93
SL-0006900,STR-036,CAT-04,2024-11-01,2024,11,352,181,14329.92,9556.96,452.97,4772.96
SL-0006901,STR-036,CAT-05,2024-11-01,2024,11,604,331,20737.87,9254.27,447.74,11483.6
SL-0006902,STR-036,CAT-06,2024-11-01,2024,11,389,216,17376.31,13621.78,225.82,3754.53
SL-0006903,STR-036,CAT-07,2024-11-01,2024,11,978,426,26757.55,16575.13,1516.05,10182.42
SL-0006904,STR-036,CAT-08,2024-11-01,2024,11,514,242,18241.57,12674.65,678.27,5566.92
SL-0006905,STR-036,CAT-01,2024-12-01,2024,12,957,415,19110.32,11229.23,336.88,7881.09
SL-0006906,STR-036,CAT-02,2024-12-01,2024,12,833,541,20036.46,16450.05,396.94,3586.41
SL-0006907,STR-036,CAT-03,2024-12-01,2024,12,536,248,16344.95,10473.8,970.38,5871.15
SL-0006908,STR-036,CAT-04,2024-12-01,2024,12,214,123,6822.18,4571.88,363.21,2250.3
SL-0006909,STR-036,CAT-05,2024-12-01,2024,12,454,222,12923.18,5520.45,624.34,7402.73
SL-0006910,STR-036,CAT-06,2024-12-01,2024,12,285,167,13007.39,10164.01,133.23,2843.38
SL-0006911,STR-036,CAT-07,2024-12-01,2024,12,679,385,16741.5,9668.74,570.61,7072.76
SL-0006912,STR-036,CAT-08,2024-12-01,2024,12,206,105,10037.29,6857.2,231.07,3180.09
SL-0006913,STR-037,CAT-01,2023-01-01,2023,1,1065,581,35978.72,22098.52,1879.81,13880.2
SL-0006914,STR-037,CAT-02,2023-01-01,2023,1,2311,1416,26625.84,22285.51,409.01,4340.33
SL-0006915,STR-037,CAT-03,2023-01-01,2023,1,488,292,16123.62,10605.6,411.86,5518.02
SL-0006916,STR-037,CAT-04,2023-01-01,2023,1,677,354,25576.78,16387.69,647.54,9189.09
SL-0006917,STR-037,CAT-05,2023-01-01,2023,1,1255,924,38718.4,16819.42,893.62,21898.98
SL-0006918,STR-037,CAT-06,2023-01-01,2023,1,776,541,29290.53,22293.83,1340.03,6996.7
SL-0006919,STR-037,CAT-07,2023-01-01,2023,1,1040,508,28856.38,17574.13,1295.13,11282.25
SL-0006920,STR-037,CAT-08,2023-01-01,2023,1,1282,685,20420.47,14094.36,1135.77,6326.11
SL-0006921,STR-037,CAT-01,2023-02-01,2023,2,674,367,25467.4,15176.5,359.62,10290.9
SL-0006922,STR-037,CAT-02,2023-02-01,2023,2,499,268,22463.71,18542.75,372.62,3920.96
SL-0006923,STR-037,CAT-03,2023-02-01,2023,2,1145,581,30929.73,17790.71,1128.51,13139.02
SL-0006924,STR-037,CAT-04,2023-02-01,2023,2,347,208,13875.88,8944.41,828.27,4931.47
SL-0006925,STR-037,CAT-05,2023-02-01,2023,2,531,346,19552.06,9240.07,311.32,10311.99
SL-0006926,STR-037,CAT-06,2023-02-01,2023,2,631,377,19254.22,15253.71,676.72,4000.51
SL-0006927,STR-037,CAT-07,2023-02-01,2023,2,334,210,12401.53,7174.43,631.95,5227.1
SL-0006928,STR-037,CAT-08,2023-02-01,2023,2,437,190,16725.85,11658.6,340.72,5067.25
SL-0006929,STR-037,CAT-01,2023-03-01,2023,3,1355,754,23953.25,14347.2,916.9,9606.05
SL-0006930,STR-037,CAT-02,2023-03-01,2023,3,1071,719,29813.38,24836.45,310.8,4976.93
SL-0006931,STR-037,CAT-03,2023-03-01,2023,3,983,521,43683.77,26488.94,1568.44,17194.83
SL-0006932,STR-037,CAT-04,2023-03-01,2023,3,968,565,27389.37,18232.89,1624.19,9156.48
SL-0006933,STR-037,CAT-05,2023-03-01,2023,3,1071,676,34039.85,15129.66,1877.89,18910.19
SL-0006934,STR-037,CAT-06,2023-03-01,2023,3,334,175,15366.52,12021.27,581.83,3345.25
SL-0006935,STR-037,CAT-07,2023-03-01,2023,3,1067,646,24431.18,15775.34,1449.72,8655.84
SL-0006936,STR-037,CAT-08,2023-03-01,2023,3,743,452,28073.46,19409.01,1300.51,8664.45
SL-0006937,STR-037,CAT-01,2023-04-01,2023,4,1624,984,59193.82,35615.13,3038.96,23578.69
SL-0006938,STR-037,CAT-02,2023-04-01,2023,4,1558,904,39503.42,32816.72,1089.08,6686.7
SL-0006939,STR-037,CAT-03,2023-04-01,2023,4,2166,1620,56934.46,35122.07,1683.69,21812.39
SL-0006940,STR-037,CAT-04,2023-04-01,2023,4,1268,697,44751.88,28585.75,831.6,16166.13
SL-0006941,STR-037,CAT-05,2023-04-01,2023,4,1352,885,44169.2,19866.44,2430.29,24302.76
SL-0006942,STR-037,CAT-06,2023-04-01,2023,4,1281,717,37360.0,28962.43,1924.54,8397.57
SL-0006943,STR-037,CAT-07,2023-04-01,2023,4,1943,1287,40485.95,24833.94,1644.28,15652.01
SL-0006944,STR-037,CAT-08,2023-04-01,2023,4,2182,1089,61913.87,43099.17,3443.34,18814.7
SL-0006945,STR-037,CAT-01,2023-05-01,2023,5,1472,632,29864.58,16930.92,1249.4,12933.66
SL-0006946,STR-037,CAT-02,2023-05-01,2023,5,1001,549,28212.2,23095.56,416.08,5116.64
SL-0006947,STR-037,CAT-03,2023-05-01,2023,5,677,342,26106.72,15944.53,1193.42,10162.19
SL-0006948,STR-037,CAT-04,2023-05-01,2023,5,1610,928,27911.91,19051.17,1010.52,8860.74
SL-0006949,STR-037,CAT-05,2023-05-01,2023,5,1199,957,39406.6,17644.61,1936.64,21761.99
SL-0006950,STR-037,CAT-06,2023-05-01,2023,5,924,454,27827.69,21824.92,700.5,6002.77
SL-0006951,STR-037,CAT-07,2023-05-01,2023,5,997,537,35219.15,20681.66,1145.22,14537.49
SL-0006952,STR-037,CAT-08,2023-05-01,2023,5,1285,616,35519.97,24017.35,933.29,11502.62
SL-0006953,STR-037,CAT-01,2023-06-01,2023,6,581,413,19146.31,10695.65,730.22,8450.66
SL-0006954,STR-037,CAT-02,2023-06-01,2023,6,1152,683,29609.68,25582.06,1682.0,4027.62
SL-0006955,STR-037,CAT-03,2023-06-01,2023,6,1796,1040,20228.97,12164.03,918.44,8064.94
SL-0006956,STR-037,CAT-04,2023-06-01,2023,6,1464,816,23350.93,14984.45,1195.89,8366.48
SL-0006957,STR-037,CAT-05,2023-06-01,2023,6,650,370,18739.16,8239.8,883.59,10499.36
SL-0006958,STR-037,CAT-06,2023-06-01,2023,6,1189,642,23028.4,18953.38,1265.22,4075.02
SL-0006959,STR-037,CAT-07,2023-06-01,2023,6,855,514,24484.9,14906.7,393.8,9578.2
SL-0006960,STR-037,CAT-08,2023-06-01,2023,6,974,608,26954.25,18668.5,917.02,8285.75
SL-0006961,STR-037,CAT-01,2023-07-01,2023,7,2031,1140,51301.02,30975.84,1566.16,20325.18
SL-0006962,STR-037,CAT-02,2023-07-01,2023,7,1399,1542,31664.12,26422.61,1060.17,5241.51
SL-0006963,STR-037,CAT-03,2023-07-01,2023,7,979,592,21144.01,13143.94,1045.67,8000.07
SL-0006964,STR-037,CAT-04,2023-07-01,2023,7,2378,1415,48412.41,31779.02,930.45,16633.39
SL-0006965,STR-037,CAT-05,2023-07-01,2023,7,851,539,27197.38,12456.49,285.18,14740.89
SL-0006966,STR-037,CAT-06,2023-07-01,2023,7,955,378,30768.51,23053.91,667.63,7714.6
SL-0006967,STR-037,CAT-07,2023-07-01,2023,7,1303,694,28286.39,17465.27,735.84,10821.12
SL-0006968,STR-037,CAT-08,2023-07-01,2023,7,1110,548,38427.85,27100.8,1617.23,11327.05
SL-0006969,STR-037,CAT-01,2023-08-01,2023,8,1445,697,40081.86,24396.64,528.85,15685.22
SL-0006970,STR-037,CAT-02,2023-08-01,2023,8,2483,1261,51335.35,42298.04,2850.59,9037.31
SL-0006971,STR-037,CAT-03,2023-08-01,2023,8,593,332,23249.26,14561.0,631.59,8688.26
SL-0006972,STR-037,CAT-04,2023-08-01,2023,8,1560,948,50475.61,33204.16,790.19,17271.45
SL-0006973,STR-037,CAT-05,2023-08-01,2023,8,766,358,28997.76,13302.28,1646.62,15695.48
SL-0006974,STR-037,CAT-06,2023-08-01,2023,8,2268,1176,56551.03,45006.8,1117.02,11544.23
SL-0006975,STR-037,CAT-07,2023-08-01,2023,8,1676,937,33051.11,19370.8,419.52,13680.31
SL-0006976,STR-037,CAT-08,2023-08-01,2023,8,1479,741,64270.69,45230.27,3540.29,19040.42
SL-0006977,STR-037,CAT-01,2023-09-01,2023,9,756,581,22341.57,13612.86,859.23,8728.71
SL-0006978,STR-037,CAT-02,2023-09-01,2023,9,500,313,23311.43,18888.39,276.7,4423.04
SL-0006979,STR-037,CAT-03,2023-09-01,2023,9,834,601,24099.35,14764.18,732.62,9335.17
SL-0006980,STR-037,CAT-04,2023-09-01,2023,9,1529,826,26217.96,16342.73,347.54,9875.23
SL-0006981,STR-037,CAT-05,2023-09-01,2023,9,1762,917,37354.49,16698.16,606.27,20656.33
SL-0006982,STR-037,CAT-06,2023-09-01,2023,9,833,595,20293.9,15207.1,845.02,5086.8
SL-0006983,STR-037,CAT-07,2023-09-01,2023,9,1465,852,36780.4,21502.16,1406.62,15278.24
SL-0006984,STR-037,CAT-08,2023-09-01,2023,9,879,506,31653.57,22513.83,1802.98,9139.74
SL-0006985,STR-037,CAT-01,2023-10-01,2023,10,1291,840,29821.57,17988.59,615.73,11832.98
SL-0006986,STR-037,CAT-02,2023-10-01,2023,10,1225,755,25956.6,20976.58,362.47,4980.02
SL-0006987,STR-037,CAT-03,2023-10-01,2023,10,933,495,34709.23,21602.46,1744.2,13106.77
SL-0006988,STR-037,CAT-04,2023-10-01,2023,10,1248,673,28786.39,19944.56,600.18,8841.83
SL-0006989,STR-037,CAT-05,2023-10-01,2023,10,1126,789,29372.21,13273.35,1344.34,16098.86
SL-0006990,STR-037,CAT-06,2023-10-01,2023,10,439,288,17031.26,13182.83,328.9,3848.43
SL-0006991,STR-037,CAT-07,2023-10-01,2023,10,911,553,22835.95,14348.37,1230.71,8487.58
SL-0006992,STR-037,CAT-08,2023-10-01,2023,10,417,247,16803.12,11217.03,548.72,5586.09
SL-0006993,STR-037,CAT-01,2023-11-01,2023,11,961,772,32927.31,20497.21,584.85,12430.1
SL-0006994,STR-037,CAT-02,2023-11-01,2023,11,1285,619,39950.49,32910.85,540.36,7039.64
SL-0006995,STR-037,CAT-03,2023-11-01,2023,11,1560,763,40193.94,25961.53,1807.07,14232.41
SL-0006996,STR-037,CAT-04,2023-11-01,2023,11,608,318,19681.51,12097.69,697.89,7583.82
SL-0006997,STR-037,CAT-05,2023-11-01,2023,11,733,347,21244.93,9058.95,307.32,12185.98
SL-0006998,STR-037,CAT-06,2023-11-01,2023,11,584,260,24946.66,19419.88,626.09,5526.78
SL-0006999,STR-037,CAT-07,2023-11-01,2023,11,2384,1408,68109.13,39326.71,854.83,28782.42
SL-0007000,STR-037,CAT-08,2023-11-01,2023,11,2186,1023,35377.16,24311.5,1109.03,11065.66
SL-0007001,STR-037,CAT-01,2023-12-01,2023,12,1697,807,51197.98,30918.33,2615.49,20279.65
SL-0007002,STR-037,CAT-02,2023-12-01,2023,12,4011,2161,81571.61,68119.95,4752.46,13451.66
SL-0007003,STR-037,CAT-03,2023-12-01,2023,12,861,485,35347.53,21253.28,1325.7,14094.25
SL-0007004,STR-037,CAT-04,2023-12-01,2023,12,1267,682,32801.7,21784.1,1330.63,11017.6
SL-0007005,STR-037,CAT-05,2023-12-01,2023,12,1704,838,62286.56,28189.86,1518.15,34096.7
SL-0007006,STR-037,CAT-06,2023-12-01,2023,12,1548,1129,42975.74,34542.24,2138.49,8433.5
SL-0007007,STR-037,CAT-07,2023-12-01,2023,12,4093,2535,110317.01,63012.95,6078.1,47304.06
SL-0007008,STR-037,CAT-08,2023-12-01,2023,12,1853,1109,45034.86,30857.32,2459.15,14177.54
SL-0007009,STR-037,CAT-01,2024-01-01,2024,1,734,417,31206.23,17746.9,1483.92,13459.33
SL-0007010,STR-037,CAT-02,2024-01-01,2024,1,420,222,14815.06,11862.64,258.7,2952.42
SL-0007011,STR-037,CAT-03,2024-01-01,2024,1,2769,1845,28477.59,18114.44,1024.42,10363.15
SL-0007012,STR-037,CAT-04,2024-01-01,2024,1,1032,489,28489.91,18135.93,565.56,10353.98
SL-0007013,STR-037,CAT-05,2024-01-01,2024,1,939,853,32563.56,14774.58,1459.29,17788.98
SL-0007014,STR-037,CAT-06,2024-01-01,2024,1,626,317,21335.38,16830.75,583.19,4504.63
SL-0007015,STR-037,CAT-07,2024-01-01,2024,1,444,163,12411.11,7283.19,334.45,5127.92
SL-0007016,STR-037,CAT-08,2024-01-01,2024,1,886,485,15766.02,11348.88,873.5,4417.14
SL-0007017,STR-037,CAT-01,2024-02-01,2024,2,1123,793,24145.88,14551.99,980.66,9593.89
SL-0007018,STR-037,CAT-02,2024-02-01,2024,2,1033,544,28176.97,23290.66,1175.83,4886.31
SL-0007019,STR-037,CAT-03,2024-02-01,2024,2,848,330,30417.89,18335.59,630.37,12082.3
SL-0007020,STR-037,CAT-04,2024-02-01,2024,2,2326,1053,41340.65,26628.87,2185.79,14711.78
SL-0007021,STR-037,CAT-05,2024-02-01,2024,2,1470,638,24356.92,10614.96,1072.87,13741.96
SL-0007022,STR-037,CAT-06,2024-02-01,2024,2,2182,1525,38468.14,30942.96,1611.76,7525.18
SL-0007023,STR-037,CAT-07,2024-02-01,2024,2,438,265,13790.38,8683.15,196.08,5107.23
SL-0007024,STR-037,CAT-08,2024-02-01,2024,2,981,439,18497.26,13114.88,514.36,5382.38
SL-0007025,STR-037,CAT-01,2024-03-01,2024,3,1308,580,35948.28,19341.23,1683.18,16607.05
SL-0007026,STR-037,CAT-02,2024-03-01,2024,3,1114,893,27790.0,22746.55,872.18,5043.45
SL-0007027,STR-037,CAT-03,2024-03-01,2024,3,978,451,26947.79,16480.37,1540.9,10467.42
SL-0007028,STR-037,CAT-04,2024-03-01,2024,3,655,314,21872.45,14182.86,227.07,7689.59
SL-0007029,STR-037,CAT-05,2024-03-01,2024,3,923,561,17993.88,8191.76,1057.06,9802.12
SL-0007030,STR-037,CAT-06,2024-03-01,2024,3,1018,578,24154.86,18635.38,983.75,5519.48
SL-0007031,STR-037,CAT-07,2024-03-01,2024,3,657,363,18184.14,10694.46,743.31,7489.68
SL-0007032,STR-037,CAT-08,2024-03-01,2024,3,806,428,22922.13,15117.53,1359.89,7804.6
SL-0007033,STR-037,CAT-01,2024-04-01,2024,4,1262,729,43293.86,25134.34,2044.25,18159.52
SL-0007034,STR-037,CAT-02,2024-04-01,2024,4,5204,3081,31805.17,26802.21,1544.97,5002.96
SL-0007035,STR-037,CAT-03,2024-04-01,2024,4,2312,1290,53898.61,31711.47,773.65,22187.14
SL-0007036,STR-037,CAT-04,2024-04-01,2024,4,897,503,30783.49,20270.67,1795.07,10512.82
SL-0007037,STR-037,CAT-05,2024-04-01,2024,4,1454,664,29820.41,14198.5,459.55,15621.91
SL-0007038,STR-037,CAT-06,2024-04-01,2024,4,1050,506,39522.64,31593.22,1845.05,7929.42
SL-0007039,STR-037,CAT-07,2024-04-01,2024,4,1065,546,31379.7,18515.97,1439.02,12863.73
SL-0007040,STR-037,CAT-08,2024-04-01,2024,4,1510,833,47405.17,33751.95,1123.06,13653.22
SL-0007041,STR-037,CAT-01,2024-05-01,2024,5,1246,1250,26617.9,14979.21,997.5,11638.69
SL-0007042,STR-037,CAT-02,2024-05-01,2024,5,1149,625,28964.0,23666.47,433.22,5297.53
SL-0007043,STR-037,CAT-03,2024-05-01,2024,5,700,278,25477.65,15964.31,1457.69,9513.34
SL-0007044,STR-037,CAT-04,2024-05-01,2024,5,825,508,23088.07,15162.5,520.53,7925.57
SL-0007045,STR-037,CAT-05,2024-05-01,2024,5,665,406,21941.97,9805.32,1227.94,12136.65
SL-0007046,STR-037,CAT-06,2024-05-01,2024,5,1859,1142,31896.94,25778.19,325.66,6118.75
SL-0007047,STR-037,CAT-07,2024-05-01,2024,5,725,377,29430.14,17509.78,1405.27,11920.36
SL-0007048,STR-037,CAT-08,2024-05-01,2024,5,926,773,27024.58,17356.82,713.44,9667.76
SL-0007049,STR-037,CAT-01,2024-06-01,2024,6,1119,766,34011.36,19212.85,1925.04,14798.51
SL-0007050,STR-037,CAT-02,2024-06-01,2024,6,2233,906,44394.65,37250.38,1688.41,7144.27
SL-0007051,STR-037,CAT-03,2024-06-01,2024,6,1126,677,29708.65,19232.0,402.24,10476.65
SL-0007052,STR-037,CAT-04,2024-06-01,2024,6,1178,774,50455.38,32816.61,2732.14,17638.77
SL-0007053,STR-037,CAT-05,2024-06-01,2024,6,868,562,24610.24,10908.67,1312.18,13701.57
SL-0007054,STR-037,CAT-06,2024-06-01,2024,6,1338,607,30641.69,23428.77,922.91,7212.92
SL-0007055,STR-037,CAT-07,2024-06-01,2024,6,890,421,26380.94,15895.81,1121.16,10485.13
SL-0007056,STR-037,CAT-08,2024-06-01,2024,6,1481,1102,37372.7,26168.51,1135.87,11204.19
SL-0007057,STR-037,CAT-01,2024-07-01,2024,7,711,297,27337.59,15487.58,1415.54,11850.01
SL-0007058,STR-037,CAT-02,2024-07-01,2024,7,881,424,29478.45,25551.19,1392.8,3927.26
SL-0007059,STR-037,CAT-03,2024-07-01,2024,7,1530,793,41437.02,25780.4,949.84,15656.62
SL-0007060,STR-037,CAT-04,2024-07-01,2024,7,1063,541,34590.55,23493.38,589.39,11097.17
SL-0007061,STR-037,CAT-05,2024-07-01,2024,7,1500,858,29830.0,13887.41,1553.78,15942.59
SL-0007062,STR-037,CAT-06,2024-07-01,2024,7,1933,778,44296.77,34960.1,1252.95,9336.67
SL-0007063,STR-037,CAT-07,2024-07-01,2024,7,1162,1092,43996.46,26631.03,1929.95,17365.43
SL-0007064,STR-037,CAT-08,2024-07-01,2024,7,985,603,37236.84,26381.91,1185.82,10854.93
SL-0007065,STR-037,CAT-01,2024-08-01,2024,8,895,433,33572.5,19883.56,1540.43,13688.94
SL-0007066,STR-037,CAT-02,2024-08-01,2024,8,830,454,18984.79,14947.21,1057.62,4037.58
SL-0007067,STR-037,CAT-03,2024-08-01,2024,8,1437,663,33250.07,20540.61,1155.4,12709.46
SL-0007068,STR-037,CAT-04,2024-08-01,2024,8,1598,1004,35418.11,22279.11,1649.42,13139.0
SL-0007069,STR-037,CAT-05,2024-08-01,2024,8,866,560,32056.97,13783.83,1325.19,18273.14
SL-0007070,STR-037,CAT-06,2024-08-01,2024,8,990,521,34197.08,24597.33,665.64,9599.75
SL-0007071,STR-037,CAT-07,2024-08-01,2024,8,895,603,19325.09,11018.18,1007.8,8306.91
SL-0007072,STR-037,CAT-08,2024-08-01,2024,8,449,259,21594.06,15781.44,1086.33,5812.62
SL-0007073,STR-037,CAT-01,2024-09-01,2024,9,6791,4492,26472.26,15671.88,898.03,10800.38
SL-0007074,STR-037,CAT-02,2024-09-01,2024,9,1142,736,26786.73,22023.94,377.38,4762.79
SL-0007075,STR-037,CAT-03,2024-09-01,2024,9,1328,695,25975.13,16287.37,1047.2,9687.76
SL-0007076,STR-037,CAT-04,2024-09-01,2024,9,856,477,19778.69,12924.23,713.52,6854.46
SL-0007077,STR-037,CAT-05,2024-09-01,2024,9,864,711,31652.83,14579.92,393.4,17072.91
SL-0007078,STR-037,CAT-06,2024-09-01,2024,9,1919,839,44896.57,35758.38,449.01,9138.19
SL-0007079,STR-037,CAT-07,2024-09-01,2024,9,910,501,20854.54,12584.25,1175.21,8270.29
SL-0007080,STR-037,CAT-08,2024-09-01,2024,9,1848,1006,37803.75,28226.66,1766.12,9577.09
SL-0007081,STR-037,CAT-01,2024-10-01,2024,10,1688,991,43873.04,26431.09,782.34,17441.95
SL-0007082,STR-037,CAT-02,2024-10-01,2024,10,1860,1034,42481.48,34795.2,2033.96,7686.28
SL-0007083,STR-037,CAT-03,2024-10-01,2024,10,930,553,32792.72,20130.44,386.46,12662.28
SL-0007084,STR-037,CAT-04,2024-10-01,2024,10,1029,547,36316.5,24864.39,967.77,11452.11
SL-0007085,STR-037,CAT-05,2024-10-01,2024,10,705,484,26883.46,11757.74,671.91,15125.72
SL-0007086,STR-037,CAT-06,2024-10-01,2024,10,1387,708,41842.06,31914.66,1557.94,9927.4
SL-0007087,STR-037,CAT-07,2024-10-01,2024,10,1583,699,37641.04,22349.07,922.88,15291.97
SL-0007088,STR-037,CAT-08,2024-10-01,2024,10,1266,751,42427.12,29203.92,1853.35,13223.2
SL-0007089,STR-037,CAT-01,2024-11-01,2024,11,1160,698,35870.1,20951.34,1888.55,14918.76
SL-0007090,STR-037,CAT-02,2024-11-01,2024,11,3108,1628,50419.46,39815.04,546.68,10604.42
SL-0007091,STR-037,CAT-03,2024-11-01,2024,11,1460,780,40005.17,23894.63,784.65,16110.54
SL-0007092,STR-037,CAT-04,2024-11-01,2024,11,1121,537,29398.54,18939.77,1485.3,10458.77
SL-0007093,STR-037,CAT-05,2024-11-01,2024,11,821,610,27255.56,12235.38,697.1,15020.18
SL-0007094,STR-037,CAT-06,2024-11-01,2024,11,1390,1093,48619.94,38465.72,1798.07,10154.22
SL-0007095,STR-037,CAT-07,2024-11-01,2024,11,1751,854,45595.35,26851.32,1424.02,18744.03
SL-0007096,STR-037,CAT-08,2024-11-01,2024,11,1078,552,31142.48,21275.72,1431.19,9866.76
SL-0007097,STR-037,CAT-01,2024-12-01,2024,12,1880,1226,40359.64,23151.28,1075.74,17208.36
SL-0007098,STR-037,CAT-02,2024-12-01,2024,12,808,362,27115.52,22198.96,891.54,4916.56
SL-0007099,STR-037,CAT-03,2024-12-01,2024,12,858,419,22772.45,14847.98,966.72,7924.47
SL-0007100,STR-037,CAT-04,2024-12-01,2024,12,580,400,11691.57,7610.11,696.63,4081.46
SL-0007101,STR-037,CAT-05,2024-12-01,2024,12,774,507,31238.5,14242.87,550.9,16995.63
SL-0007102,STR-037,CAT-06,2024-12-01,2024,12,1013,585,33132.34,24898.97,1278.63,8233.37
SL-0007103,STR-037,CAT-07,2024-12-01,2024,12,2620,1349,46505.9,27499.4,1313.0,19006.5
SL-0007104,STR-037,CAT-08,2024-12-01,2024,12,1144,532,20558.0,14550.9,814.41,6007.1
SL-0007105,STR-038,CAT-01,2023-01-01,2023,1,3664,1809,17758.88,10361.25,967.34,7397.63
SL-0007106,STR-038,CAT-02,2023-01-01,2023,1,591,399,19563.68,16104.83,891.34,3458.85
SL-0007107,STR-038,CAT-03,2023-01-01,2023,1,755,434,23462.13,14206.82,768.78,9255.31
SL-0007108,STR-038,CAT-04,2023-01-01,2023,1,1552,655,18845.71,12457.73,681.27,6387.98
SL-0007109,STR-038,CAT-05,2023-01-01,2023,1,863,658,22380.54,10123.45,1208.16,12257.09
SL-0007110,STR-038,CAT-06,2023-01-01,2023,1,942,454,28989.34,22606.2,404.48,6383.14
SL-0007111,STR-038,CAT-07,2023-01-01,2023,1,550,247,13204.68,7880.14,348.45,5324.54
SL-0007112,STR-038,CAT-08,2023-01-01,2023,1,548,288,18228.85,13091.88,810.25,5136.97
SL-0007113,STR-038,CAT-01,2023-02-01,2023,2,363,257,11787.41,7084.64,547.04,4702.77
SL-0007114,STR-038,CAT-02,2023-02-01,2023,2,646,407,16185.45,13321.19,499.42,2864.26
SL-0007115,STR-038,CAT-03,2023-02-01,2023,2,447,275,14327.82,9042.34,178.73,5285.48
SL-0007116,STR-038,CAT-04,2023-02-01,2023,2,554,276,12748.79,9131.58,625.89,3617.21
SL-0007117,STR-038,CAT-05,2023-02-01,2023,2,535,253,10476.74,4757.24,622.83,5719.5
SL-0007118,STR-038,CAT-06,2023-02-01,2023,2,647,462,12646.45,9823.49,643.78,2822.96
SL-0007119,STR-038,CAT-07,2023-02-01,2023,2,322,164,11584.81,6919.97,284.36,4664.84
SL-0007120,STR-038,CAT-08,2023-02-01,2023,2,397,226,12478.9,8698.55,304.07,3780.35
SL-0007121,STR-038,CAT-01,2023-03-01,2023,3,966,464,21726.92,12488.79,1164.69,9238.13
SL-0007122,STR-038,CAT-02,2023-03-01,2023,3,534,349,20385.8,16382.72,829.78,4003.08
SL-0007123,STR-038,CAT-03,2023-03-01,2023,3,764,396,21768.72,14050.79,401.58,7717.93
SL-0007124,STR-038,CAT-04,2023-03-01,2023,3,513,265,13708.08,8962.61,212.48,4745.47
SL-0007125,STR-038,CAT-05,2023-03-01,2023,3,817,439,22916.09,10566.91,257.03,12349.18
SL-0007126,STR-038,CAT-06,2023-03-01,2023,3,651,380,18386.65,14676.82,497.49,3709.83
SL-0007127,STR-038,CAT-07,2023-03-01,2023,3,805,555,19666.74,11951.79,527.2,7714.95
SL-0007128,STR-038,CAT-08,2023-03-01,2023,3,972,584,18352.79,12899.26,221.66,5453.53
SL-0007129,STR-038,CAT-01,2023-04-01,2023,4,1143,508,34294.02,19669.82,858.92,14624.2
SL-0007130,STR-038,CAT-02,2023-04-01,2023,4,765,442,22006.75,18614.34,760.33,3392.41
SL-0007131,STR-038,CAT-03,2023-04-01,2023,4,859,557,28227.96,17535.11,597.09,10692.85
SL-0007132,STR-038,CAT-04,2023-04-01,2023,4,1069,705,21015.33,14333.33,394.81,6682.0
SL-0007133,STR-038,CAT-05,2023-04-01,2023,4,799,399,25858.74,12103.07,750.03,13755.67
SL-0007134,STR-038,CAT-06,2023-04-01,2023,4,1429,958,23487.88,19006.96,964.28,4480.92
SL-0007135,STR-038,CAT-07,2023-04-01,2023,4,331,180,14223.04,8191.95,761.09,6031.09
SL-0007136,STR-038,CAT-08,2023-04-01,2023,4,1261,607,29221.45,20527.5,1025.3,8693.95
SL-0007137,STR-038,CAT-01,2023-05-01,2023,5,853,499,23019.69,13620.23,325.99,9399.46
SL-0007138,STR-038,CAT-02,2023-05-01,2023,5,387,238,11663.71,10133.06,521.98,1530.65
SL-0007139,STR-038,CAT-03,2023-05-01,2023,5,901,511,21587.6,12741.54,522.0,8846.06
SL-0007140,STR-038,CAT-04,2023-05-01,2023,5,830,415,16597.06,11168.73,638.83,5428.33
SL-0007141,STR-038,CAT-05,2023-05-01,2023,5,674,423,17511.52,8026.42,444.16,9485.1
SL-0007142,STR-038,CAT-06,2023-05-01,2023,5,603,330,19880.94,15557.89,802.18,4323.05
SL-0007143,STR-038,CAT-07,2023-05-01,2023,5,251,104,7802.18,4649.99,102.19,3152.19
SL-0007144,STR-038,CAT-08,2023-05-01,2023,5,280,176,11162.66,7803.05,538.03,3359.61
SL-0007145,STR-038,CAT-01,2023-06-01,2023,6,547,306,13139.55,7194.53,176.7,5945.02
SL-0007146,STR-038,CAT-02,2023-06-01,2023,6,754,361,25312.9,20815.23,990.38,4497.67
SL-0007147,STR-038,CAT-03,2023-06-01,2023,6,1056,673,21800.45,14346.34,1002.24,7454.11
SL-0007148,STR-038,CAT-04,2023-06-01,2023,6,1158,535,30842.81,20024.16,785.04,10818.65
SL-0007149,STR-038,CAT-05,2023-06-01,2023,6,638,456,19315.44,8983.95,551.97,10331.49
SL-0007150,STR-038,CAT-06,2023-06-01,2023,6,641,360,18145.79,13879.37,1083.35,4266.42
SL-0007151,STR-038,CAT-07,2023-06-01,2023,6,276,132,12358.81,7732.88,579.23,4625.93
SL-0007152,STR-038,CAT-08,2023-06-01,2023,6,674,438,15107.9,10747.07,505.87,4360.83
SL-0007153,STR-038,CAT-01,2023-07-01,2023,7,1454,768,22342.92,12324.51,993.81,10018.41
SL-0007154,STR-038,CAT-02,2023-07-01,2023,7,1212,593,23798.28,18909.48,1151.48,4888.8
SL-0007155,STR-038,CAT-03,2023-07-01,2023,7,309,204,11206.9,7195.86,172.17,4011.04
SL-0007156,STR-038,CAT-04,2023-07-01,2023,7,1178,921,25168.98,16737.12,505.54,8431.86
SL-0007157,STR-038,CAT-05,2023-07-01,2023,7,410,224,16727.81,7676.9,286.04,9050.91
SL-0007158,STR-038,CAT-06,2023-07-01,2023,7,814,475,14894.15,12096.14,716.89,2798.01
SL-0007159,STR-038,CAT-07,2023-07-01,2023,7,2876,1548,23336.12,14177.74,1389.42,9158.38
SL-0007160,STR-038,CAT-08,2023-07-01,2023,7,754,374,16011.68,10514.27,837.89,5497.41
SL-0007161,STR-038,CAT-01,2023-08-01,2023,8,1661,754,23604.44,13683.64,709.89,9920.8
SL-0007162,STR-038,CAT-02,2023-08-01,2023,8,496,330,14685.28,12119.26,723.2,2566.02
SL-0007163,STR-038,CAT-03,2023-08-01,2023,8,940,555,16750.18,10032.45,721.87,6717.73
SL-0007164,STR-038,CAT-04,2023-08-01,2023,8,775,477,24516.52,14995.21,380.68,9521.31
SL-0007165,STR-038,CAT-05,2023-08-01,2023,8,732,352,14544.75,6568.87,519.0,7975.88
SL-0007166,STR-038,CAT-06,2023-08-01,2023,8,811,448,18164.8,13634.45,264.48,4530.35
SL-0007167,STR-038,CAT-07,2023-08-01,2023,8,1097,548,11616.71,7084.6,122.88,4532.11
SL-0007168,STR-038,CAT-08,2023-08-01,2023,8,630,295,26115.88,18506.95,822.43,7608.93
SL-0007169,STR-038,CAT-01,2023-09-01,2023,9,692,420,24728.03,14373.05,625.34,10354.98
SL-0007170,STR-038,CAT-02,2023-09-01,2023,9,685,366,15365.27,13438.99,321.53,1926.28
SL-0007171,STR-038,CAT-03,2023-09-01,2023,9,2675,1974,20877.94,12535.86,1125.36,8342.08
SL-0007172,STR-038,CAT-04,2023-09-01,2023,9,328,197,13590.6,9016.01,386.99,4574.59
SL-0007173,STR-038,CAT-05,2023-09-01,2023,9,1319,820,22407.64,10213.21,832.31,12194.43
SL-0007174,STR-038,CAT-06,2023-09-01,2023,9,317,137,11984.13,8996.28,394.04,2987.85
SL-0007175,STR-038,CAT-07,2023-09-01,2023,9,497,245,15768.04,9363.98,780.27,6404.06
SL-0007176,STR-038,CAT-08,2023-09-01,2023,9,1446,850,22539.32,15930.27,312.14,6609.05
SL-0007177,STR-038,CAT-01,2023-10-01,2023,10,767,545,27056.67,15589.83,1611.14,11466.84
SL-0007178,STR-038,CAT-02,2023-10-01,2023,10,780,389,14467.71,11695.43,472.38,2772.28
SL-0007179,STR-038,CAT-03,2023-10-01,2023,10,754,369,23770.81,14785.53,963.81,8985.28
SL-0007180,STR-038,CAT-04,2023-10-01,2023,10,1377,894,19751.11,12664.5,843.8,7086.61
SL-0007181,STR-038,CAT-05,2023-10-01,2023,10,944,542,14330.14,6578.87,327.28,7751.27
SL-0007182,STR-038,CAT-06,2023-10-01,2023,10,623,323,20938.87,16859.28,281.27,4079.59
SL-0007183,STR-038,CAT-07,2023-10-01,2023,10,616,356,22096.88,12918.86,780.38,9178.02
SL-0007184,STR-038,CAT-08,2023-10-01,2023,10,505,260,15100.02,10635.3,234.96,4464.72
SL-0007185,STR-038,CAT-01,2023-11-01,2023,11,591,293,22727.79,13146.95,1349.4,9580.84
SL-0007186,STR-038,CAT-02,2023-11-01,2023,11,845,503,21662.46,17507.03,606.12,4155.43
SL-0007187,STR-038,CAT-03,2023-11-01,2023,11,747,468,26208.55,16887.15,1302.02,9321.4
SL-0007188,STR-038,CAT-04,2023-11-01,2023,11,1186,619,20258.16,13307.86,650.39,6950.3
SL-0007189,STR-038,CAT-05,2023-11-01,2023,11,1358,898,37388.43,16787.08,2067.41,20601.35
SL-0007190,STR-038,CAT-06,2023-11-01,2023,11,1615,783,32782.4,25325.53,1082.1,7456.87
SL-0007191,STR-038,CAT-07,2023-11-01,2023,11,1218,817,18751.86,11622.1,255.84,7129.76
SL-0007192,STR-038,CAT-08,2023-11-01,2023,11,689,482,28045.41,20047.3,336.98,7998.11
SL-0007193,STR-038,CAT-01,2023-12-01,2023,12,988,556,25909.11,15095.29,1004.64,10813.82
SL-0007194,STR-038,CAT-02,2023-12-01,2023,12,1216,634,28747.06,23069.41,628.45,5677.65
SL-0007195,STR-038,CAT-03,2023-12-01,2023,12,1343,829,32130.76,21446.4,897.19,10684.36
SL-0007196,STR-038,CAT-04,2023-12-01,2023,12,414,179,12589.55,8215.02,706.99,4374.53
SL-0007197,STR-038,CAT-05,2023-12-01,2023,12,813,491,27346.69,12408.04,384.62,14938.65
SL-0007198,STR-038,CAT-06,2023-12-01,2023,12,981,519,31451.97,25303.89,764.26,6148.08
SL-0007199,STR-038,CAT-07,2023-12-01,2023,12,2064,1017,61787.78,36994.43,2082.28,24793.35
SL-0007200,STR-038,CAT-08,2023-12-01,2023,12,870,438,28694.81,20688.32,713.6,8006.49
SL-0007201,STR-038,CAT-01,2024-01-01,2024,1,749,430,20260.14,11559.98,543.32,8700.16
SL-0007202,STR-038,CAT-02,2024-01-01,2024,1,674,337,13646.64,11440.8,685.0,2205.84
SL-0007203,STR-038,CAT-03,2024-01-01,2024,1,859,365,26246.29,15623.25,517.29,10623.04
SL-0007204,STR-038,CAT-04,2024-01-01,2024,1,490,334,16927.03,10608.73,704.0,6318.3
SL-0007205,STR-038,CAT-05,2024-01-01,2024,1,653,417,20703.84,8779.92,999.48,11923.92
SL-0007206,STR-038,CAT-06,2024-01-01,2024,1,997,637,24560.85,19163.73,1388.74,5397.12
SL-0007207,STR-038,CAT-07,2024-01-01,2024,1,636,357,11652.39,6832.9,433.92,4819.49
SL-0007208,STR-038,CAT-08,2024-01-01,2024,1,393,285,14598.35,9859.65,417.01,4738.7
SL-0007209,STR-038,CAT-01,2024-02-01,2024,2,566,506,14467.87,8494.94,845.85,5972.93
SL-0007210,STR-038,CAT-02,2024-02-01,2024,2,362,293,12163.59,9875.9,508.94,2287.69
SL-0007211,STR-038,CAT-03,2024-02-01,2024,2,538,240,19666.17,11971.44,944.89,7694.73
SL-0007212,STR-038,CAT-04,2024-02-01,2024,2,1288,737,25259.22,17970.09,1106.52,7289.13
SL-0007213,STR-038,CAT-05,2024-02-01,2024,2,362,241,12651.47,5513.58,267.31,7137.89
SL-0007214,STR-038,CAT-06,2024-02-01,2024,2,414,223,18062.9,13718.65,762.44,4344.25
SL-0007215,STR-038,CAT-07,2024-02-01,2024,2,507,278,14393.38,8332.11,336.88,6061.27
SL-0007216,STR-038,CAT-08,2024-02-01,2024,2,737,284,20969.89,15215.97,1187.27,5753.92
SL-0007217,STR-038,CAT-01,2024-03-01,2024,3,373,192,13771.8,8480.0,799.89,5291.8
SL-0007218,STR-038,CAT-02,2024-03-01,2024,3,705,396,22116.47,18325.01,776.24,3791.46
SL-0007219,STR-038,CAT-03,2024-03-01,2024,3,1746,793,27095.84,16980.96,987.4,10114.88
SL-0007220,STR-038,CAT-04,2024-03-01,2024,3,954,769,34126.74,21506.61,1765.75,12620.13
SL-0007221,STR-038,CAT-05,2024-03-01,2024,3,3021,1896,17292.08,8205.59,996.84,9086.49
SL-0007222,STR-038,CAT-06,2024-03-01,2024,3,405,189,12955.73,9478.51,656.58,3477.22
SL-0007223,STR-038,CAT-07,2024-03-01,2024,3,513,250,20803.56,12444.27,588.72,8359.29
SL-0007224,STR-038,CAT-08,2024-03-01,2024,3,635,423,14456.19,10237.55,797.15,4218.64
SL-0007225,STR-038,CAT-01,2024-04-01,2024,4,519,267,15726.83,9348.95,420.72,6377.88
SL-0007226,STR-038,CAT-02,2024-04-01,2024,4,647,275,13349.68,11094.82,691.12,2254.86
SL-0007227,STR-038,CAT-03,2024-04-01,2024,4,445,207,16855.0,10487.04,898.98,6367.96
SL-0007228,STR-038,CAT-04,2024-04-01,2024,4,668,291,13172.02,9322.35,415.63,3849.67
SL-0007229,STR-038,CAT-05,2024-04-01,2024,4,1281,632,19728.66,9511.95,248.96,10216.71
SL-0007230,STR-038,CAT-06,2024-04-01,2024,4,970,412,18086.65,15129.37,701.17,2957.28
SL-0007231,STR-038,CAT-07,2024-04-01,2024,4,404,214,15321.24,9372.47,193.52,5948.77
SL-0007232,STR-038,CAT-08,2024-04-01,2024,4,500,304,14347.17,10495.6,446.83,3851.57
SL-0007233,STR-038,CAT-01,2024-05-01,2024,5,1246,680,21264.51,11939.01,849.72,9325.5
SL-0007234,STR-038,CAT-02,2024-05-01,2024,5,749,392,24164.68,20230.6,1280.86,3934.08
SL-0007235,STR-038,CAT-03,2024-05-01,2024,5,877,596,23774.08,14783.07,995.49,8991.01
SL-0007236,STR-038,CAT-04,2024-05-01,2024,5,550,250,21718.92,14351.24,941.69,7367.68
SL-0007237,STR-038,CAT-05,2024-05-01,2024,5,398,194,15108.08,6705.65,487.49,8402.43
SL-0007238,STR-038,CAT-06,2024-05-01,2024,5,786,345,22582.47,18320.27,239.04,4262.2
SL-0007239,STR-038,CAT-07,2024-05-01,2024,5,264,146,13787.2,8430.78,678.49,5356.42
SL-0007240,STR-038,CAT-08,2024-05-01,2024,5,875,404,18190.07,12929.08,686.46,5260.99
SL-0007241,STR-038,CAT-01,2024-06-01,2024,6,1350,982,24963.13,14675.46,404.56,10287.67
SL-0007242,STR-038,CAT-02,2024-06-01,2024,6,619,333,10581.45,8585.12,446.44,1996.33
SL-0007243,STR-038,CAT-03,2024-06-01,2024,6,741,439,20609.57,13058.06,572.88,7551.51
SL-0007244,STR-038,CAT-04,2024-06-01,2024,6,913,485,27079.94,16976.02,1205.13,10103.92
SL-0007245,STR-038,CAT-05,2024-06-01,2024,6,510,228,16376.74,7717.88,358.01,8658.86
SL-0007246,STR-038,CAT-06,2024-06-01,2024,6,1022,587,25104.07,19903.95,1442.64,5200.12
SL-0007247,STR-038,CAT-07,2024-06-01,2024,6,954,464,21280.48,12911.61,780.95,8368.87
SL-0007248,STR-038,CAT-08,2024-06-01,2024,6,614,347,14128.06,9837.93,315.24,4290.13
SL-0007249,STR-038,CAT-01,2024-07-01,2024,7,809,383,14327.08,8076.72,601.42,6250.36
SL-0007250,STR-038,CAT-02,2024-07-01,2024,7,674,486,14590.69,12484.55,248.82,2106.14
SL-0007251,STR-038,CAT-03,2024-07-01,2024,7,443,334,17047.39,10555.12,618.42,6492.27
SL-0007252,STR-038,CAT-04,2024-07-01,2024,7,834,409,15644.48,9667.26,892.46,5977.22
SL-0007253,STR-038,CAT-05,2024-07-01,2024,7,774,356,24869.2,11373.26,1202.82,13495.94
SL-0007254,STR-038,CAT-06,2024-07-01,2024,7,788,394,25640.28,19581.48,601.23,6058.8
SL-0007255,STR-038,CAT-07,2024-07-01,2024,7,383,195,14876.52,8948.96,296.79,5927.56
SL-0007256,STR-038,CAT-08,2024-07-01,2024,7,606,248,20348.94,15185.14,503.7,5163.8
SL-0007257,STR-038,CAT-01,2024-08-01,2024,8,500,244,15197.8,8748.49,740.25,6449.31
SL-0007258,STR-038,CAT-02,2024-08-01,2024,8,1989,964,23157.91,18683.25,921.24,4474.66
SL-0007259,STR-038,CAT-03,2024-08-01,2024,8,327,151,13829.09,8710.99,496.21,5118.1
SL-0007260,STR-038,CAT-04,2024-08-01,2024,8,2093,1011,23235.74,14907.65,284.0,8328.09
SL-0007261,STR-038,CAT-05,2024-08-01,2024,8,639,332,16565.19,7591.96,570.25,8973.23
SL-0007262,STR-038,CAT-06,2024-08-01,2024,8,627,310,20119.59,15681.14,926.04,4438.45
SL-0007263,STR-038,CAT-07,2024-08-01,2024,8,317,165,10847.64,6421.58,553.65,4426.06
SL-0007264,STR-038,CAT-08,2024-08-01,2024,8,742,404,20362.94,13481.41,520.84,6881.53
SL-0007265,STR-038,CAT-01,2024-09-01,2024,9,515,245,16344.5,9862.56,889.52,6481.94
SL-0007266,STR-038,CAT-02,2024-09-01,2024,9,562,420,18377.83,15246.23,829.19,3131.6
SL-0007267,STR-038,CAT-03,2024-09-01,2024,9,1477,1187,18939.37,11870.18,341.04,7069.19
SL-0007268,STR-038,CAT-04,2024-09-01,2024,9,550,379,13000.84,8524.41,150.2,4476.43
SL-0007269,STR-038,CAT-05,2024-09-01,2024,9,569,234,12808.06,5872.04,556.53,6936.02
SL-0007270,STR-038,CAT-06,2024-09-01,2024,9,539,351,22151.85,17826.09,748.36,4325.76
SL-0007271,STR-038,CAT-07,2024-09-01,2024,9,862,437,21955.31,13347.01,273.86,8608.3
SL-0007272,STR-038,CAT-08,2024-09-01,2024,9,1253,1061,23744.11,17522.81,1017.46,6221.3
SL-0007273,STR-038,CAT-01,2024-10-01,2024,10,892,466,21987.95,12415.21,621.98,9572.74
SL-0007274,STR-038,CAT-02,2024-10-01,2024,10,638,339,19462.13,15310.75,895.46,4151.38
SL-0007275,STR-038,CAT-03,2024-10-01,2024,10,726,392,22736.78,13873.31,1070.79,8863.47
SL-0007276,STR-038,CAT-04,2024-10-01,2024,10,712,404,22339.2,13906.59,741.63,8432.61
SL-0007277,STR-038,CAT-05,2024-10-01,2024,10,1055,689,21981.76,10076.58,643.64,11905.18
SL-0007278,STR-038,CAT-06,2024-10-01,2024,10,728,385,21360.02,15312.42,299.81,6047.6
SL-0007279,STR-038,CAT-07,2024-10-01,2024,10,1077,643,20566.18,11852.98,1004.54,8713.2
SL-0007280,STR-038,CAT-08,2024-10-01,2024,10,572,333,19109.82,14925.43,581.48,4184.39
SL-0007281,STR-038,CAT-01,2024-11-01,2024,11,772,369,16479.65,10108.92,297.25,6370.73
SL-0007282,STR-038,CAT-02,2024-11-01,2024,11,1695,985,19746.95,16472.72,260.01,3274.23
SL-0007283,STR-038,CAT-03,2024-11-01,2024,11,821,533,24918.01,15113.34,1260.76,9804.67
SL-0007284,STR-038,CAT-04,2024-11-01,2024,11,254,119,10676.87,7192.51,291.84,3484.36
SL-0007285,STR-038,CAT-05,2024-11-01,2024,11,1093,638,21959.99,10124.19,376.07,11835.8
SL-0007286,STR-038,CAT-06,2024-11-01,2024,11,499,237,14960.73,11862.62,780.86,3098.11
SL-0007287,STR-038,CAT-07,2024-11-01,2024,11,1121,626,27289.4,16227.5,1046.5,11061.9
SL-0007288,STR-038,CAT-08,2024-11-01,2024,11,634,295,20215.56,13886.06,1061.08,6329.5
SL-0007289,STR-038,CAT-01,2024-12-01,2024,12,585,305,17810.26,10721.03,560.73,7089.23
SL-0007290,STR-038,CAT-02,2024-12-01,2024,12,537,251,29137.62,25259.86,1135.35,3877.76
SL-0007291,STR-038,CAT-03,2024-12-01,2024,12,721,356,20888.94,12543.37,533.39,8345.57
SL-0007292,STR-038,CAT-04,2024-12-01,2024,12,813,328,16620.37,10511.94,220.0,6108.43
SL-0007293,STR-038,CAT-05,2024-12-01,2024,12,1177,843,33603.57,15379.73,930.95,18223.84
SL-0007294,STR-038,CAT-06,2024-12-01,2024,12,900,577,23702.42,18632.72,974.07,5069.7
SL-0007295,STR-038,CAT-07,2024-12-01,2024,12,1174,604,34995.79,21254.89,443.76,13740.9
SL-0007296,STR-038,CAT-08,2024-12-01,2024,12,751,377,27446.71,19470.75,1170.36,7975.96
SL-0007297,STR-039,CAT-01,2023-01-01,2023,1,690,313,17382.86,10152.88,848.02,7229.98
SL-0007298,STR-039,CAT-02,2023-01-01,2023,1,633,351,15797.71,12722.61,719.81,3075.1
SL-0007299,STR-039,CAT-03,2023-01-01,2023,1,2153,1194,16342.9,10035.61,743.85,6307.29
SL-0007300,STR-039,CAT-04,2023-01-01,2023,1,401,282,13655.34,8921.73,241.74,4733.61
SL-0007301,STR-039,CAT-05,2023-01-01,2023,1,222,99,8511.1,3896.26,429.88,4614.84
SL-0007302,STR-039,CAT-06,2023-01-01,2023,1,536,324,15300.22,12096.67,391.24,3203.55
SL-0007303,STR-039,CAT-07,2023-01-01,2023,1,539,278,9473.15,5605.0,305.42,3868.15
SL-0007304,STR-039,CAT-08,2023-01-01,2023,1,751,390,12216.31,8627.71,375.07,3588.6
SL-0007305,STR-039,CAT-01,2023-02-01,2023,2,501,366,13338.95,7509.86,789.66,5829.09
SL-0007306,STR-039,CAT-02,2023-02-01,2023,2,409,247,9173.85,7575.69,344.43,1598.16
SL-0007307,STR-039,CAT-03,2023-02-01,2023,2,511,252,10406.7,6414.74,319.53,3991.96
SL-0007308,STR-039,CAT-04,2023-02-01,2023,2,374,196,16555.5,10574.74,942.24,5980.76
SL-0007309,STR-039,CAT-05,2023-02-01,2023,2,313,152,9992.72,4486.47,371.06,5506.25
SL-0007310,STR-039,CAT-06,2023-02-01,2023,2,513,383,11302.8,8902.15,208.93,2400.65
SL-0007311,STR-039,CAT-07,2023-02-01,2023,2,305,129,9613.83,5761.97,156.17,3851.86
SL-0007312,STR-039,CAT-08,2023-02-01,2023,2,403,267,7580.26,5092.9,425.14,2487.36
SL-0007313,STR-039,CAT-01,2023-03-01,2023,3,370,185,11795.74,7241.18,357.37,4554.56
SL-0007314,STR-039,CAT-02,2023-03-01,2023,3,478,256,11276.39,9271.67,411.15,2004.72
SL-0007315,STR-039,CAT-03,2023-03-01,2023,3,437,265,16579.42,9873.43,811.26,6705.99
SL-0007316,STR-039,CAT-04,2023-03-01,2023,3,517,278,18789.08,11718.12,811.75,7070.96
SL-0007317,STR-039,CAT-05,2023-03-01,2023,3,290,145,7807.09,3490.57,178.35,4316.52
SL-0007318,STR-039,CAT-06,2023-03-01,2023,3,389,205,14634.1,11761.08,417.27,2873.02
SL-0007319,STR-039,CAT-07,2023-03-01,2023,3,249,137,6697.26,3854.59,168.35,2842.67
SL-0007320,STR-039,CAT-08,2023-03-01,2023,3,270,133,8415.21,5686.89,363.04,2728.32
SL-0007321,STR-039,CAT-01,2023-04-01,2023,4,180,101,9155.16,5110.61,498.55,4044.55
SL-0007322,STR-039,CAT-02,2023-04-01,2023,4,190,109,7907.04,6251.63,308.76,1655.41
SL-0007323,STR-039,CAT-03,2023-04-01,2023,4,533,314,13323.98,8550.4,747.58,4773.58
SL-0007324,STR-039,CAT-04,2023-04-01,2023,4,349,168,10706.52,6878.44,147.83,3828.08
SL-0007325,STR-039,CAT-05,2023-04-01,2023,4,416,231,14692.32,6566.31,686.0,8126.01
SL-0007326,STR-039,CAT-06,2023-04-01,2023,4,424,300,13105.05,10094.86,327.99,3010.19
SL-0007327,STR-039,CAT-07,2023-04-01,2023,4,356,222,9121.88,5315.59,403.24,3806.29
SL-0007328,STR-039,CAT-08,2023-04-01,2023,4,383,197,11828.38,8612.23,617.49,3216.15
SL-0007329,STR-039,CAT-01,2023-05-01,2023,5,375,208,9634.83,5843.74,467.27,3791.09
SL-0007330,STR-039,CAT-02,2023-05-01,2023,5,499,283,7168.55,5908.79,239.98,1259.76
SL-0007331,STR-039,CAT-03,2023-05-01,2023,5,254,124,9502.09,5958.9,513.59,3543.19
SL-0007332,STR-039,CAT-04,2023-05-01,2023,5,425,213,11481.51,7205.4,364.58,4276.11
SL-0007333,STR-039,CAT-05,2023-05-01,2023,5,415,398,13110.05,5645.59,283.83,7464.46
SL-0007334,STR-039,CAT-06,2023-05-01,2023,5,554,338,15864.91,11756.17,568.78,4108.74
SL-0007335,STR-039,CAT-07,2023-05-01,2023,5,471,339,10438.6,5921.17,394.02,4517.43
SL-0007336,STR-039,CAT-08,2023-05-01,2023,5,283,279,8544.97,5900.33,155.15,2644.64
SL-0007337,STR-039,CAT-01,2023-06-01,2023,6,439,219,11909.59,6993.35,188.5,4916.24
SL-0007338,STR-039,CAT-02,2023-06-01,2023,6,408,217,9685.58,7696.45,271.92,1989.13
SL-0007339,STR-039,CAT-03,2023-06-01,2023,6,763,436,16872.27,10375.52,570.38,6496.75
SL-0007340,STR-039,CAT-04,2023-06-01,2023,6,367,212,13242.46,8763.09,631.13,4479.37
SL-0007341,STR-039,CAT-05,2023-06-01,2023,6,1072,562,23418.66,10671.6,408.36,12747.06
SL-0007342,STR-039,CAT-06,2023-06-01,2023,6,383,201,16177.57,12779.47,930.83,3398.1
SL-0007343,STR-039,CAT-07,2023-06-01,2023,6,673,372,15522.44,8995.86,218.2,6526.58
SL-0007344,STR-039,CAT-08,2023-06-01,2023,6,1333,1131,16303.96,11416.65,652.47,4887.31
SL-0007345,STR-039,CAT-01,2023-07-01,2023,7,630,346,11505.17,6448.79,588.59,5056.38
SL-0007346,STR-039,CAT-02,2023-07-01,2023,7,196,167,7453.59,6337.84,86.03,1115.75
SL-0007347,STR-039,CAT-03,2023-07-01,2023,7,511,292,15381.2,9892.56,882.6,5488.64
SL-0007348,STR-039,CAT-04,2023-07-01,2023,7,324,157,10242.92,6675.76,352.57,3567.16
SL-0007349,STR-039,CAT-05,2023-07-01,2023,7,530,293,14141.88,6503.67,800.04,7638.21
SL-0007350,STR-039,CAT-06,2023-07-01,2023,7,378,278,11549.3,8630.54,630.97,2918.76
SL-0007351,STR-039,CAT-07,2023-07-01,2023,7,535,220,9209.74,5574.53,353.84,3635.21
SL-0007352,STR-039,CAT-08,2023-07-01,2023,7,291,132,9464.86,6563.9,431.36,2900.96
SL-0007353,STR-039,CAT-01,2023-08-01,2023,8,637,339,16980.23,9883.85,363.88,7096.38
SL-0007354,STR-039,CAT-02,2023-08-01,2023,8,412,216,9266.51,7738.95,326.25,1527.56
SL-0007355,STR-039,CAT-03,2023-08-01,2023,8,417,228,13823.84,8469.99,494.96,5353.85
SL-0007356,STR-039,CAT-04,2023-08-01,2023,8,609,267,17805.32,12106.85,238.75,5698.47
SL-0007357,STR-039,CAT-05,2023-08-01,2023,8,427,243,17340.86,7732.35,239.22,9608.51
SL-0007358,STR-039,CAT-06,2023-08-01,2023,8,907,770,17495.42,13578.4,513.38,3917.02
SL-0007359,STR-039,CAT-07,2023-08-01,2023,8,767,376,16194.31,9752.88,773.2,6441.43
SL-0007360,STR-039,CAT-08,2023-08-01,2023,8,641,322,16898.25,12350.2,261.2,4548.05
SL-0007361,STR-039,CAT-01,2023-09-01,2023,9,508,293,17303.95,10030.56,688.54,7273.39
SL-0007362,STR-039,CAT-02,2023-09-01,2023,9,480,297,16206.04,13756.77,206.25,2449.27
SL-0007363,STR-039,CAT-03,2023-09-01,2023,9,383,220,10661.82,6469.41,182.07,4192.41
SL-0007364,STR-039,CAT-04,2023-09-01,2023,9,356,171,11064.17,7415.97,132.23,3648.2
SL-0007365,STR-039,CAT-05,2023-09-01,2023,9,626,285,11515.29,5375.98,406.97,6139.31
SL-0007366,STR-039,CAT-06,2023-09-01,2023,9,368,229,13795.31,10953.38,661.28,2841.93
SL-0007367,STR-039,CAT-07,2023-09-01,2023,9,254,112,10133.03,6125.43,404.16,4007.6
SL-0007368,STR-039,CAT-08,2023-09-01,2023,9,442,205,8704.78,6244.06,166.15,2460.72
SL-0007369,STR-039,CAT-01,2023-10-01,2023,10,474,269,14706.83,8449.07,187.07,6257.76
SL-0007370,STR-039,CAT-02,2023-10-01,2023,10,327,197,12017.77,9934.33,266.39,2083.44
SL-0007371,STR-039,CAT-03,2023-10-01,2023,10,557,278,14043.94,8731.39,453.47,5312.55
SL-0007372,STR-039,CAT-04,2023-10-01,2023,10,670,298,14521.75,9479.18,817.15,5042.57
SL-0007373,STR-039,CAT-05,2023-10-01,2023,10,701,401,18614.92,8575.04,780.75,10039.88
SL-0007374,STR-039,CAT-06,2023-10-01,2023,10,811,409,13945.08,10711.31,617.65,3233.77
SL-0007375,STR-039,CAT-07,2023-10-01,2023,10,652,361,13441.41,8226.65,411.61,5214.76
SL-0007376,STR-039,CAT-08,2023-10-01,2023,10,547,310,18146.66,12211.33,658.9,5935.33
SL-0007377,STR-039,CAT-01,2023-11-01,2023,11,870,370,18268.76,10792.49,444.94,7476.27
SL-0007378,STR-039,CAT-02,2023-11-01,2023,11,883,472,26537.36,22701.57,481.42,3835.79
SL-0007379,STR-039,CAT-03,2023-11-01,2023,11,1664,792,20994.89,12943.98,609.28,8050.91
SL-0007380,STR-039,CAT-04,2023-11-01,2023,11,245,130,8974.63,6062.29,453.44,2912.34
SL-0007381,STR-039,CAT-05,2023-11-01,2023,11,408,199,12510.76,5453.13,156.66,7057.63
SL-0007382,STR-039,CAT-06,2023-11-01,2023,11,788,379,14683.69,11606.95,821.1,3076.74
SL-0007383,STR-039,CAT-07,2023-11-01,2023,11,793,324,19241.42,11346.47,793.55,7894.95
SL-0007384,STR-039,CAT-08,2023-11-01,2023,11,454,264,13163.4,9179.13,630.94,3984.27
SL-0007385,STR-039,CAT-01,2023-12-01,2023,12,1270,1002,23572.02,13927.0,1404.52,9645.02
SL-0007386,STR-039,CAT-02,2023-12-01,2023,12,1059,649,20710.72,18124.92,343.06,2585.8
SL-0007387,STR-039,CAT-03,2023-12-01,2023,12,477,224,17502.92,10879.3,876.32,6623.62
SL-0007388,STR-039,CAT-04,2023-12-01,2023,12,512,297,14861.91,9482.25,402.53,5379.66
SL-0007389,STR-039,CAT-05,2023-12-01,2023,12,1417,852,32719.52,14565.11,1260.66,18154.41
SL-0007390,STR-039,CAT-06,2023-12-01,2023,12,859,782,21112.43,16859.14,695.77,4253.29
SL-0007391,STR-039,CAT-07,2023-12-01,2023,12,2135,1230,37472.13,22705.9,1233.71,14766.23
SL-0007392,STR-039,CAT-08,2023-12-01,2023,12,449,267,13168.37,9025.82,517.43,4142.55
SL-0007393,STR-039,CAT-01,2024-01-01,2024,1,379,142,8414.67,4820.26,267.57,3594.41
SL-0007394,STR-039,CAT-02,2024-01-01,2024,1,168,87,5319.88,4721.88,266.59,598.0
SL-0007395,STR-039,CAT-03,2024-01-01,2024,1,179,66,7802.9,4922.23,235.13,2880.67
SL-0007396,STR-039,CAT-04,2024-01-01,2024,1,647,367,11245.27,7267.03,321.59,3978.24
SL-0007397,STR-039,CAT-05,2024-01-01,2024,1,169,80,5854.34,2677.09,72.88,3177.25
SL-0007398,STR-039,CAT-06,2024-01-01,2024,1,687,413,11187.76,8623.26,591.4,2564.5
SL-0007399,STR-039,CAT-07,2024-01-01,2024,1,280,249,9785.47,5987.59,474.07,3797.88
SL-0007400,STR-039,CAT-08,2024-01-01,2024,1,842,567,13607.64,9795.79,613.98,3811.85
SL-0007401,STR-039,CAT-01,2024-02-01,2024,2,563,320,10860.82,6483.26,228.95,4377.56
SL-0007402,STR-039,CAT-02,2024-02-01,2024,2,418,434,6218.65,5080.66,336.19,1137.99
SL-0007403,STR-039,CAT-03,2024-02-01,2024,2,499,287,14632.91,8294.61,830.77,6338.3
SL-0007404,STR-039,CAT-04,2024-02-01,2024,2,229,158,8386.57,5472.77,252.42,2913.8
SL-0007405,STR-039,CAT-05,2024-02-01,2024,2,301,152,9617.76,4264.97,343.31,5352.79
SL-0007406,STR-039,CAT-06,2024-02-01,2024,2,522,259,13132.99,9806.84,420.08,3326.15
SL-0007407,STR-039,CAT-07,2024-02-01,2024,2,234,93,7912.88,4689.99,168.8,3222.89
SL-0007408,STR-039,CAT-08,2024-02-01,2024,2,569,323,10830.36,7439.78,391.65,3390.58
SL-0007409,STR-039,CAT-01,2024-03-01,2024,3,222,143,8036.6,4704.87,127.15,3331.73
SL-0007410,STR-039,CAT-02,2024-03-01,2024,3,656,375,10270.16,8759.92,294.12,1510.24
SL-0007411,STR-039,CAT-03,2024-03-01,2024,3,296,123,10788.76,6754.49,591.44,4034.27
SL-0007412,STR-039,CAT-04,2024-03-01,2024,3,357,184,12019.4,8011.25,224.99,4008.15
SL-0007413,STR-039,CAT-05,2024-03-01,2024,3,831,508,16241.6,7047.65,181.11,9193.95
SL-0007414,STR-039,CAT-06,2024-03-01,2024,3,496,286,10015.22,7733.65,110.31,2281.57
SL-0007415,STR-039,CAT-07,2024-03-01,2024,3,208,128,5817.98,3338.11,274.61,2479.87
SL-0007416,STR-039,CAT-08,2024-03-01,2024,3,726,367,14217.99,9877.27,589.02,4340.72
SL-0007417,STR-039,CAT-01,2024-04-01,2024,4,520,238,18206.33,10282.68,477.79,7923.65
SL-0007418,STR-039,CAT-02,2024-04-01,2024,4,632,354,18198.1,15419.43,594.78,2778.67
SL-0007419,STR-039,CAT-03,2024-04-01,2024,4,434,178,13715.91,8389.38,600.57,5326.53
SL-0007420,STR-039,CAT-04,2024-04-01,2024,4,560,383,13401.06,8615.21,181.11,4785.85
SL-0007421,STR-039,CAT-05,2024-04-01,2024,4,364,221,11874.13,5347.37,326.15,6526.76
SL-0007422,STR-039,CAT-06,2024-04-01,2024,4,320,229,11424.71,9366.73,564.43,2057.98
SL-0007423,STR-039,CAT-07,2024-04-01,2024,4,446,238,13456.66,8320.54,684.3,5136.12
SL-0007424,STR-039,CAT-08,2024-04-01,2024,4,423,280,15386.16,10737.27,499.09,4648.89
SL-0007425,STR-039,CAT-01,2024-05-01,2024,5,253,105,8912.92,5235.9,167.25,3677.02
SL-0007426,STR-039,CAT-02,2024-05-01,2024,5,234,118,8502.24,6672.68,174.1,1829.56
SL-0007427,STR-039,CAT-03,2024-05-01,2024,5,514,332,14727.3,9254.33,407.58,5472.97
SL-0007428,STR-039,CAT-04,2024-05-01,2024,5,209,117,10014.18,6090.11,356.87,3924.07
SL-0007429,STR-039,CAT-05,2024-05-01,2024,5,390,181,9380.7,4213.93,128.29,5166.77
SL-0007430,STR-039,CAT-06,2024-05-01,2024,5,497,271,10371.4,8213.76,410.5,2157.64
SL-0007431,STR-039,CAT-07,2024-05-01,2024,5,453,233,12115.97,7545.8,472.84,4570.17
SL-0007432,STR-039,CAT-08,2024-05-01,2024,5,592,361,8542.65,6180.74,323.11,2361.91
SL-0007433,STR-039,CAT-01,2024-06-01,2024,6,450,301,14148.87,7912.48,187.24,6236.39
SL-0007434,STR-039,CAT-02,2024-06-01,2024,6,491,247,15330.4,12606.51,735.88,2723.89
SL-0007435,STR-039,CAT-03,2024-06-01,2024,6,272,170,12664.29,7854.66,209.41,4809.63
SL-0007436,STR-039,CAT-04,2024-06-01,2024,6,1305,800,13129.3,8707.66,661.61,4421.64
SL-0007437,STR-039,CAT-05,2024-06-01,2024,6,349,182,12567.68,5730.69,734.76,6836.99
SL-0007438,STR-039,CAT-06,2024-06-01,2024,6,722,475,18018.85,13925.33,650.0,4093.52
SL-0007439,STR-039,CAT-07,2024-06-01,2024,6,164,84,5960.28,3499.51,73.11,2460.77
SL-0007440,STR-039,CAT-08,2024-06-01,2024,6,237,154,8526.34,5640.92,279.91,2885.42
SL-0007441,STR-039,CAT-01,2024-07-01,2024,7,536,344,15444.52,8590.47,890.9,6854.05
SL-0007442,STR-039,CAT-02,2024-07-01,2024,7,565,231,16886.83,13772.36,415.3,3114.47
SL-0007443,STR-039,CAT-03,2024-07-01,2024,7,354,213,10431.02,6411.14,231.63,4019.88
SL-0007444,STR-039,CAT-04,2024-07-01,2024,7,548,256,19884.65,13053.04,1054.55,6831.61
SL-0007445,STR-039,CAT-05,2024-07-01,2024,7,347,199,10830.86,4874.9,149.8,5955.96
SL-0007446,STR-039,CAT-06,2024-07-01,2024,7,570,254,15940.53,13174.66,952.05,2765.87
SL-0007447,STR-039,CAT-07,2024-07-01,2024,7,379,196,11907.73,7252.01,240.73,4655.72
SL-0007448,STR-039,CAT-08,2024-07-01,2024,7,674,294,20011.98,14257.16,458.89,5754.82
SL-0007449,STR-039,CAT-01,2024-08-01,2024,8,791,808,15602.94,9032.58,445.97,6570.36
SL-0007450,STR-039,CAT-02,2024-08-01,2024,8,439,239,11589.93,10028.43,269.75,1561.5
SL-0007451,STR-039,CAT-03,2024-08-01,2024,8,362,209,13040.24,8082.94,464.02,4957.3
SL-0007452,STR-039,CAT-04,2024-08-01,2024,8,650,420,14801.42,9710.53,832.8,5090.89
SL-0007453,STR-039,CAT-05,2024-08-01,2024,8,844,448,17879.08,8196.66,516.49,9682.42
SL-0007454,STR-039,CAT-06,2024-08-01,2024,8,320,200,9254.26,7276.97,452.81,1977.29
SL-0007455,STR-039,CAT-07,2024-08-01,2024,8,429,240,15348.84,8920.46,615.66,6428.38
SL-0007456,STR-039,CAT-08,2024-08-01,2024,8,634,404,16940.51,11633.16,174.47,5307.35
SL-0007457,STR-039,CAT-01,2024-09-01,2024,9,450,246,7114.29,3964.96,162.79,3149.33
SL-0007458,STR-039,CAT-02,2024-09-01,2024,9,574,359,7875.83,6415.79,433.42,1460.04
SL-0007459,STR-039,CAT-03,2024-09-01,2024,9,470,258,17117.23,10727.68,707.03,6389.55
SL-0007460,STR-039,CAT-04,2024-09-01,2024,9,383,225,12103.72,7755.25,516.21,4348.47
SL-0007461,STR-039,CAT-05,2024-09-01,2024,9,470,286,13577.09,6136.51,566.39,7440.58
SL-0007462,STR-039,CAT-06,2024-09-01,2024,9,595,361,14483.37,11213.12,491.24,3270.25
SL-0007463,STR-039,CAT-07,2024-09-01,2024,9,297,173,8628.46,5126.0,257.16,3502.46
SL-0007464,STR-039,CAT-08,2024-09-01,2024,9,718,490,17825.83,11994.59,536.76,5831.24
SL-0007465,STR-039,CAT-01,2024-10-01,2024,10,421,219,13860.11,8233.29,317.19,5626.82
SL-0007466,STR-039,CAT-02,2024-10-01,2024,10,622,324,21006.16,17340.77,276.75,3665.39
SL-0007467,STR-039,CAT-03,2024-10-01,2024,10,727,369,13587.12,8472.93,371.38,5114.19
SL-0007468,STR-039,CAT-04,2024-10-01,2024,10,280,151,11473.32,7212.3,677.23,4261.02
SL-0007469,STR-039,CAT-05,2024-10-01,2024,10,272,185,9927.24,4381.74,521.84,5545.5
SL-0007470,STR-039,CAT-06,2024-10-01,2024,10,623,295,19394.95,15756.79,679.22,3638.16
SL-0007471,STR-039,CAT-07,2024-10-01,2024,10,480,282,13160.07,8292.7,205.21,4867.37
SL-0007472,STR-039,CAT-08,2024-10-01,2024,10,485,264,16718.6,11542.71,922.75,5175.89
SL-0007473,STR-039,CAT-01,2024-11-01,2024,11,1594,1008,26316.33,15371.32,524.55,10945.01
SL-0007474,STR-039,CAT-02,2024-11-01,2024,11,528,241,16301.15,13201.66,948.61,3099.49
SL-0007475,STR-039,CAT-03,2024-11-01,2024,11,716,327,17851.81,11613.41,421.79,6238.4
SL-0007476,STR-039,CAT-04,2024-11-01,2024,11,243,130,7658.83,4717.36,327.61,2941.47
SL-0007477,STR-039,CAT-05,2024-11-01,2024,11,671,390,20781.56,9125.01,284.38,11656.55
SL-0007478,STR-039,CAT-06,2024-11-01,2024,11,903,657,24963.38,19044.64,415.77,5918.74
SL-0007479,STR-039,CAT-07,2024-11-01,2024,11,856,414,29367.36,18124.4,1500.79,11242.96
SL-0007480,STR-039,CAT-08,2024-11-01,2024,11,326,166,11582.1,8365.92,529.54,3216.18
SL-0007481,STR-039,CAT-01,2024-12-01,2024,12,1074,419,18715.3,10820.61,294.7,7894.69
SL-0007482,STR-039,CAT-02,2024-12-01,2024,12,530,308,20289.06,17237.33,312.42,3051.73
SL-0007483,STR-039,CAT-03,2024-12-01,2024,12,578,448,19989.04,12313.39,397.48,7675.65
SL-0007484,STR-039,CAT-04,2024-12-01,2024,12,237,130,7042.04,4556.64,363.95,2485.4
SL-0007485,STR-039,CAT-05,2024-12-01,2024,12,552,232,21050.36,9320.54,255.91,11729.82
SL-0007486,STR-039,CAT-06,2024-12-01,2024,12,844,669,18660.31,14418.68,353.71,4241.63
SL-0007487,STR-039,CAT-07,2024-12-01,2024,12,1165,663,24686.78,14945.31,729.77,9741.47
SL-0007488,STR-039,CAT-08,2024-12-01,2024,12,491,321,11875.4,8351.43,560.51,3523.97
SL-0007489,STR-040,CAT-01,2023-01-01,2023,1,510,314,11518.88,6519.67,204.56,4999.21
SL-0007490,STR-040,CAT-02,2023-01-01,2023,1,298,154,11750.77,9897.07,662.58,1853.7
SL-0007491,STR-040,CAT-03,2023-01-01,2023,1,284,169,6119.78,3892.23,289.19,2227.55
SL-0007492,STR-040,CAT-04,2023-01-01,2023,1,350,180,10608.75,6992.82,200.59,3615.93
SL-0007493,STR-040,CAT-05,2023-01-01,2023,1,237,152,7674.88,3587.51,282.35,4087.37
SL-0007494,STR-040,CAT-06,2023-01-01,2023,1,239,195,9793.61,7505.42,234.69,2288.19
SL-0007495,STR-040,CAT-07,2023-01-01,2023,1,344,255,11849.11,7162.86,318.65,4686.25
SL-0007496,STR-040,CAT-08,2023-01-01,2023,1,824,418,15278.46,10617.48,696.56,4660.98
SL-0007497,STR-040,CAT-01,2023-02-01,2023,2,599,301,18495.58,10812.42,309.03,7683.16
SL-0007498,STR-040,CAT-02,2023-02-01,2023,2,493,327,10876.4,8763.61,343.25,2112.79
SL-0007499,STR-040,CAT-03,2023-02-01,2023,2,756,334,9984.16,6269.85,279.48,3714.31
SL-0007500,STR-040,CAT-04,2023-02-01,2023,2,598,316,15883.61,9959.77,237.91,5923.84
SL-0007501,STR-040,CAT-05,2023-02-01,2023,2,728,415,19275.02,8662.75,699.79,10612.27
SL-0007502,STR-040,CAT-06,2023-02-01,2023,2,220,105,8479.26,6813.21,312.34,1666.05
SL-0007503,STR-040,CAT-07,2023-02-01,2023,2,329,150,8881.37,5304.38,359.58,3576.99
SL-0007504,STR-040,CAT-08,2023-02-01,2023,2,449,277,16028.34,11034.89,187.21,4993.45
SL-0007505,STR-040,CAT-01,2023-03-01,2023,3,569,411,14919.33,8621.01,762.94,6298.32
SL-0007506,STR-040,CAT-02,2023-03-01,2023,3,322,203,13362.93,11021.6,425.83,2341.33
SL-0007507,STR-040,CAT-03,2023-03-01,2023,3,406,232,16335.42,9802.59,461.62,6532.83
SL-0007508,STR-040,CAT-04,2023-03-01,2023,3,989,515,12905.14,8270.99,292.67,4634.15
SL-0007509,STR-040,CAT-05,2023-03-01,2023,3,455,231,10841.93,4876.71,265.96,5965.22
SL-0007510,STR-040,CAT-06,2023-03-01,2023,3,605,347,11805.75,9799.37,171.67,2006.38
SL-0007511,STR-040,CAT-07,2023-03-01,2023,3,2056,1211,17887.25,10826.59,377.06,7060.66
SL-0007512,STR-040,CAT-08,2023-03-01,2023,3,548,277,17786.46,12275.85,1010.37,5510.61
SL-0007513,STR-040,CAT-01,2023-04-01,2023,4,457,351,15856.71,8864.56,614.91,6992.15
SL-0007514,STR-040,CAT-02,2023-04-01,2023,4,356,222,13811.92,11408.57,530.71,2403.35
SL-0007515,STR-040,CAT-03,2023-04-01,2023,4,352,191,12828.89,8036.21,266.05,4792.68
SL-0007516,STR-040,CAT-04,2023-04-01,2023,4,324,182,13531.42,8724.43,206.3,4806.99
SL-0007517,STR-040,CAT-05,2023-04-01,2023,4,222,144,7581.69,3374.81,362.75,4206.88
SL-0007518,STR-040,CAT-06,2023-04-01,2023,4,273,142,11070.88,8754.32,328.42,2316.56
SL-0007519,STR-040,CAT-07,2023-04-01,2023,4,341,168,7329.09,4478.85,430.13,2850.24
SL-0007520,STR-040,CAT-08,2023-04-01,2023,4,322,151,11829.6,8058.17,456.5,3771.43
SL-0007521,STR-040,CAT-01,2023-05-01,2023,5,524,345,18248.91,10617.27,337.83,7631.64
SL-0007522,STR-040,CAT-02,2023-05-01,2023,5,1907,1005,16394.36,13911.44,302.84,2482.92
SL-0007523,STR-040,CAT-03,2023-05-01,2023,5,352,169,12695.88,7861.67,189.45,4834.21
SL-0007524,STR-040,CAT-04,2023-05-01,2023,5,1786,1103,12917.69,8500.56,689.83,4417.13
SL-0007525,STR-040,CAT-05,2023-05-01,2023,5,631,335,19909.96,8907.22,799.03,11002.74
SL-0007526,STR-040,CAT-06,2023-05-01,2023,5,822,481,17310.39,13831.01,1031.33,3479.38
SL-0007527,STR-040,CAT-07,2023-05-01,2023,5,587,254,15969.66,9634.26,185.85,6335.4
SL-0007528,STR-040,CAT-08,2023-05-01,2023,5,447,306,9612.98,6580.23,343.32,3032.75
SL-0007529,STR-040,CAT-01,2023-06-01,2023,6,497,257,19157.75,11015.45,689.11,8142.3
SL-0007530,STR-040,CAT-02,2023-06-01,2023,6,530,316,11152.25,9106.69,144.7,2045.56
SL-0007531,STR-040,CAT-03,2023-06-01,2023,6,441,259,15313.02,9394.99,612.82,5918.03
SL-0007532,STR-040,CAT-04,2023-06-01,2023,6,893,467,30613.32,20582.75,1236.98,10030.57
SL-0007533,STR-040,CAT-05,2023-06-01,2023,6,505,257,17193.73,7439.84,1022.58,9753.89
SL-0007534,STR-040,CAT-06,2023-06-01,2023,6,567,350,16782.46,13715.94,205.32,3066.52
SL-0007535,STR-040,CAT-07,2023-06-01,2023,6,603,307,17183.99,10817.71,896.92,6366.28
SL-0007536,STR-040,CAT-08,2023-06-01,2023,6,862,510,18973.53,13420.95,961.8,5552.58
SL-0007537,STR-040,CAT-01,2023-07-01,2023,7,529,326,15519.59,9126.4,732.14,6393.19
SL-0007538,STR-040,CAT-02,2023-07-01,2023,7,259,130,13032.06,10480.81,299.96,2551.25
SL-0007539,STR-040,CAT-03,2023-07-01,2023,7,659,395,19276.85,11443.36,750.17,7833.49
SL-0007540,STR-040,CAT-04,2023-07-01,2023,7,616,264,17840.08,11530.75,526.96,6309.33
SL-0007541,STR-040,CAT-05,2023-07-01,2023,7,1358,590,13893.4,6046.17,191.98,7847.23
SL-0007542,STR-040,CAT-06,2023-07-01,2023,7,604,415,11974.98,9198.77,146.24,2776.21
SL-0007543,STR-040,CAT-07,2023-07-01,2023,7,946,497,21438.51,13593.4,1093.79,7845.11
SL-0007544,STR-040,CAT-08,2023-07-01,2023,7,578,347,18586.67,12641.88,871.88,5944.79
SL-0007545,STR-040,CAT-01,2023-08-01,2023,8,283,134,10480.93,6127.44,240.0,4353.49
SL-0007546,STR-040,CAT-02,2023-08-01,2023,8,344,183,11049.66,9176.92,423.36,1872.74
SL-0007547,STR-040,CAT-03,2023-08-01,2023,8,463,265,11905.62,7327.88,224.26,4577.74
SL-0007548,STR-040,CAT-04,2023-08-01,2023,8,300,145,10455.2,6586.53,181.37,3868.67
SL-0007549,STR-040,CAT-05,2023-08-01,2023,8,268,139,9453.66,4302.46,485.25,5151.2
SL-0007550,STR-040,CAT-06,2023-08-01,2023,8,296,158,12233.35,9219.58,194.59,3013.77
SL-0007551,STR-040,CAT-07,2023-08-01,2023,8,358,171,12635.77,7358.0,668.87,5277.77
SL-0007552,STR-040,CAT-08,2023-08-01,2023,8,301,120,9451.44,7038.03,153.93,2413.41
SL-0007553,STR-040,CAT-01,2023-09-01,2023,9,796,496,19969.66,11586.41,318.6,8383.25
SL-0007554,STR-040,CAT-02,2023-09-01,2023,9,685,291,11147.79,9489.42,510.63,1658.37
SL-0007555,STR-040,CAT-03,2023-09-01,2023,9,9416,5581,21084.5,13282.56,270.23,7801.94
SL-0007556,STR-040,CAT-04,2023-09-01,2023,9,559,269,13631.17,9021.02,388.79,4610.15
SL-0007557,STR-040,CAT-05,2023-09-01,2023,9,331,202,11542.68,4801.65,118.31,6741.03
SL-0007558,STR-040,CAT-06,2023-09-01,2023,9,398,227,12392.13,9188.47,394.85,3203.66
SL-0007559,STR-040,CAT-07,2023-09-01,2023,9,439,227,10810.38,6555.01,617.24,4255.37
SL-0007560,STR-040,CAT-08,2023-09-01,2023,9,757,414,14894.83,11181.85,285.48,3712.98
SL-0007561,STR-040,CAT-01,2023-10-01,2023,10,547,276,13981.22,8248.8,237.43,5732.42
SL-0007562,STR-040,CAT-02,2023-10-01,2023,10,328,166,12299.85,10174.73,356.24,2125.12
SL-0007563,STR-040,CAT-03,2023-10-01,2023,10,804,402,15255.44,9055.78,187.87,6199.66
SL-0007564,STR-040,CAT-04,2023-10-01,2023,10,599,371,18175.34,11826.34,652.96,6349.0
SL-0007565,STR-040,CAT-05,2023-10-01,2023,10,253,104,13629.65,6158.94,332.69,7470.71
SL-0007566,STR-040,CAT-06,2023-10-01,2023,10,287,208,10623.13,8277.11,525.45,2346.02
SL-0007567,STR-040,CAT-07,2023-10-01,2023,10,273,165,9390.84,5698.36,466.38,3692.48
SL-0007568,STR-040,CAT-08,2023-10-01,2023,10,562,376,14545.33,9965.7,854.18,4579.63
SL-0007569,STR-040,CAT-01,2023-11-01,2023,11,2290,1329,20101.53,11306.2,581.44,8795.33
SL-0007570,STR-040,CAT-02,2023-11-01,2023,11,938,684,27177.47,21886.95,1204.83,5290.52
SL-0007571,STR-040,CAT-03,2023-11-01,2023,11,538,257,20662.97,12424.62,924.07,8238.35
SL-0007572,STR-040,CAT-04,2023-11-01,2023,11,459,237,14122.97,8939.08,357.11,5183.89
SL-0007573,STR-040,CAT-05,2023-11-01,2023,11,518,231,15768.52,7122.8,286.18,8645.72
SL-0007574,STR-040,CAT-06,2023-11-01,2023,11,886,418,20207.1,16073.07,659.07,4134.03
SL-0007575,STR-040,CAT-07,2023-11-01,2023,11,1330,677,28914.39,16862.28,1257.03,12052.11
SL-0007576,STR-040,CAT-08,2023-11-01,2023,11,640,306,18547.41,13076.51,517.27,5470.9
SL-0007577,STR-040,CAT-01,2023-12-01,2023,12,595,323,12659.66,7165.15,178.48,5494.51
SL-0007578,STR-040,CAT-02,2023-12-01,2023,12,827,377,32578.43,27231.06,483.45,5347.37
SL-0007579,STR-040,CAT-03,2023-12-01,2023,12,740,497,19247.62,11849.53,459.46,7398.09
SL-0007580,STR-040,CAT-04,2023-12-01,2023,12,445,269,13933.03,8915.89,415.98,5017.14
SL-0007581,STR-040,CAT-05,2023-12-01,2023,12,889,541,27242.81,12787.07,804.46,14455.74
SL-0007582,STR-040,CAT-06,2023-12-01,2023,12,784,576,24700.89,19194.52,692.13,5506.37
SL-0007583,STR-040,CAT-07,2023-12-01,2023,12,849,421,24325.04,14350.54,669.98,9974.5
SL-0007584,STR-040,CAT-08,2023-12-01,2023,12,730,440,24561.25,17081.36,1136.84,7479.89
SL-0007585,STR-040,CAT-01,2024-01-01,2024,1,289,129,9962.31,5776.27,365.1,4186.04
SL-0007586,STR-040,CAT-02,2024-01-01,2024,1,598,343,15681.59,13116.0,820.17,2565.59
SL-0007587,STR-040,CAT-03,2024-01-01,2024,1,505,308,18203.91,11336.78,682.64,6867.13
SL-0007588,STR-040,CAT-04,2024-01-01,2024,1,429,230,9687.9,6340.82,197.54,3347.08
SL-0007589,STR-040,CAT-05,2024-01-01,2024,1,335,169,10659.37,4647.86,446.15,6011.51
SL-0007590,STR-040,CAT-06,2024-01-01,2024,1,369,161,13465.45,10702.7,447.79,2762.75
SL-0007591,STR-040,CAT-07,2024-01-01,2024,1,343,189,9340.27,5420.34,403.87,3919.93
SL-0007592,STR-040,CAT-08,2024-01-01,2024,1,502,227,15622.71,11072.84,735.59,4549.87
SL-0007593,STR-040,CAT-01,2024-02-01,2024,2,1113,588,11977.74,6982.84,162.27,4994.9
SL-0007594,STR-040,CAT-02,2024-02-01,2024,2,190,99,6211.54,5013.29,144.58,1198.25
SL-0007595,STR-040,CAT-03,2024-02-01,2024,2,645,331,11266.64,7049.05,147.66,4217.59
SL-0007596,STR-040,CAT-04,2024-02-01,2024,2,554,370,16763.42,10841.02,242.13,5922.4
SL-0007597,STR-040,CAT-05,2024-02-01,2024,2,140,71,7793.98,3503.77,319.51,4290.21
SL-0007598,STR-040,CAT-06,2024-02-01,2024,2,496,252,15786.63,12545.65,360.11,3240.98
SL-0007599,STR-040,CAT-07,2024-02-01,2024,2,183,92,7834.72,4566.99,233.89,3267.73
SL-0007600,STR-040,CAT-08,2024-02-01,2024,2,253,129,6743.45,4466.05,117.19,2277.4
SL-0007601,STR-040,CAT-01,2024-03-01,2024,3,353,277,17494.38,10087.75,502.43,7406.63
SL-0007602,STR-040,CAT-02,2024-03-01,2024,3,362,154,9641.27,7644.06,179.82,1997.21
SL-0007603,STR-040,CAT-03,2024-03-01,2024,3,707,400,15452.92,8849.7,904.66,6603.22
SL-0007604,STR-040,CAT-04,2024-03-01,2024,3,307,158,10086.93,6640.66,496.33,3446.27
SL-0007605,STR-040,CAT-05,2024-03-01,2024,3,786,472,16879.35,7501.36,431.51,9377.99
SL-0007606,STR-040,CAT-06,2024-03-01,2024,3,334,198,12205.59,9522.25,195.95,2683.34
SL-0007607,STR-040,CAT-07,2024-03-01,2024,3,252,117,11166.2,6472.19,645.08,4694.01
SL-0007608,STR-040,CAT-08,2024-03-01,2024,3,543,245,13228.41,9037.96,559.91,4190.45
SL-0007609,STR-040,CAT-01,2024-04-01,2024,4,544,302,14489.96,8795.15,794.46,5694.81
SL-0007610,STR-040,CAT-02,2024-04-01,2024,4,336,172,8780.36,7485.51,199.08,1294.85
SL-0007611,STR-040,CAT-03,2024-04-01,2024,4,594,287,20592.81,13289.41,704.45,7303.4
SL-0007612,STR-040,CAT-04,2024-04-01,2024,4,549,293,14961.24,9974.58,537.11,4986.66
SL-0007613,STR-040,CAT-05,2024-04-01,2024,4,558,271,11923.43,5247.02,578.62,6676.41
SL-0007614,STR-040,CAT-06,2024-04-01,2024,4,848,549,18538.39,13379.58,248.91,5158.81
SL-0007615,STR-040,CAT-07,2024-04-01,2024,4,564,291,10318.5,6436.48,526.77,3882.02
SL-0007616,STR-040,CAT-08,2024-04-01,2024,4,286,145,10434.41,7043.83,398.65,3390.58
SL-0007617,STR-040,CAT-01,2024-05-01,2024,5,415,202,11292.05,6246.01,539.78,5046.04
SL-0007618,STR-040,CAT-02,2024-05-01,2024,5,276,176,8603.94,7184.01,514.94,1419.93
SL-0007619,STR-040,CAT-03,2024-05-01,2024,5,571,273,14078.27,8398.41,298.99,5679.86
SL-0007620,STR-040,CAT-04,2024-05-01,2024,5,510,231,13491.42,8999.9,330.12,4491.52
SL-0007621,STR-040,CAT-05,2024-05-01,2024,5,562,330,14412.76,6425.89,201.16,7986.87
SL-0007622,STR-040,CAT-06,2024-05-01,2024,5,350,180,8100.24,6742.22,280.54,1358.02
SL-0007623,STR-040,CAT-07,2024-05-01,2024,5,203,87,6367.92,3783.13,90.1,2584.79
SL-0007624,STR-040,CAT-08,2024-05-01,2024,5,352,150,10285.74,6972.63,353.76,3313.11
SL-0007625,STR-040,CAT-01,2024-06-01,2024,6,666,312,16807.37,9742.51,545.38,7064.86
SL-0007626,STR-040,CAT-02,2024-06-01,2024,6,292,152,10009.05,8695.09,244.54,1313.96
SL-0007627,STR-040,CAT-03,2024-06-01,2024,6,830,411,16908.27,10514.36,983.44,6393.91
SL-0007628,STR-040,CAT-04,2024-06-01,2024,6,366,158,9807.24,6643.47,482.75,3163.77
SL-0007629,STR-040,CAT-05,2024-06-01,2024,6,597,351,15109.57,7140.93,725.77,7968.64
SL-0007630,STR-040,CAT-06,2024-06-01,2024,6,523,274,15504.59,11941.01,655.71,3563.58
SL-0007631,STR-040,CAT-07,2024-06-01,2024,6,649,294,9481.39,5587.67,338.96,3893.72
SL-0007632,STR-040,CAT-08,2024-06-01,2024,6,520,296,12339.1,8626.09,338.13,3713.01
SL-0007633,STR-040,CAT-01,2024-07-01,2024,7,520,275,14589.16,8574.67,285.19,6014.49
SL-0007634,STR-040,CAT-02,2024-07-01,2024,7,506,317,14640.09,11914.33,495.77,2725.76
SL-0007635,STR-040,CAT-03,2024-07-01,2024,7,500,351,13157.06,7856.49,612.67,5300.57
SL-0007636,STR-040,CAT-04,2024-07-01,2024,7,630,307,17199.88,10932.32,378.13,6267.56
SL-0007637,STR-040,CAT-05,2024-07-01,2024,7,457,234,17644.36,8005.57,805.63,9638.79
SL-0007638,STR-040,CAT-06,2024-07-01,2024,7,240,133,9642.95,7262.18,405.49,2380.77
SL-0007639,STR-040,CAT-07,2024-07-01,2024,7,450,226,18531.54,11000.76,384.12,7530.78
SL-0007640,STR-040,CAT-08,2024-07-01,2024,7,674,456,18709.85,13316.79,1049.85,5393.06
SL-0007641,STR-040,CAT-01,2024-08-01,2024,8,905,453,20960.11,12286.42,941.1,8673.69
SL-0007642,STR-040,CAT-02,2024-08-01,2024,8,885,402,14808.89,11734.55,778.75,3074.34
SL-0007643,STR-040,CAT-03,2024-08-01,2024,8,531,323,14779.71,9741.23,652.51,5038.48
SL-0007644,STR-040,CAT-04,2024-08-01,2024,8,557,316,13307.24,8524.14,386.42,4783.1
SL-0007645,STR-040,CAT-05,2024-08-01,2024,8,480,233,10926.2,5169.02,422.64,5757.18
SL-0007646,STR-040,CAT-06,2024-08-01,2024,8,499,391,10812.56,8699.11,647.85,2113.45
SL-0007647,STR-040,CAT-07,2024-08-01,2024,8,604,331,18596.37,11585.39,538.25,7010.98
SL-0007648,STR-040,CAT-08,2024-08-01,2024,8,1128,719,9448.33,6458.14,424.19,2990.19
SL-0007649,STR-040,CAT-01,2024-09-01,2024,9,305,186,7471.66,4316.55,202.19,3155.11
SL-0007650,STR-040,CAT-02,2024-09-01,2024,9,209,86,7124.37,5771.54,316.01,1352.83
SL-0007651,STR-040,CAT-03,2024-09-01,2024,9,272,130,10026.81,6004.66,363.03,4022.15
SL-0007652,STR-040,CAT-04,2024-09-01,2024,9,375,183,10021.81,6451.63,418.64,3570.18
SL-0007653,STR-040,CAT-05,2024-09-01,2024,9,236,130,9222.81,4386.31,184.63,4836.5
SL-0007654,STR-040,CAT-06,2024-09-01,2024,9,646,539,13627.0,10556.38,327.68,3070.62
SL-0007655,STR-040,CAT-07,2024-09-01,2024,9,594,327,15189.61,9047.4,565.8,6142.21
SL-0007656,STR-040,CAT-08,2024-09-01,2024,9,334,148,10103.86,7312.49,185.06,2791.37
SL-0007657,STR-040,CAT-01,2024-10-01,2024,10,317,167,7632.01,4486.53,161.12,3145.48
SL-0007658,STR-040,CAT-02,2024-10-01,2024,10,214,99,7570.56,6192.94,321.69,1377.62
SL-0007659,STR-040,CAT-03,2024-10-01,2024,10,420,235,11864.96,7297.7,233.3,4567.26
SL-0007660,STR-040,CAT-04,2024-10-01,2024,10,208,104,7328.06,4715.78,194.1,2612.28
SL-0007661,STR-040,CAT-05,2024-10-01,2024,10,461,253,14549.85,6567.52,471.02,7982.33
SL-0007662,STR-040,CAT-06,2024-10-01,2024,10,504,238,11432.8,8964.88,297.79,2467.92
SL-0007663,STR-040,CAT-07,2024-10-01,2024,10,365,212,13126.54,7957.23,200.54,5169.31
SL-0007664,STR-040,CAT-08,2024-10-01,2024,10,282,195,8990.06,6237.51,136.28,2752.55
SL-0007665,STR-040,CAT-01,2024-11-01,2024,11,293,189,12646.19,7171.7,225.66,5474.49
SL-0007666,STR-040,CAT-02,2024-11-01,2024,11,724,349,28058.3,23439.69,1321.91,4618.61
SL-0007667,STR-040,CAT-03,2024-11-01,2024,11,579,243,15036.9,9122.99,199.26,5913.91
SL-0007668,STR-040,CAT-04,2024-11-01,2024,11,981,568,15413.93,10196.11,441.71,5217.82
SL-0007669,STR-040,CAT-05,2024-11-01,2024,11,443,221,12073.97,5357.18,336.69,6716.79
SL-0007670,STR-040,CAT-06,2024-11-01,2024,11,1325,1145,18848.69,14743.32,521.98,4105.37
SL-0007671,STR-040,CAT-07,2024-11-01,2024,11,1293,774,30434.94,17703.81,811.36,12731.13
SL-0007672,STR-040,CAT-08,2024-11-01,2024,11,620,369,13807.7,10062.13,582.07,3745.57
SL-0007673,STR-040,CAT-01,2024-12-01,2024,12,772,362,17325.33,10405.86,704.08,6919.47
SL-0007674,STR-040,CAT-02,2024-12-01,2024,12,930,474,28107.28,21676.92,861.3,6430.36
SL-0007675,STR-040,CAT-03,2024-12-01,2024,12,618,419,19630.91,12013.56,921.21,7617.35
SL-0007676,STR-040,CAT-04,2024-12-01,2024,12,307,160,10443.22,6829.93,371.29,3613.29
SL-0007677,STR-040,CAT-05,2024-12-01,2024,12,1800,1124,31718.62,15130.66,940.02,16587.96
SL-0007678,STR-040,CAT-06,2024-12-01,2024,12,473,245,20711.39,15743.07,265.55,4968.32
SL-0007679,STR-040,CAT-07,2024-12-01,2024,12,699,338,18098.83,10828.8,796.57,7270.03
SL-0007680,STR-040,CAT-08,2024-12-01,2024,12,644,343,19984.23,14749.42,323.36,5234.81
SL-0007681,STR-041,CAT-01,2023-01-01,2023,1,727,378,13211.52,7392.88,688.24,5818.64
SL-0007682,STR-041,CAT-02,2023-01-01,2023,1,159,78,5711.44,4838.56,87.71,872.88
SL-0007683,STR-041,CAT-03,2023-01-01,2023,1,396,188,9358.23,5637.84,99.69,3720.39
SL-0007684,STR-041,CAT-04,2023-01-01,2023,1,320,183,10800.66,7030.79,225.28,3769.87
SL-0007685,STR-041,CAT-05,2023-01-01,2023,1,352,284,9931.32,4328.22,166.56,5603.1
SL-0007686,STR-041,CAT-06,2023-01-01,2023,1,333,174,11009.63,8306.74,566.15,2702.89
SL-0007687,STR-041,CAT-07,2023-01-01,2023,1,740,510,6610.92,4167.71,396.08,2443.21
SL-0007688,STR-041,CAT-08,2023-01-01,2023,1,283,160,7561.83,5155.5,76.53,2406.33
SL-0007689,STR-041,CAT-01,2023-02-01,2023,2,173,125,5954.2,3322.32,282.54,2631.88
SL-0007690,STR-041,CAT-02,2023-02-01,2023,2,113,52,3992.51,3321.02,150.66,671.49
SL-0007691,STR-041,CAT-03,2023-02-01,2023,2,352,273,9933.41,5973.03,407.71,3960.38
SL-0007692,STR-041,CAT-04,2023-02-01,2023,2,332,223,9069.8,5413.55,245.29,3656.25
SL-0007693,STR-041,CAT-05,2023-02-01,2023,2,354,181,7674.36,3470.73,300.77,4203.63
SL-0007694,STR-041,CAT-06,2023-02-01,2023,2,277,132,11701.91,8899.56,248.69,2802.35
SL-0007695,STR-041,CAT-07,2023-02-01,2023,2,260,152,5469.86,3129.17,180.36,2340.69
SL-0007696,STR-041,CAT-08,2023-02-01,2023,2,402,210,7326.41,5282.1,335.23,2044.31
SL-0007697,STR-041,CAT-01,2023-03-01,2023,3,344,189,10274.82,6345.55,363.88,3929.27
SL-0007698,STR-041,CAT-02,2023-03-01,2023,3,353,221,5593.97,4553.15,78.98,1040.82
SL-0007699,STR-041,CAT-03,2023-03-01,2023,3,501,266,10239.18,6133.34,303.75,4105.84
SL-0007700,STR-041,CAT-04,2023-03-01,2023,3,881,499,19556.76,12204.58,366.58,7352.18
SL-0007701,STR-041,CAT-05,2023-03-01,2023,3,1014,546,17371.3,7551.53,932.92,9819.77
SL-0007702,STR-041,CAT-06,2023-03-01,2023,3,240,138,9568.51,7372.97,565.28,2195.54
SL-0007703,STR-041,CAT-07,2023-03-01,2023,3,249,142,7850.93,4506.7,317.62,3344.23
SL-0007704,STR-041,CAT-08,2023-03-01,2023,3,591,361,14913.79,10647.38,654.4,4266.41
SL-0007705,STR-041,CAT-01,2023-04-01,2023,4,397,325,10370.8,5754.37,585.1,4616.43
SL-0007706,STR-041,CAT-02,2023-04-01,2023,4,589,329,14596.32,12009.01,361.6,2587.31
SL-0007707,STR-041,CAT-03,2023-04-01,2023,4,543,310,15928.5,10507.28,232.44,5421.22
SL-0007708,STR-041,CAT-04,2023-04-01,2023,4,283,159,9766.05,6657.98,138.33,3108.07
SL-0007709,STR-041,CAT-05,2023-04-01,2023,4,629,290,16602.1,7124.0,274.21,9478.1
SL-0007710,STR-041,CAT-06,2023-04-01,2023,4,478,213,14226.85,10972.47,780.28,3254.38
SL-0007711,STR-041,CAT-07,2023-04-01,2023,4,257,120,7928.23,4921.55,239.69,3006.68
SL-0007712,STR-041,CAT-08,2023-04-01,2023,4,282,202,11803.24,7897.09,518.65,3906.15
SL-0007713,STR-041,CAT-01,2023-05-01,2023,5,304,146,9201.22,5221.62,153.64,3979.6
SL-0007714,STR-041,CAT-02,2023-05-01,2023,5,356,214,8651.78,7092.34,442.17,1559.44
SL-0007715,STR-041,CAT-03,2023-05-01,2023,5,402,217,8707.85,5375.42,205.08,3332.43
SL-0007716,STR-041,CAT-04,2023-05-01,2023,5,809,696,11835.72,7803.62,319.65,4032.1
SL-0007717,STR-041,CAT-05,2023-05-01,2023,5,327,151,12124.52,5316.7,658.53,6807.82
SL-0007718,STR-041,CAT-06,2023-05-01,2023,5,664,321,13522.42,10960.02,623.98,2562.4
SL-0007719,STR-041,CAT-07,2023-05-01,2023,5,188,98,6109.55,3698.56,74.99,2410.99
SL-0007720,STR-041,CAT-08,2023-05-01,2023,5,435,245,12658.89,8978.14,704.04,3680.75
SL-0007721,STR-041,CAT-01,2023-06-01,2023,6,186,104,7812.95,4461.88,305.72,3351.07
SL-0007722,STR-041,CAT-02,2023-06-01,2023,6,583,465,15114.21,12903.23,328.93,2210.98
SL-0007723,STR-041,CAT-03,2023-06-01,2023,6,460,227,12542.24,7801.56,331.54,4740.68
SL-0007724,STR-041,CAT-04,2023-06-01,2023,6,707,278,16683.0,10947.05,196.03,5735.95
SL-0007725,STR-041,CAT-05,2023-06-01,2023,6,610,410,12760.52,5902.68,331.34,6857.84
SL-0007726,STR-041,CAT-06,2023-06-01,2023,6,361,230,11124.48,8841.48,423.84,2283.0
SL-0007727,STR-041,CAT-07,2023-06-01,2023,6,267,113,11450.12,7010.5,585.05,4439.62
SL-0007728,STR-041,CAT-08,2023-06-01,2023,6,681,317,14604.81,10115.3,842.28,4489.51
SL-0007729,STR-041,CAT-01,2023-07-01,2023,7,322,175,10245.75,5880.71,376.58,4365.04
SL-0007730,STR-041,CAT-02,2023-07-01,2023,7,468,277,16323.39,13433.23,528.1,2890.16
SL-0007731,STR-041,CAT-03,2023-07-01,2023,7,374,217,12584.94,7904.18,639.59,4680.76
SL-0007732,STR-041,CAT-04,2023-07-01,2023,7,744,401,20656.93,13428.9,625.08,7228.03
SL-0007733,STR-041,CAT-05,2023-07-01,2023,7,550,334,18014.27,8372.95,894.78,9641.32
SL-0007734,STR-041,CAT-06,2023-07-01,2023,7,567,342,16807.72,13417.34,872.79,3390.38
SL-0007735,STR-041,CAT-07,2023-07-01,2023,7,367,275,11068.01,7107.75,523.65,3960.26
SL-0007736,STR-041,CAT-08,2023-07-01,2023,7,296,152,9384.7,6649.42,348.75,2735.28
SL-0007737,STR-041,CAT-01,2023-08-01,2023,8,467,240,17365.88,10252.84,279.83,7113.04
SL-0007738,STR-041,CAT-02,2023-08-01,2023,8,470,269,12189.93,9381.07,336.13,2808.86
SL-0007739,STR-041,CAT-03,2023-08-01,2023,8,277,156,9314.11,5774.9,434.31,3539.21
SL-0007740,STR-041,CAT-04,2023-08-01,2023,8,704,326,17101.89,11375.22,490.65,5726.67
SL-0007741,STR-041,CAT-05,2023-08-01,2023,8,596,363,13355.02,5835.18,740.84,7519.84
SL-0007742,STR-041,CAT-06,2023-08-01,2023,8,393,270,9395.78,7405.41,339.62,1990.37
SL-0007743,STR-041,CAT-07,2023-08-01,2023,8,362,188,15746.15,9067.87,896.02,6678.28
SL-0007744,STR-041,CAT-08,2023-08-01,2023,8,498,262,13705.2,9371.25,487.81,4333.95
SL-0007745,STR-041,CAT-01,2023-09-01,2023,9,316,146,11351.51,6367.32,200.36,4984.19
SL-0007746,STR-041,CAT-02,2023-09-01,2023,9,280,150,10315.45,9081.99,473.11,1233.46
SL-0007747,STR-041,CAT-03,2023-09-01,2023,9,525,279,13496.06,8208.51,446.01,5287.55
SL-0007748,STR-041,CAT-04,2023-09-01,2023,9,295,176,9318.25,5630.58,213.76,3687.67
SL-0007749,STR-041,CAT-05,2023-09-01,2023,9,260,151,8544.19,3875.57,194.32,4668.62
SL-0007750,STR-041,CAT-06,2023-09-01,2023,9,719,423,13418.86,10077.1,212.48,3341.76
SL-0007751,STR-041,CAT-07,2023-09-01,2023,9,831,452,10045.73,6055.86,238.85,3989.87
SL-0007752,STR-041,CAT-08,2023-09-01,2023,9,360,169,9912.65,6877.94,395.17,3034.71
SL-0007753,STR-041,CAT-01,2023-10-01,2023,10,299,178,9171.21,5350.75,241.88,3820.46
SL-0007754,STR-041,CAT-02,2023-10-01,2023,10,466,337,13488.71,11233.96,236.75,2254.75
SL-0007755,STR-041,CAT-03,2023-10-01,2023,10,282,146,8841.61,5160.56,329.16,3681.05
SL-0007756,STR-041,CAT-04,2023-10-01,2023,10,195,93,7334.7,4948.73,312.65,2385.97
SL-0007757,STR-041,CAT-05,2023-10-01,2023,10,413,223,12512.54,5781.7,723.9,6730.84
SL-0007758,STR-041,CAT-06,2023-10-01,2023,10,162,80,6277.84,4821.88,332.47,1455.96
SL-0007759,STR-041,CAT-07,2023-10-01,2023,10,561,300,13027.45,7874.49,582.45,5152.96
SL-0007760,STR-041,CAT-08,2023-10-01,2023,10,209,120,7078.23,4799.76,119.8,2278.47
SL-0007761,STR-041,CAT-01,2023-11-01,2023,11,766,330,13579.55,7837.79,241.45,5741.76
SL-0007762,STR-041,CAT-02,2023-11-01,2023,11,623,435,14487.42,11426.74,576.81,3060.68
SL-0007763,STR-041,CAT-03,2023-11-01,2023,11,322,162,10459.07,6642.79,429.17,3816.28
SL-0007764,STR-041,CAT-04,2023-11-01,2023,11,294,144,8297.64,5276.18,455.17,3021.46
SL-0007765,STR-041,CAT-05,2023-11-01,2023,11,290,158,12840.08,5478.1,545.04,7361.98
SL-0007766,STR-041,CAT-06,2023-11-01,2023,11,244,141,8473.94,6683.53,333.08,1790.41
SL-0007767,STR-041,CAT-07,2023-11-01,2023,11,890,536,16070.89,9702.86,445.89,6368.03
SL-0007768,STR-041,CAT-08,2023-11-01,2023,11,549,345,15430.33,10738.1,572.07,4692.23
SL-0007769,STR-041,CAT-01,2023-12-01,2023,12,1066,658,14747.96,8930.87,387.01,5817.09
SL-0007770,STR-041,CAT-02,2023-12-01,2023,12,899,428,17986.48,15090.94,392.51,2895.54
SL-0007771,STR-041,CAT-03,2023-12-01,2023,12,800,443,12631.1,7636.92,279.76,4994.18
SL-0007772,STR-041,CAT-04,2023-12-01,2023,12,172,87,3785.47,2379.88,214.91,1405.59
SL-0007773,STR-041,CAT-05,2023-12-01,2023,12,424,189,9448.36,4244.28,157.71,5204.08
SL-0007774,STR-041,CAT-06,2023-12-01,2023,12,205,102,9588.73,7572.31,256.88,2016.42
SL-0007775,STR-041,CAT-07,2023-12-01,2023,12,494,245,15940.47,9083.54,515.9,6856.93
SL-0007776,STR-041,CAT-08,2023-12-01,2023,12,289,174,6870.59,4816.19,392.02,2054.4
SL-0007777,STR-041,CAT-01,2024-01-01,2024,1,445,274,13214.4,7557.79,381.3,5656.61
SL-0007778,STR-041,CAT-02,2024-01-01,2024,1,539,246,13450.98,11055.57,769.02,2395.41
SL-0007779,STR-041,CAT-03,2024-01-01,2024,1,429,219,10948.53,6901.59,337.01,4046.94
SL-0007780,STR-041,CAT-04,2024-01-01,2024,1,396,204,7638.17,4898.22,223.45,2739.95
SL-0007781,STR-041,CAT-05,2024-01-01,2024,1,430,292,12249.75,5663.8,286.35,6585.95
SL-0007782,STR-041,CAT-06,2024-01-01,2024,1,384,213,11148.84,8594.61,450.3,2554.23
SL-0007783,STR-041,CAT-07,2024-01-01,2024,1,499,308,13051.39,7773.13,387.68,5278.26
SL-0007784,STR-041,CAT-08,2024-01-01,2024,1,404,198,11048.0,7283.85,129.22,3764.15
SL-0007785,STR-041,CAT-01,2024-02-01,2024,2,285,140,11885.66,6872.51,623.56,5013.15
SL-0007786,STR-041,CAT-02,2024-02-01,2024,2,348,246,7381.88,5956.51,155.68,1425.37
SL-0007787,STR-041,CAT-03,2024-02-01,2024,2,191,128,9159.69,6152.05,379.4,3007.64
SL-0007788,STR-041,CAT-04,2024-02-01,2024,2,257,184,9002.82,5959.75,450.53,3043.07
SL-0007789,STR-041,CAT-05,2024-02-01,2024,2,570,255,11790.72,5278.3,548.39,6512.42
SL-0007790,STR-041,CAT-06,2024-02-01,2024,2,655,365,13151.15,9638.4,208.44,3512.75
SL-0007791,STR-041,CAT-07,2024-02-01,2024,2,263,116,9457.22,5815.38,549.94,3641.84
SL-0007792,STR-041,CAT-08,2024-02-01,2024,2,320,202,5997.37,4197.13,239.49,1800.24
SL-0007793,STR-041,CAT-01,2024-03-01,2024,3,329,147,9846.74,5646.07,499.76,4200.67
SL-0007794,STR-041,CAT-02,2024-03-01,2024,3,255,131,10119.07,8098.94,194.87,2020.13
SL-0007795,STR-041,CAT-03,2024-03-01,2024,3,282,160,13722.71,8700.48,570.21,5022.23
SL-0007796,STR-041,CAT-04,2024-03-01,2024,3,418,211,15627.78,9926.83,420.46,5700.95
SL-0007797,STR-041,CAT-05,2024-03-01,2024,3,280,241,11208.1,5103.64,561.33,6104.46
SL-0007798,STR-041,CAT-06,2024-03-01,2024,3,229,128,10197.97,7868.57,285.93,2329.4
SL-0007799,STR-041,CAT-07,2024-03-01,2024,3,370,242,5950.42,3365.21,86.5,2585.21
SL-0007800,STR-041,CAT-08,2024-03-01,2024,3,161,74,6099.82,4220.5,96.06,1879.32
SL-0007801,STR-041,CAT-01,2024-04-01,2024,4,243,171,9757.64,5713.4,318.59,4044.24
SL-0007802,STR-041,CAT-02,2024-04-01,2024,4,595,306,6729.94,5579.09,396.77,1150.85
SL-0007803,STR-041,CAT-03,2024-04-01,2024,4,302,177,7746.47,4843.46,379.05,2903.01
SL-0007804,STR-041,CAT-04,2024-04-01,2024,4,467,300,13810.15,9557.39,691.12,4252.76
SL-0007805,STR-041,CAT-05,2024-04-01,2024,4,265,131,10281.93,4459.96,213.23,5821.97
SL-0007806,STR-041,CAT-06,2024-04-01,2024,4,341,221,7967.3,6400.71,296.67,1566.59
SL-0007807,STR-041,CAT-07,2024-04-01,2024,4,225,139,5456.85,3327.18,156.08,2129.67
SL-0007808,STR-041,CAT-08,2024-04-01,2024,4,378,494,9467.52,6245.42,383.09,3222.1
SL-0007809,STR-041,CAT-01,2024-05-01,2024,5,501,234,12183.77,7076.35,180.78,5107.42
SL-0007810,STR-041,CAT-02,2024-05-01,2024,5,425,287,12117.25,9476.18,556.43,2641.07
SL-0007811,STR-041,CAT-03,2024-05-01,2024,5,430,211,16271.0,9730.41,867.7,6540.59
SL-0007812,STR-041,CAT-04,2024-05-01,2024,5,210,122,10352.02,6463.87,282.94,3888.15
SL-0007813,STR-041,CAT-05,2024-05-01,2024,5,352,184,14585.78,6361.72,377.3,8224.06
SL-0007814,STR-041,CAT-06,2024-05-01,2024,5,358,232,13526.67,10219.64,486.53,3307.03
SL-0007815,STR-041,CAT-07,2024-05-01,2024,5,716,377,12136.07,7157.53,340.99,4978.54
SL-0007816,STR-041,CAT-08,2024-05-01,2024,5,825,547,8766.35,5892.54,326.97,2873.81
SL-0007817,STR-041,CAT-01,2024-06-01,2024,6,283,149,9528.24,5575.98,477.88,3952.26
SL-0007818,STR-041,CAT-02,2024-06-01,2024,6,299,147,12548.89,10434.72,357.11,2114.17
SL-0007819,STR-041,CAT-03,2024-06-01,2024,6,328,150,11781.12,7397.82,461.47,4383.3
SL-0007820,STR-041,CAT-04,2024-06-01,2024,6,493,292,20666.88,13681.6,1010.5,6985.28
SL-0007821,STR-041,CAT-05,2024-06-01,2024,6,396,190,12101.69,5585.49,423.4,6516.2
SL-0007822,STR-041,CAT-06,2024-06-01,2024,6,233,135,8272.81,5993.25,233.11,2279.56
SL-0007823,STR-041,CAT-07,2024-06-01,2024,6,264,130,7440.13,4408.37,251.31,3031.76
SL-0007824,STR-041,CAT-08,2024-06-01,2024,6,572,395,11789.55,8250.02,541.32,3539.53
SL-0007825,STR-041,CAT-01,2024-07-01,2024,7,383,205,8715.9,5053.43,232.45,3662.47
SL-0007826,STR-041,CAT-02,2024-07-01,2024,7,275,140,8707.04,7197.76,288.11,1509.28
SL-0007827,STR-041,CAT-03,2024-07-01,2024,7,355,255,9996.78,6016.62,500.34,3980.16
SL-0007828,STR-041,CAT-04,2024-07-01,2024,7,555,284,14345.12,9506.03,849.02,4839.09
SL-0007829,STR-041,CAT-05,2024-07-01,2024,7,284,126,10897.5,4931.51,382.58,5965.99
SL-0007830,STR-041,CAT-06,2024-07-01,2024,7,800,468,12297.8,9634.51,431.6,2663.29
SL-0007831,STR-041,CAT-07,2024-07-01,2024,7,178,133,7371.24,4648.03,184.0,2723.21
SL-0007832,STR-041,CAT-08,2024-07-01,2024,7,416,234,12803.19,8885.83,614.6,3917.36
SL-0007833,STR-041,CAT-01,2024-08-01,2024,8,277,123,10875.44,6368.65,530.11,4506.79
SL-0007834,STR-041,CAT-02,2024-08-01,2024,8,223,113,6306.28,5049.0,177.34,1257.28
SL-0007835,STR-041,CAT-03,2024-08-01,2024,8,420,218,10126.29,6672.88,485.6,3453.41
SL-0007836,STR-041,CAT-04,2024-08-01,2024,8,230,148,8493.86,5342.65,343.95,3151.21
SL-0007837,STR-041,CAT-05,2024-08-01,2024,8,198,130,8537.23,3779.79,267.01,4757.44
SL-0007838,STR-041,CAT-06,2024-08-01,2024,8,802,446,11596.12,9236.76,434.96,2359.36
SL-0007839,STR-041,CAT-07,2024-08-01,2024,8,466,247,10315.31,6468.42,134.55,3846.89
SL-0007840,STR-041,CAT-08,2024-08-01,2024,8,226,102,8269.69,5792.63,104.33,2477.06
SL-0007841,STR-041,CAT-01,2024-09-01,2024,9,448,205,14095.72,8139.81,530.78,5955.91
SL-0007842,STR-041,CAT-02,2024-09-01,2024,9,451,328,10517.12,8150.77,503.99,2366.35
SL-0007843,STR-041,CAT-03,2024-09-01,2024,9,504,270,14500.9,8609.68,753.59,5891.22
SL-0007844,STR-041,CAT-04,2024-09-01,2024,9,620,297,12051.13,7405.28,185.03,4645.85
SL-0007845,STR-041,CAT-05,2024-09-01,2024,9,410,303,15785.78,6751.43,934.69,9034.35
SL-0007846,STR-041,CAT-06,2024-09-01,2024,9,438,242,14745.21,11676.65,362.12,3068.56
SL-0007847,STR-041,CAT-07,2024-09-01,2024,9,533,271,14689.49,8722.45,633.63,5967.04
SL-0007848,STR-041,CAT-08,2024-09-01,2024,9,514,313,10567.52,7378.9,230.52,3188.62
SL-0007849,STR-041,CAT-01,2024-10-01,2024,10,364,208,12418.83,7342.82,458.42,5076.01
SL-0007850,STR-041,CAT-02,2024-10-01,2024,10,536,304,15384.05,13460.39,269.84,1923.66
SL-0007851,STR-041,CAT-03,2024-10-01,2024,10,223,135,6706.17,4011.16,168.22,2695.01
SL-0007852,STR-041,CAT-04,2024-10-01,2024,10,327,172,8210.59,5557.85,424.66,2652.74
SL-0007853,STR-041,CAT-05,2024-10-01,2024,10,1087,715,13379.98,5571.13,318.87,7808.85
SL-0007854,STR-041,CAT-06,2024-10-01,2024,10,310,179,11176.56,8992.28,114.46,2184.28
SL-0007855,STR-041,CAT-07,2024-10-01,2024,10,510,260,14695.35,9109.32,694.17,5586.03
SL-0007856,STR-041,CAT-08,2024-10-01,2024,10,407,297,13810.69,9410.94,585.07,4399.75
SL-0007857,STR-041,CAT-01,2024-11-01,2024,11,324,313,8312.49,4543.75,442.62,3768.74
SL-0007858,STR-041,CAT-02,2024-11-01,2024,11,456,286,8230.08,7316.18,317.79,913.9
SL-0007859,STR-041,CAT-03,2024-11-01,2024,11,277,170,7223.43,4210.1,102.89,3013.33
SL-0007860,STR-041,CAT-04,2024-11-01,2024,11,181,82,3262.98,2145.24,60.84,1117.74
SL-0007861,STR-041,CAT-05,2024-11-01,2024,11,204,124,7008.99,3107.05,197.28,3901.94
SL-0007862,STR-041,CAT-06,2024-11-01,2024,11,305,182,9091.17,6965.71,282.43,2125.46
SL-0007863,STR-041,CAT-07,2024-11-01,2024,11,162,95,6507.32,3852.34,324.6,2654.98
SL-0007864,STR-041,CAT-08,2024-11-01,2024,11,240,121,8970.57,6222.13,144.06,2748.44
SL-0007865,STR-041,CAT-01,2024-12-01,2024,12,685,287,13929.34,8337.91,830.84,5591.43
SL-0007866,STR-041,CAT-02,2024-12-01,2024,12,1054,750,26674.58,21263.64,748.36,5410.94
SL-0007867,STR-041,CAT-03,2024-12-01,2024,12,2254,1542,21039.96,13047.22,291.36,7992.74
SL-0007868,STR-041,CAT-04,2024-12-01,2024,12,382,185,13216.21,8879.12,459.67,4337.09
SL-0007869,STR-041,CAT-05,2024-12-01,2024,12,976,1055,22479.12,10090.53,301.3,12388.59
SL-0007870,STR-041,CAT-06,2024-12-01,2024,12,734,366,14460.52,11140.58,785.89,3319.94
SL-0007871,STR-041,CAT-07,2024-12-01,2024,12,1129,706,41319.07,24871.53,1745.24,16447.54
SL-0007872,STR-041,CAT-08,2024-12-01,2024,12,989,498,25229.44,18322.69,1480.95,6906.75
SL-0007873,STR-042,CAT-01,2023-01-01,2023,1,1047,518,33689.39,19624.04,732.82,14065.35
SL-0007874,STR-042,CAT-02,2023-01-01,2023,1,519,245,16911.76,14510.79,865.19,2400.97
SL-0007875,STR-042,CAT-03,2023-01-01,2023,1,1555,953,33125.95,19601.04,912.15,13524.91
SL-0007876,STR-042,CAT-04,2023-01-01,2023,1,726,380,21694.6,14044.41,657.69,7650.19
SL-0007877,STR-042,CAT-05,2023-01-01,2023,1,978,633,26884.37,11818.31,1532.69,15066.06
SL-0007878,STR-042,CAT-06,2023-01-01,2023,1,1337,579,41377.54,32209.62,2161.65,9167.92
SL-0007879,STR-042,CAT-07,2023-01-01,2023,1,973,515,26032.01,16247.94,1448.65,9784.07
SL-0007880,STR-042,CAT-08,2023-01-01,2023,1,865,675,32802.93,23174.66,503.16,9628.27
SL-0007881,STR-042,CAT-01,2023-02-01,2023,2,603,277,19198.87,11668.91,703.7,7529.96
SL-0007882,STR-042,CAT-02,2023-02-01,2023,2,922,374,28036.03,23228.66,1409.86,4807.37
SL-0007883,STR-042,CAT-03,2023-02-01,2023,2,516,323,16647.96,10557.17,763.32,6090.79
SL-0007884,STR-042,CAT-04,2023-02-01,2023,2,728,354,30215.59,19524.55,989.84,10691.04
SL-0007885,STR-042,CAT-05,2023-02-01,2023,2,733,416,24353.77,10886.93,845.63,13466.84
SL-0007886,STR-042,CAT-06,2023-02-01,2023,2,1212,816,31019.25,23310.1,1220.14,7709.15
SL-0007887,STR-042,CAT-07,2023-02-01,2023,2,408,198,13910.51,8445.45,656.32,5465.06
SL-0007888,STR-042,CAT-08,2023-02-01,2023,2,506,272,19514.87,14132.87,1006.37,5382.0
SL-0007889,STR-042,CAT-01,2023-03-01,2023,3,683,352,24774.79,14540.76,313.72,10234.03
SL-0007890,STR-042,CAT-02,2023-03-01,2023,3,624,274,19895.82,15970.13,620.43,3925.69
SL-0007891,STR-042,CAT-03,2023-03-01,2023,3,1319,580,31508.53,18735.31,1860.64,12773.22
SL-0007892,STR-042,CAT-04,2023-03-01,2023,3,1604,962,42510.3,28020.67,838.41,14489.63
SL-0007893,STR-042,CAT-05,2023-03-01,2023,3,722,342,19138.82,8150.79,791.48,10988.03
SL-0007894,STR-042,CAT-06,2023-03-01,2023,3,811,385,35551.06,27580.28,1047.47,7970.78
SL-0007895,STR-042,CAT-07,2023-03-01,2023,3,969,562,26520.53,16022.28,1049.56,10498.25
SL-0007896,STR-042,CAT-08,2023-03-01,2023,3,675,378,24645.59,16420.6,398.47,8224.99
SL-0007897,STR-042,CAT-01,2023-04-01,2023,4,1712,879,38957.23,23051.4,1086.81,15905.83
SL-0007898,STR-042,CAT-02,2023-04-01,2023,4,723,366,23185.78,19119.95,1168.93,4065.83
SL-0007899,STR-042,CAT-03,2023-04-01,2023,4,1298,708,33692.68,21372.22,1710.52,12320.46
SL-0007900,STR-042,CAT-04,2023-04-01,2023,4,1127,933,27514.98,18004.76,343.15,9510.22
SL-0007901,STR-042,CAT-05,2023-04-01,2023,4,2010,856,43622.79,19772.67,1472.4,23850.12
SL-0007902,STR-042,CAT-06,2023-04-01,2023,4,656,421,24350.74,18818.28,863.17,5532.46
SL-0007903,STR-042,CAT-07,2023-04-01,2023,4,1660,741,18304.94,11381.45,543.34,6923.49
SL-0007904,STR-042,CAT-08,2023-04-01,2023,4,538,269,18363.51,13459.48,678.15,4904.03
SL-0007905,STR-042,CAT-01,2023-05-01,2023,5,1976,1107,43627.33,26653.52,490.77,16973.81
SL-0007906,STR-042,CAT-02,2023-05-01,2023,5,1465,774,27245.22,22308.63,1147.66,4936.59
SL-0007907,STR-042,CAT-03,2023-05-01,2023,5,1363,679,32644.68,20807.3,1822.58,11837.38
SL-0007908,STR-042,CAT-04,2023-05-01,2023,5,2278,1187,49495.59,32742.61,764.5,16752.98
SL-0007909,STR-042,CAT-05,2023-05-01,2023,5,885,513,34218.23,15069.31,2042.61,19148.92
SL-0007910,STR-042,CAT-06,2023-05-01,2023,5,722,495,28810.1,21011.55,1352.4,7798.55
SL-0007911,STR-042,CAT-07,2023-05-01,2023,5,913,468,25804.14,15473.32,949.89,10330.82
SL-0007912,STR-042,CAT-08,2023-05-01,2023,5,1205,589,34620.87,26592.38,1526.58,8028.49
SL-0007913,STR-042,CAT-01,2023-06-01,2023,6,694,528,24002.45,14607.03,276.19,9395.42
SL-0007914,STR-042,CAT-02,2023-06-01,2023,6,485,290,20049.2,16442.43,338.35,3606.77
SL-0007915,STR-042,CAT-03,2023-06-01,2023,6,1618,860,26602.8,16444.37,990.24,10158.43
SL-0007916,STR-042,CAT-04,2023-06-01,2023,6,1104,543,32095.39,21298.37,1204.44,10797.02
SL-0007917,STR-042,CAT-05,2023-06-01,2023,6,774,373,19243.55,8616.23,355.15,10627.32
SL-0007918,STR-042,CAT-06,2023-06-01,2023,6,1015,580,19543.6,15338.35,427.78,4205.25
SL-0007919,STR-042,CAT-07,2023-06-01,2023,6,6611,5213,24513.39,14460.28,659.86,10053.11
SL-0007920,STR-042,CAT-08,2023-06-01,2023,6,861,476,23127.7,16711.98,768.77,6415.72
SL-0007921,STR-042,CAT-01,2023-07-01,2023,7,1145,709,28001.82,15736.18,1521.88,12265.64
SL-0007922,STR-042,CAT-02,2023-07-01,2023,7,1361,774,35020.74,28711.67,1988.87,6309.07
SL-0007923,STR-042,CAT-03,2023-07-01,2023,7,1022,544,31219.39,20756.39,1005.88,10463.0
SL-0007924,STR-042,CAT-04,2023-07-01,2023,7,1158,652,39937.23,27605.88,2280.83,12331.35
SL-0007925,STR-042,CAT-05,2023-07-01,2023,7,1191,924,32349.93,14683.27,1554.6,17666.66
SL-0007926,STR-042,CAT-06,2023-07-01,2023,7,1125,585,31720.87,24933.47,1301.7,6787.4
SL-0007927,STR-042,CAT-07,2023-07-01,2023,7,1303,557,25942.38,15584.67,1472.77,10357.71
SL-0007928,STR-042,CAT-08,2023-07-01,2023,7,620,342,20182.02,14574.66,1184.67,5607.36
SL-0007929,STR-042,CAT-01,2023-08-01,2023,8,289,136,9294.52,5465.0,471.83,3829.52
SL-0007930,STR-042,CAT-02,2023-08-01,2023,8,908,492,18368.4,15156.68,812.31,3211.72
SL-0007931,STR-042,CAT-03,2023-08-01,2023,8,210,97,8423.88,5121.55,99.31,3302.33
SL-0007932,STR-042,CAT-04,2023-08-01,2023,8,750,416,12332.41,8093.31,646.44,4239.1
SL-0007933,STR-042,CAT-05,2023-08-01,2023,8,520,295,14315.89,6339.58,342.07,7976.31
SL-0007934,STR-042,CAT-06,2023-08-01,2023,8,733,442,21802.53,17336.25,1044.84,4466.28
SL-0007935,STR-042,CAT-07,2023-08-01,2023,8,804,417,15077.56,8331.38,430.86,6746.18
SL-0007936,STR-042,CAT-08,2023-08-01,2023,8,833,541,12392.86,9215.35,168.48,3177.51
SL-0007937,STR-042,CAT-01,2023-09-01,2023,9,754,472,26693.52,16055.24,1536.25,10638.28
SL-0007938,STR-042,CAT-02,2023-09-01,2023,9,825,534,21637.89,17897.13,1067.47,3740.76
SL-0007939,STR-042,CAT-03,2023-09-01,2023,9,892,367,24357.79,14868.6,782.61,9489.19
SL-0007940,STR-042,CAT-04,2023-09-01,2023,9,948,502,31826.76,19368.48,873.53,12458.28
SL-0007941,STR-042,CAT-05,2023-09-01,2023,9,1215,530,30696.42,13883.05,385.27,16813.37
SL-0007942,STR-042,CAT-06,2023-09-01,2023,9,941,598,23328.09,18076.89,952.57,5251.2
SL-0007943,STR-042,CAT-07,2023-09-01,2023,9,1915,1073,33705.39,20102.78,1866.64,13602.61
SL-0007944,STR-042,CAT-08,2023-09-01,2023,9,965,583,30145.02,20430.63,663.89,9714.39
SL-0007945,STR-042,CAT-01,2023-10-01,2023,10,1967,845,28415.04,16662.33,422.37,11752.71
SL-0007946,STR-042,CAT-02,2023-10-01,2023,10,1148,769,28052.75,22491.06,1238.51,5561.69
SL-0007947,STR-042,CAT-03,2023-10-01,2023,10,729,532,30718.45,19778.54,728.56,10939.91
SL-0007948,STR-042,CAT-04,2023-10-01,2023,10,769,495,17092.96,10703.81,461.25,6389.15
SL-0007949,STR-042,CAT-05,2023-10-01,2023,10,1260,665,41544.36,18442.91,2332.15,23101.45
SL-0007950,STR-042,CAT-06,2023-10-01,2023,10,1264,653,43353.5,33788.2,1295.87,9565.3
SL-0007951,STR-042,CAT-07,2023-10-01,2023,10,2703,1781,40783.93,25439.8,779.93,15344.13
SL-0007952,STR-042,CAT-08,2023-10-01,2023,10,1433,977,38950.41,28002.28,768.86,10948.13
SL-0007953,STR-042,CAT-01,2023-11-01,2023,11,1697,873,51573.68,29087.65,3027.76,22486.03
SL-0007954,STR-042,CAT-02,2023-11-01,2023,11,1735,900,68168.57,56138.19,717.69,12030.38
SL-0007955,STR-042,CAT-03,2023-11-01,2023,11,1014,479,40958.24,25568.29,724.63,15389.95
SL-0007956,STR-042,CAT-04,2023-11-01,2023,11,965,457,30130.53,20003.8,891.87,10126.73
SL-0007957,STR-042,CAT-05,2023-11-01,2023,11,1379,754,27275.85,12223.4,923.44,15052.45
SL-0007958,STR-042,CAT-06,2023-11-01,2023,11,599,351,22853.89,17609.93,594.15,5243.96
SL-0007959,STR-042,CAT-07,2023-11-01,2023,11,1351,684,30066.43,17284.54,904.22,12781.89
SL-0007960,STR-042,CAT-08,2023-11-01,2023,11,857,360,27283.51,19248.1,1121.43,8035.41
SL-0007961,STR-042,CAT-01,2023-12-01,2023,12,565,346,26053.06,15032.27,1454.1,11020.79
SL-0007962,STR-042,CAT-02,2023-12-01,2023,12,1483,689,28210.58,23140.93,1252.08,5069.65
SL-0007963,STR-042,CAT-03,2023-12-01,2023,12,956,958,28419.17,18502.24,961.12,9916.93
SL-0007964,STR-042,CAT-04,2023-12-01,2023,12,962,560,26854.29,18159.27,1329.89,8695.02
SL-0007965,STR-042,CAT-05,2023-12-01,2023,12,1583,780,47252.94,21347.39,2126.33,25905.55
SL-0007966,STR-042,CAT-06,2023-12-01,2023,12,1939,823,38619.49,30698.7,2309.1,7920.79
SL-0007967,STR-042,CAT-07,2023-12-01,2023,12,2784,1790,68293.91,41612.87,2885.83,26681.04
SL-0007968,STR-042,CAT-08,2023-12-01,2023,12,920,619,33945.97,23667.47,1360.34,10278.5
SL-0007969,STR-042,CAT-01,2024-01-01,2024,1,825,361,26650.55,15540.58,434.07,11109.97
SL-0007970,STR-042,CAT-02,2024-01-01,2024,1,628,387,22292.02,18076.52,1235.37,4215.5
SL-0007971,STR-042,CAT-03,2024-01-01,2024,1,621,369,18246.85,11756.44,708.93,6490.41
SL-0007972,STR-042,CAT-04,2024-01-01,2024,1,483,255,17033.6,11140.43,345.35,5893.17
SL-0007973,STR-042,CAT-05,2024-01-01,2024,1,618,249,19684.72,8580.57,1028.38,11104.15
SL-0007974,STR-042,CAT-06,2024-01-01,2024,1,464,236,18564.36,14825.16,456.21,3739.2
SL-0007975,STR-042,CAT-07,2024-01-01,2024,1,603,276,14975.69,8922.39,541.62,6053.3
SL-0007976,STR-042,CAT-08,2024-01-01,2024,1,1261,911,28226.22,20329.18,401.75,7897.04
SL-0007977,STR-042,CAT-01,2024-02-01,2024,2,1398,884,29047.47,18292.57,948.71,10754.9
SL-0007978,STR-042,CAT-02,2024-02-01,2024,2,1991,1233,19216.46,16188.7,975.67,3027.76
SL-0007979,STR-042,CAT-03,2024-02-01,2024,2,696,277,21279.19,13085.76,928.3,8193.43
SL-0007980,STR-042,CAT-04,2024-02-01,2024,2,1006,572,30474.63,20598.9,1463.09,9875.73
SL-0007981,STR-042,CAT-05,2024-02-01,2024,2,495,427,20043.08,9278.46,922.24,10764.62
SL-0007982,STR-042,CAT-06,2024-02-01,2024,2,524,285,20921.39,15972.18,684.2,4949.21
SL-0007983,STR-042,CAT-07,2024-02-01,2024,2,413,282,12319.19,7165.47,428.46,5153.72
SL-0007984,STR-042,CAT-08,2024-02-01,2024,2,328,188,12074.39,8343.42,523.06,3730.97
SL-0007985,STR-042,CAT-01,2024-03-01,2024,3,1242,1048,31140.87,18013.45,1254.62,13127.42
SL-0007986,STR-042,CAT-02,2024-03-01,2024,3,791,454,31388.88,23696.35,563.4,7692.53
SL-0007987,STR-042,CAT-03,2024-03-01,2024,3,761,373,22093.07,14189.73,1025.21,7903.34
SL-0007988,STR-042,CAT-04,2024-03-01,2024,3,661,384,21418.95,14444.84,715.96,6974.11
SL-0007989,STR-042,CAT-05,2024-03-01,2024,3,911,478,27366.04,12263.82,1459.58,15102.22
SL-0007990,STR-042,CAT-06,2024-03-01,2024,3,1186,637,31232.93,25531.11,671.56,5701.82
SL-0007991,STR-042,CAT-07,2024-03-01,2024,3,502,421,18323.15,11251.52,758.8,7071.63
SL-0007992,STR-042,CAT-08,2024-03-01,2024,3,847,346,30168.73,21176.88,1781.03,8991.85
SL-0007993,STR-042,CAT-01,2024-04-01,2024,4,591,270,17923.56,10500.71,819.84,7422.85
SL-0007994,STR-042,CAT-02,2024-04-01,2024,4,1190,619,37425.09,29300.75,804.96,8124.34
SL-0007995,STR-042,CAT-03,2024-04-01,2024,4,663,418,22430.1,13694.24,441.5,8735.86
SL-0007996,STR-042,CAT-04,2024-04-01,2024,4,1558,807,36462.06,24189.5,1273.78,12272.56
SL-0007997,STR-042,CAT-05,2024-04-01,2024,4,493,240,19756.85,8800.05,970.66,10956.8
SL-0007998,STR-042,CAT-06,2024-04-01,2024,4,2308,1027,40001.99,30648.79,2392.35,9353.2
SL-0007999,STR-042,CAT-07,2024-04-01,2024,4,1011,678,32368.89,19208.09,543.43,13160.8
SL-0008000,STR-042,CAT-08,2024-04-01,2024,4,663,384,21026.22,14002.16,661.86,7024.06
SL-0008001,STR-042,CAT-01,2024-05-01,2024,5,1332,659,29621.51,17402.3,1041.98,12219.21
SL-0008002,STR-042,CAT-02,2024-05-01,2024,5,921,429,14315.34,12026.43,632.57,2288.91
SL-0008003,STR-042,CAT-03,2024-05-01,2024,5,662,292,22749.32,14759.77,545.38,7989.55
SL-0008004,STR-042,CAT-04,2024-05-01,2024,5,1852,1067,34505.49,22579.65,1851.85,11925.84
SL-0008005,STR-042,CAT-05,2024-05-01,2024,5,795,415,15068.55,6547.49,655.89,8521.06
SL-0008006,STR-042,CAT-06,2024-05-01,2024,5,405,231,14635.68,12222.84,338.21,2412.84
SL-0008007,STR-042,CAT-07,2024-05-01,2024,5,780,539,14098.62,8671.77,833.28,5426.85
SL-0008008,STR-042,CAT-08,2024-05-01,2024,5,350,237,13416.45,9393.05,154.26,4023.4
SL-0008009,STR-042,CAT-01,2024-06-01,2024,6,1050,549,19535.51,11229.87,994.48,8305.64
SL-0008010,STR-042,CAT-02,2024-06-01,2024,6,2715,1357,32162.69,26116.18,467.9,6046.51
SL-0008011,STR-042,CAT-03,2024-06-01,2024,6,708,380,18543.19,12027.16,1025.18,6516.03
SL-0008012,STR-042,CAT-04,2024-06-01,2024,6,686,379,31134.31,20808.38,383.61,10325.93
SL-0008013,STR-042,CAT-05,2024-06-01,2024,6,618,378,28028.91,12893.77,1205.4,15135.14
SL-0008014,STR-042,CAT-06,2024-06-01,2024,6,951,415,18187.79,14251.12,610.77,3936.67
SL-0008015,STR-042,CAT-07,2024-06-01,2024,6,641,525,20094.0,11757.67,231.35,8336.33
SL-0008016,STR-042,CAT-08,2024-06-01,2024,6,1783,1128,23300.53,15588.41,622.89,7712.12
SL-0008017,STR-042,CAT-01,2024-07-01,2024,7,409,244,21655.19,12664.57,1158.02,8990.62
SL-0008018,STR-042,CAT-02,2024-07-01,2024,7,2924,1224,39017.84,31300.34,1465.76,7717.5
SL-0008019,STR-042,CAT-03,2024-07-01,2024,7,1056,518,32550.42,20188.61,357.03,12361.81
SL-0008020,STR-042,CAT-04,2024-07-01,2024,7,778,323,20097.29,12770.33,562.38,7326.96
SL-0008021,STR-042,CAT-05,2024-07-01,2024,7,1259,625,34744.59,14867.81,709.65,19876.78
SL-0008022,STR-042,CAT-06,2024-07-01,2024,7,703,368,24512.3,18519.96,397.13,5992.34
SL-0008023,STR-042,CAT-07,2024-07-01,2024,7,706,377,19382.38,11040.36,369.13,8342.02
SL-0008024,STR-042,CAT-08,2024-07-01,2024,7,1221,622,41326.38,29053.74,1593.41,12272.64
SL-0008025,STR-042,CAT-01,2024-08-01,2024,8,695,498,19047.85,11124.62,702.19,7923.23
SL-0008026,STR-042,CAT-02,2024-08-01,2024,8,664,422,15269.47,12465.85,485.14,2803.62
SL-0008027,STR-042,CAT-03,2024-08-01,2024,8,958,394,37181.77,23355.38,2037.8,13826.39
SL-0008028,STR-042,CAT-04,2024-08-01,2024,8,1445,581,31209.7,20826.59,1855.96,10383.11
SL-0008029,STR-042,CAT-05,2024-08-01,2024,8,702,430,23097.6,10683.37,1071.73,12414.23
SL-0008030,STR-042,CAT-06,2024-08-01,2024,8,735,428,19096.29,15173.18,386.45,3923.11
SL-0008031,STR-042,CAT-07,2024-08-01,2024,8,1213,538,31316.4,19039.46,1017.71,12276.94
SL-0008032,STR-042,CAT-08,2024-08-01,2024,8,932,550,28026.47,19924.25,1238.21,8102.22
SL-0008033,STR-042,CAT-01,2024-09-01,2024,9,1757,1182,36813.59,21017.58,980.23,15796.01
SL-0008034,STR-042,CAT-02,2024-09-01,2024,9,760,442,28419.83,24398.7,1265.0,4021.13
SL-0008035,STR-042,CAT-03,2024-09-01,2024,9,783,410,19976.71,12846.27,515.3,7130.44
SL-0008036,STR-042,CAT-04,2024-09-01,2024,9,1056,616,19118.21,12560.63,546.1,6557.58
SL-0008037,STR-042,CAT-05,2024-09-01,2024,9,473,219,17716.82,7545.64,1046.97,10171.18
SL-0008038,STR-042,CAT-06,2024-09-01,2024,9,1310,667,21430.78,17276.04,444.87,4154.74
SL-0008039,STR-042,CAT-07,2024-09-01,2024,9,863,534,31501.43,18334.44,798.24,13166.99
SL-0008040,STR-042,CAT-08,2024-09-01,2024,9,1168,684,32930.58,22042.6,584.06,10887.98
SL-0008041,STR-042,CAT-01,2024-10-01,2024,10,357,140,13287.22,7749.39,666.03,5537.83
SL-0008042,STR-042,CAT-02,2024-10-01,2024,10,597,238,17952.79,13463.21,206.37,4489.58
SL-0008043,STR-042,CAT-03,2024-10-01,2024,10,865,464,19240.73,11568.53,345.28,7672.2
SL-0008044,STR-042,CAT-04,2024-10-01,2024,10,1046,521,19751.08,12695.18,655.19,7055.9
SL-0008045,STR-042,CAT-05,2024-10-01,2024,10,675,353,17856.37,7927.39,848.53,9928.98
SL-0008046,STR-042,CAT-06,2024-10-01,2024,10,630,278,20597.55,15903.55,964.82,4694.0
SL-0008047,STR-042,CAT-07,2024-10-01,2024,10,888,390,20671.53,11920.42,1136.68,8751.11
SL-0008048,STR-042,CAT-08,2024-10-01,2024,10,508,263,20279.6,13854.73,1082.89,6424.87
SL-0008049,STR-042,CAT-01,2024-11-01,2024,11,3362,2466,58760.95,33920.15,1562.78,24840.8
SL-0008050,STR-042,CAT-02,2024-11-01,2024,11,1281,669,35707.91,28871.9,1863.95,6836.01
SL-0008051,STR-042,CAT-03,2024-11-01,2024,11,1819,941,49851.63,30134.3,2456.24,19717.33
SL-0008052,STR-042,CAT-04,2024-11-01,2024,11,722,449,24874.52,16343.82,285.66,8530.7
SL-0008053,STR-042,CAT-05,2024-11-01,2024,11,1247,595,34319.9,15166.44,1359.25,19153.46
SL-0008054,STR-042,CAT-06,2024-11-01,2024,11,1391,765,47064.57,35964.38,2449.15,11100.19
SL-0008055,STR-042,CAT-07,2024-11-01,2024,11,2050,1192,70980.04,44597.2,1106.18,26382.84
SL-0008056,STR-042,CAT-08,2024-11-01,2024,11,739,392,26103.48,18570.91,773.07,7532.57
SL-0008057,STR-042,CAT-01,2024-12-01,2024,12,1137,788,22614.78,12702.31,1102.74,9912.47
SL-0008058,STR-042,CAT-02,2024-12-01,2024,12,2043,1304,40385.63,32033.98,994.64,8351.65
SL-0008059,STR-042,CAT-03,2024-12-01,2024,12,1015,397,16093.56,9871.42,259.34,6222.14
SL-0008060,STR-042,CAT-04,2024-12-01,2024,12,530,349,13757.9,9326.93,301.15,4430.97
SL-0008061,STR-042,CAT-05,2024-12-01,2024,12,1356,595,24828.02,11498.58,1115.03,13329.44
SL-0008062,STR-042,CAT-06,2024-12-01,2024,12,741,436,18665.54,14266.45,727.96,4399.09
SL-0008063,STR-042,CAT-07,2024-12-01,2024,12,633,384,21962.97,13421.8,571.59,8541.17
SL-0008064,STR-042,CAT-08,2024-12-01,2024,12,727,450,16481.31,11671.39,868.38,4809.92
SL-0008065,STR-043,CAT-01,2023-01-01,2023,1,620,311,14164.13,7837.28,673.6,6326.85
SL-0008066,STR-043,CAT-02,2023-01-01,2023,1,243,218,9706.23,7976.39,200.84,1729.84
SL-0008067,STR-043,CAT-03,2023-01-01,2023,1,527,335,15381.28,10122.01,323.24,5259.27
SL-0008068,STR-043,CAT-04,2023-01-01,2023,1,425,195,14368.86,9450.56,411.59,4918.3
SL-0008069,STR-043,CAT-05,2023-01-01,2023,1,479,278,10609.28,4970.17,308.56,5639.11
SL-0008070,STR-043,CAT-06,2023-01-01,2023,1,694,383,18466.93,14153.89,513.81,4313.04
SL-0008071,STR-043,CAT-07,2023-01-01,2023,1,278,144,8038.54,4805.06,114.51,3233.48
SL-0008072,STR-043,CAT-08,2023-01-01,2023,1,291,144,11727.57,7955.04,533.98,3772.53
SL-0008073,STR-043,CAT-01,2023-02-01,2023,2,276,117,10196.11,5913.5,482.68,4282.61
SL-0008074,STR-043,CAT-02,2023-02-01,2023,2,371,238,8962.13,7275.94,309.11,1686.19
SL-0008075,STR-043,CAT-03,2023-02-01,2023,2,399,218,14271.71,9163.54,279.84,5108.17
SL-0008076,STR-043,CAT-04,2023-02-01,2023,2,650,365,19419.78,13161.11,356.32,6258.67
SL-0008077,STR-043,CAT-05,2023-02-01,2023,2,824,401,19692.22,9287.51,531.83,10404.71
SL-0008078,STR-043,CAT-06,2023-02-01,2023,2,360,177,10761.3,8246.12,522.21,2515.18
SL-0008079,STR-043,CAT-07,2023-02-01,2023,2,1139,723,14829.29,8760.3,880.5,6068.99
SL-0008080,STR-043,CAT-08,2023-02-01,2023,2,307,127,11735.91,7729.85,399.32,4006.06
SL-0008081,STR-043,CAT-01,2023-03-01,2023,3,818,413,25105.06,14381.12,1110.09,10723.94
SL-0008082,STR-043,CAT-02,2023-03-01,2023,3,935,657,20091.15,16983.86,1173.16,3107.29
SL-0008083,STR-043,CAT-03,2023-03-01,2023,3,789,479,19688.59,12723.85,618.42,6964.74
SL-0008084,STR-043,CAT-04,2023-03-01,2023,3,1292,820,27068.67,16646.27,1103.26,10422.4
SL-0008085,STR-043,CAT-05,2023-03-01,2023,3,405,253,12985.97,5671.18,370.31,7314.79
SL-0008086,STR-043,CAT-06,2023-03-01,2023,3,562,264,21436.69,16584.56,456.15,4852.13
SL-0008087,STR-043,CAT-07,2023-03-01,2023,3,502,266,14547.98,8932.57,146.23,5615.41
SL-0008088,STR-043,CAT-08,2023-03-01,2023,3,324,179,12220.09,8734.04,693.62,3486.05
SL-0008089,STR-043,CAT-01,2023-04-01,2023,4,925,511,20959.55,11301.09,592.11,9658.46
SL-0008090,STR-043,CAT-02,2023-04-01,2023,4,472,287,13861.13,11374.11,329.23,2487.02
SL-0008091,STR-043,CAT-03,2023-04-01,2023,4,577,314,18872.62,11567.83,317.46,7304.79
SL-0008092,STR-043,CAT-04,2023-04-01,2023,4,1425,695,26532.42,17361.36,306.27,9171.06
SL-0008093,STR-043,CAT-05,2023-04-01,2023,4,398,203,18837.89,8611.85,248.67,10226.04
SL-0008094,STR-043,CAT-06,2023-04-01,2023,4,664,517,25652.51,19590.3,337.23,6062.21
SL-0008095,STR-043,CAT-07,2023-04-01,2023,4,330,222,13898.2,8344.36,183.92,5553.84
SL-0008096,STR-043,CAT-08,2023-04-01,2023,4,570,274,11768.01,7918.93,463.27,3849.08
SL-0008097,STR-043,CAT-01,2023-05-01,2023,5,1166,631,24488.79,14393.95,265.2,10094.84
SL-0008098,STR-043,CAT-02,2023-05-01,2023,5,357,152,13980.13,11901.52,192.71,2078.61
SL-0008099,STR-043,CAT-03,2023-05-01,2023,5,929,469,24856.92,15487.73,1109.01,9369.19
SL-0008100,STR-043,CAT-04,2023-05-01,2023,5,718,319,26301.04,17136.84,419.88,9164.2
SL-0008101,STR-043,CAT-05,2023-05-01,2023,5,722,375,17226.9,7480.58,471.52,9746.32
SL-0008102,STR-043,CAT-06,2023-05-01,2023,5,490,272,14791.37,11605.68,637.23,3185.69
SL-0008103,STR-043,CAT-07,2023-05-01,2023,5,990,693,19893.05,12146.32,1049.78,7746.73
SL-0008104,STR-043,CAT-08,2023-05-01,2023,5,584,341,19969.85,14101.36,432.46,5868.49
SL-0008105,STR-043,CAT-01,2023-06-01,2023,6,728,507,14416.1,8354.11,443.13,6061.99
SL-0008106,STR-043,CAT-02,2023-06-01,2023,6,650,341,15546.43,12714.11,181.4,2832.32
SL-0008107,STR-043,CAT-03,2023-06-01,2023,6,719,422,17167.92,11281.47,1023.2,5886.45
SL-0008108,STR-043,CAT-04,2023-06-01,2023,6,916,892,26869.33,17024.34,1548.55,9844.99
SL-0008109,STR-043,CAT-05,2023-06-01,2023,6,599,269,14953.32,6764.8,179.09,8188.52
SL-0008110,STR-043,CAT-06,2023-06-01,2023,6,517,270,12745.65,9860.59,547.9,2885.06
SL-0008111,STR-043,CAT-07,2023-06-01,2023,6,361,175,8331.59,5039.16,403.82,3292.43
SL-0008112,STR-043,CAT-08,2023-06-01,2023,6,649,424,11796.26,8271.52,246.94,3524.74
SL-0008113,STR-043,CAT-01,2023-07-01,2023,7,800,375,19533.1,11013.1,262.74,8520.0
SL-0008114,STR-043,CAT-02,2023-07-01,2023,7,488,250,18608.15,14930.02,549.02,3678.13
SL-0008115,STR-043,CAT-03,2023-07-01,2023,7,1046,616,17640.43,11323.74,1049.76,6316.69
SL-0008116,STR-043,CAT-04,2023-07-01,2023,7,364,181,12016.88,7473.35,338.47,4543.53
SL-0008117,STR-043,CAT-05,2023-07-01,2023,7,915,417,17881.03,8026.87,976.54,9854.16
SL-0008118,STR-043,CAT-06,2023-07-01,2023,7,254,148,10804.24,8106.47,325.83,2697.77
SL-0008119,STR-043,CAT-07,2023-07-01,2023,7,280,232,11453.33,6862.85,433.15,4590.48
SL-0008120,STR-043,CAT-08,2023-07-01,2023,7,411,349,13018.71,9362.53,429.56,3656.18
SL-0008121,STR-043,CAT-01,2023-08-01,2023,8,643,370,12686.35,7610.31,470.15,5076.04
SL-0008122,STR-043,CAT-02,2023-08-01,2023,8,737,333,15487.86,11824.05,637.61,3663.81
SL-0008123,STR-043,CAT-03,2023-08-01,2023,8,827,481,18469.97,11364.69,301.05,7105.28
SL-0008124,STR-043,CAT-04,2023-08-01,2023,8,996,436,9223.04,5807.98,295.92,3415.06
SL-0008125,STR-043,CAT-05,2023-08-01,2023,8,442,184,19352.35,8722.05,939.45,10630.3
SL-0008126,STR-043,CAT-06,2023-08-01,2023,8,516,259,11976.59,9207.27,207.64,2769.32
SL-0008127,STR-043,CAT-07,2023-08-01,2023,8,319,142,13391.26,8066.61,387.9,5324.65
SL-0008128,STR-043,CAT-08,2023-08-01,2023,8,433,214,12979.19,8751.67,219.57,4227.52
SL-0008129,STR-043,CAT-01,2023-09-01,2023,9,1230,774,24340.2,13963.5,683.83,10376.7
SL-0008130,STR-043,CAT-02,2023-09-01,2023,9,720,299,23408.41,19820.45,1228.27,3587.96
SL-0008131,STR-043,CAT-03,2023-09-01,2023,9,2457,1414,18633.2,12021.0,454.48,6612.2
SL-0008132,STR-043,CAT-04,2023-09-01,2023,9,808,406,21606.12,14134.36,867.26,7471.76
SL-0008133,STR-043,CAT-05,2023-09-01,2023,9,723,378,23988.46,10976.85,1178.37,13011.61
SL-0008134,STR-043,CAT-06,2023-09-01,2023,9,610,300,17140.84,13125.57,784.11,4015.27
SL-0008135,STR-043,CAT-07,2023-09-01,2023,9,627,338,15128.32,9252.01,636.64,5876.31
SL-0008136,STR-043,CAT-08,2023-09-01,2023,9,365,202,12365.58,8215.48,244.36,4150.1
SL-0008137,STR-043,CAT-01,2023-10-01,2023,10,499,309,19032.27,11453.6,271.93,7578.67
SL-0008138,STR-043,CAT-02,2023-10-01,2023,10,710,423,17682.52,14389.44,1024.77,3293.08
SL-0008139,STR-043,CAT-03,2023-10-01,2023,10,922,568,18202.18,11378.18,493.41,6824.0
SL-0008140,STR-043,CAT-04,2023-10-01,2023,10,357,209,11493.99,7667.01,446.58,3826.98
SL-0008141,STR-043,CAT-05,2023-10-01,2023,10,974,484,22258.1,10479.51,702.36,11778.59
SL-0008142,STR-043,CAT-06,2023-10-01,2023,10,710,414,22107.39,17079.4,1133.91,5027.99
SL-0008143,STR-043,CAT-07,2023-10-01,2023,10,733,470,22817.26,14422.33,814.58,8394.93
SL-0008144,STR-043,CAT-08,2023-10-01,2023,10,477,204,11752.55,8054.38,337.58,3698.17
SL-0008145,STR-043,CAT-01,2023-11-01,2023,11,475,234,16657.97,10026.61,182.27,6631.36
SL-0008146,STR-043,CAT-02,2023-11-01,2023,11,904,603,22434.34,18476.22,291.87,3958.12
SL-0008147,STR-043,CAT-03,2023-11-01,2023,11,848,854,11878.0,7282.28,214.31,4595.72
SL-0008148,STR-043,CAT-04,2023-11-01,2023,11,2520,1235,17433.25,11219.44,889.76,6213.81
SL-0008149,STR-043,CAT-05,2023-11-01,2023,11,703,371,21904.91,10061.08,1061.86,11843.83
SL-0008150,STR-043,CAT-06,2023-11-01,2023,11,594,301,19160.81,14676.69,746.06,4484.12
SL-0008151,STR-043,CAT-07,2023-11-01,2023,11,1328,896,31170.62,19738.15,1546.08,11432.47
SL-0008152,STR-043,CAT-08,2023-11-01,2023,11,734,432,13685.73,9528.53,159.97,4157.2
SL-0008153,STR-043,CAT-01,2023-12-01,2023,12,1017,485,22854.72,13344.14,1249.0,9510.58
SL-0008154,STR-043,CAT-02,2023-12-01,2023,12,565,468,20817.82,17595.44,1039.16,3222.38
SL-0008155,STR-043,CAT-03,2023-12-01,2023,12,1056,758,26710.96,15899.41,1153.74,10811.55
SL-0008156,STR-043,CAT-04,2023-12-01,2023,12,322,180,11359.72,7312.62,304.23,4047.1
SL-0008157,STR-043,CAT-05,2023-12-01,2023,12,989,613,24080.15,10627.95,580.53,13452.2
SL-0008158,STR-043,CAT-06,2023-12-01,2023,12,420,336,13722.27,10086.4,333.02,3635.87
SL-0008159,STR-043,CAT-07,2023-12-01,2023,12,565,322,20686.42,12196.57,1173.21,8489.85
SL-0008160,STR-043,CAT-08,2023-12-01,2023,12,510,231,14210.35,9458.23,840.55,4752.12
SL-0008161,STR-043,CAT-01,2024-01-01,2024,1,951,511,20231.04,11629.93,362.6,8601.11
SL-0008162,STR-043,CAT-02,2024-01-01,2024,1,710,308,18780.64,14885.81,365.29,3894.83
SL-0008163,STR-043,CAT-03,2024-01-01,2024,1,363,178,12020.39,7205.59,481.84,4814.8
SL-0008164,STR-043,CAT-04,2024-01-01,2024,1,348,285,12552.65,8224.85,629.79,4327.8
SL-0008165,STR-043,CAT-05,2024-01-01,2024,1,2000,1257,22234.56,9947.1,241.63,12287.46
SL-0008166,STR-043,CAT-06,2024-01-01,2024,1,1578,890,27108.36,20859.07,1251.13,6249.29
SL-0008167,STR-043,CAT-07,2024-01-01,2024,1,262,126,11109.53,6746.33,195.07,4363.2
SL-0008168,STR-043,CAT-08,2024-01-01,2024,1,671,364,19242.53,13508.81,1118.67,5733.72
SL-0008169,STR-043,CAT-01,2024-02-01,2024,2,968,481,23721.36,13912.89,384.29,9808.47
SL-0008170,STR-043,CAT-02,2024-02-01,2024,2,249,147,10688.65,8348.83,126.06,2339.82
SL-0008171,STR-043,CAT-03,2024-02-01,2024,2,619,309,20630.47,12800.99,233.12,7829.48
SL-0008172,STR-043,CAT-04,2024-02-01,2024,2,716,597,14706.41,9466.16,255.46,5240.25
SL-0008173,STR-043,CAT-05,2024-02-01,2024,2,474,297,14212.72,6666.02,488.34,7546.7
SL-0008174,STR-043,CAT-06,2024-02-01,2024,2,325,173,11429.19,9026.39,311.92,2402.8
SL-0008175,STR-043,CAT-07,2024-02-01,2024,2,599,334,13213.69,7829.27,448.5,5384.42
SL-0008176,STR-043,CAT-08,2024-02-01,2024,2,495,256,17572.85,12470.74,270.09,5102.11
SL-0008177,STR-043,CAT-01,2024-03-01,2024,3,682,693,21207.89,11242.06,1086.61,9965.83
SL-0008178,STR-043,CAT-02,2024-03-01,2024,3,482,237,17509.54,14370.78,395.01,3138.76
SL-0008179,STR-043,CAT-03,2024-03-01,2024,3,671,432,23299.4,14725.48,618.56,8573.92
SL-0008180,STR-043,CAT-04,2024-03-01,2024,3,597,324,15596.6,9792.77,446.99,5803.83
SL-0008181,STR-043,CAT-05,2024-03-01,2024,3,489,294,12611.3,5515.81,461.95,7095.49
SL-0008182,STR-043,CAT-06,2024-03-01,2024,3,731,437,16030.66,12641.16,771.08,3389.5
SL-0008183,STR-043,CAT-07,2024-03-01,2024,3,416,280,9755.44,5609.33,225.73,4146.11
SL-0008184,STR-043,CAT-08,2024-03-01,2024,3,517,289,11458.68,7930.15,304.63,3528.53
SL-0008185,STR-043,CAT-01,2024-04-01,2024,4,299,136,11493.73,6740.69,520.67,4753.04
SL-0008186,STR-043,CAT-02,2024-04-01,2024,4,348,277,11851.96,9663.62,672.23,2188.34
SL-0008187,STR-043,CAT-03,2024-04-01,2024,4,780,397,20822.88,13191.06,1181.04,7631.82
SL-0008188,STR-043,CAT-04,2024-04-01,2024,4,268,150,11755.61,7600.84,637.45,4154.77
SL-0008189,STR-043,CAT-05,2024-04-01,2024,4,381,179,12695.45,5864.44,164.03,6831.01
SL-0008190,STR-043,CAT-06,2024-04-01,2024,4,596,337,16078.72,12876.26,847.65,3202.46
SL-0008191,STR-043,CAT-07,2024-04-01,2024,4,401,207,10985.45,6320.63,228.39,4664.82
SL-0008192,STR-043,CAT-08,2024-04-01,2024,4,487,258,13318.22,9369.76,600.79,3948.46
SL-0008193,STR-043,CAT-01,2024-05-01,2024,5,1363,928,23311.95,13782.43,550.84,9529.52
SL-0008194,STR-043,CAT-02,2024-05-01,2024,5,684,295,15295.49,12195.76,176.8,3099.73
SL-0008195,STR-043,CAT-03,2024-05-01,2024,5,310,207,11885.2,7222.98,284.54,4662.22
SL-0008196,STR-043,CAT-04,2024-05-01,2024,5,597,345,18451.26,12256.48,807.48,6194.78
SL-0008197,STR-043,CAT-05,2024-05-01,2024,5,1208,513,17915.55,8129.63,560.85,9785.92
SL-0008198,STR-043,CAT-06,2024-05-01,2024,5,915,533,22413.1,18481.26,680.22,3931.84
SL-0008199,STR-043,CAT-07,2024-05-01,2024,5,594,341,11393.61,6630.05,495.93,4763.56
SL-0008200,STR-043,CAT-08,2024-05-01,2024,5,471,276,16505.84,11565.44,437.72,4940.4
SL-0008201,STR-043,CAT-01,2024-06-01,2024,6,567,341,15487.01,8956.66,282.91,6530.35
SL-0008202,STR-043,CAT-02,2024-06-01,2024,6,356,174,14207.92,11921.73,608.43,2286.19
SL-0008203,STR-043,CAT-03,2024-06-01,2024,6,366,181,7553.08,4612.76,358.66,2940.32
SL-0008204,STR-043,CAT-04,2024-06-01,2024,6,891,370,12143.07,7727.42,675.61,4415.65
SL-0008205,STR-043,CAT-05,2024-06-01,2024,6,839,332,10195.66,4706.55,362.12,5489.11
SL-0008206,STR-043,CAT-06,2024-06-01,2024,6,771,423,19656.35,16106.16,546.04,3550.19
SL-0008207,STR-043,CAT-07,2024-06-01,2024,6,904,540,15639.21,9788.29,368.09,5850.92
SL-0008208,STR-043,CAT-08,2024-06-01,2024,6,601,343,15826.14,11742.01,556.48,4084.13
SL-0008209,STR-043,CAT-01,2024-07-01,2024,7,721,449,23892.31,13804.14,1159.34,10088.17
SL-0008210,STR-043,CAT-02,2024-07-01,2024,7,446,481,14450.85,12174.72,618.1,2276.13
SL-0008211,STR-043,CAT-03,2024-07-01,2024,7,250,147,10007.35,6009.81,467.39,3997.54
SL-0008212,STR-043,CAT-04,2024-07-01,2024,7,829,484,15993.67,10599.68,812.32,5393.99
SL-0008213,STR-043,CAT-05,2024-07-01,2024,7,516,284,12577.6,5474.48,212.58,7103.12
SL-0008214,STR-043,CAT-06,2024-07-01,2024,7,396,216,17253.82,12068.04,1012.72,5185.78
SL-0008215,STR-043,CAT-07,2024-07-01,2024,7,830,402,17949.74,10686.11,768.06,7263.63
SL-0008216,STR-043,CAT-08,2024-07-01,2024,7,734,392,19195.52,13488.59,694.64,5706.93
SL-0008217,STR-043,CAT-01,2024-08-01,2024,8,920,418,19341.29,11785.66,495.91,7555.63
SL-0008218,STR-043,CAT-02,2024-08-01,2024,8,608,301,19627.98,16864.87,860.06,2763.11
SL-0008219,STR-043,CAT-03,2024-08-01,2024,8,434,255,16965.61,10337.68,822.04,6627.93
SL-0008220,STR-043,CAT-04,2024-08-01,2024,8,1588,928,23885.4,16218.45,1148.51,7666.95
SL-0008221,STR-043,CAT-05,2024-08-01,2024,8,409,240,17126.05,8078.42,687.32,9047.63
SL-0008222,STR-043,CAT-06,2024-08-01,2024,8,752,575,25671.57,19845.76,371.48,5825.81
SL-0008223,STR-043,CAT-07,2024-08-01,2024,8,1031,496,31887.35,18641.54,455.38,13245.81
SL-0008224,STR-043,CAT-08,2024-08-01,2024,8,946,443,27432.86,19704.99,640.71,7727.87
SL-0008225,STR-043,CAT-01,2024-09-01,2024,9,840,526,14578.69,8753.08,190.17,5825.61
SL-0008226,STR-043,CAT-02,2024-09-01,2024,9,788,458,17559.9,14609.33,666.5,2950.57
SL-0008227,STR-043,CAT-03,2024-09-01,2024,9,473,252,11501.52,7213.56,292.4,4287.96
SL-0008228,STR-043,CAT-04,2024-09-01,2024,9,326,187,11740.53,7581.51,451.98,4159.02
SL-0008229,STR-043,CAT-05,2024-09-01,2024,9,477,289,10969.13,4998.62,287.39,5970.51
SL-0008230,STR-043,CAT-06,2024-09-01,2024,9,312,155,8616.84,7008.81,228.59,1608.03
SL-0008231,STR-043,CAT-07,2024-09-01,2024,9,495,247,12605.77,7292.01,384.11,5313.76
SL-0008232,STR-043,CAT-08,2024-09-01,2024,9,622,353,13495.37,9222.52,293.42,4272.85
SL-0008233,STR-043,CAT-01,2024-10-01,2024,10,735,433,20629.29,12123.42,668.4,8505.87
SL-0008234,STR-043,CAT-02,2024-10-01,2024,10,1141,456,26866.06,22989.19,674.47,3876.87
SL-0008235,STR-043,CAT-03,2024-10-01,2024,10,1158,658,30832.99,19664.46,1839.96,11168.53
SL-0008236,STR-043,CAT-04,2024-10-01,2024,10,2256,1417,29480.62,19463.37,1418.28,10017.25
SL-0008237,STR-043,CAT-05,2024-10-01,2024,10,533,225,22243.49,10150.31,387.77,12093.18
SL-0008238,STR-043,CAT-06,2024-10-01,2024,10,1130,587,29774.92,23951.75,456.51,5823.17
SL-0008239,STR-043,CAT-07,2024-10-01,2024,10,625,317,21651.88,12679.79,1073.05,8972.09
SL-0008240,STR-043,CAT-08,2024-10-01,2024,10,537,305,18867.68,13287.39,991.56,5580.29
SL-0008241,STR-043,CAT-01,2024-11-01,2024,11,585,371,16247.01,9132.57,749.29,7114.44
SL-0008242,STR-043,CAT-02,2024-11-01,2024,11,1115,669,39177.34,31506.59,1589.98,7670.75
SL-0008243,STR-043,CAT-03,2024-11-01,2024,11,884,455,18583.86,11664.6,926.23,6919.26
SL-0008244,STR-043,CAT-04,2024-11-01,2024,11,926,485,16370.46,9950.13,491.9,6420.33
SL-0008245,STR-043,CAT-05,2024-11-01,2024,11,1037,691,25866.89,11178.95,860.01,14687.94
SL-0008246,STR-043,CAT-06,2024-11-01,2024,11,1044,634,34029.46,27096.63,1102.63,6932.83
SL-0008247,STR-043,CAT-07,2024-11-01,2024,11,549,316,21553.42,13382.84,742.36,8170.58
SL-0008248,STR-043,CAT-08,2024-11-01,2024,11,1887,902,24525.79,17377.35,886.21,7148.44
SL-0008249,STR-043,CAT-01,2024-12-01,2024,12,656,404,20699.31,12208.91,500.94,8490.4
SL-0008250,STR-043,CAT-02,2024-12-01,2024,12,2797,1358,33204.45,26541.19,1127.83,6663.26
SL-0008251,STR-043,CAT-03,2024-12-01,2024,12,549,298,15822.68,10197.15,780.72,5625.53
SL-0008252,STR-043,CAT-04,2024-12-01,2024,12,305,275,7588.85,5066.83,170.03,2522.02
SL-0008253,STR-043,CAT-05,2024-12-01,2024,12,788,473,22099.44,9937.84,1161.97,12161.6
SL-0008254,STR-043,CAT-06,2024-12-01,2024,12,623,262,30655.32,22868.82,1210.79,7786.5
SL-0008255,STR-043,CAT-07,2024-12-01,2024,12,1590,810,48129.45,28441.39,2218.04,19688.06
SL-0008256,STR-043,CAT-08,2024-12-01,2024,12,794,451,18753.78,13769.8,335.94,4983.98
SL-0008257,STR-044,CAT-01,2023-01-01,2023,1,547,365,25124.26,14967.86,591.37,10156.4
SL-0008258,STR-044,CAT-02,2023-01-01,2023,1,330,146,15996.64,12493.01,488.39,3503.63
SL-0008259,STR-044,CAT-03,2023-01-01,2023,1,1241,885,24142.36,15232.33,427.89,8910.03
SL-0008260,STR-044,CAT-04,2023-01-01,2023,1,589,312,22558.39,14529.62,1121.8,8028.77
SL-0008261,STR-044,CAT-05,2023-01-01,2023,1,1101,547,19028.05,9168.42,202.97,9859.63
SL-0008262,STR-044,CAT-06,2023-01-01,2023,1,635,456,20013.41,15853.07,554.15,4160.34
SL-0008263,STR-044,CAT-07,2023-01-01,2023,1,566,349,15311.82,9145.62,731.16,6166.2
SL-0008264,STR-044,CAT-08,2023-01-01,2023,1,971,518,22451.51,15059.42,418.69,7392.09
SL-0008265,STR-044,CAT-01,2023-02-01,2023,2,1916,1452,29243.12,16743.13,565.93,12499.99
SL-0008266,STR-044,CAT-02,2023-02-01,2023,2,489,282,12388.36,10655.37,488.04,1732.99
SL-0008267,STR-044,CAT-03,2023-02-01,2023,2,959,473,19322.02,12166.76,1086.08,7155.26
SL-0008268,STR-044,CAT-04,2023-02-01,2023,2,1817,1223,39407.94,25692.43,626.5,13715.51
SL-0008269,STR-044,CAT-05,2023-02-01,2023,2,479,282,18231.65,8130.85,725.4,10100.8
SL-0008270,STR-044,CAT-06,2023-02-01,2023,2,2057,1130,24395.09,19539.79,1229.99,4855.3
SL-0008271,STR-044,CAT-07,2023-02-01,2023,2,317,146,10189.85,6173.43,325.55,4016.42
SL-0008272,STR-044,CAT-08,2023-02-01,2023,2,1160,668,30461.17,20673.78,1186.38,9787.39
SL-0008273,STR-044,CAT-01,2023-03-01,2023,3,1440,687,29553.21,17258.26,785.62,12294.95
SL-0008274,STR-044,CAT-02,2023-03-01,2023,3,599,289,15794.27,11863.48,758.2,3930.79
SL-0008275,STR-044,CAT-03,2023-03-01,2023,3,923,583,26120.91,17032.5,501.68,9088.41
SL-0008276,STR-044,CAT-04,2023-03-01,2023,3,1907,802,37265.18,24154.53,1748.81,13110.65
SL-0008277,STR-044,CAT-05,2023-03-01,2023,3,578,363,22376.34,9777.02,1306.21,12599.32
SL-0008278,STR-044,CAT-06,2023-03-01,2023,3,692,328,23351.81,18547.67,1108.61,4804.14
SL-0008279,STR-044,CAT-07,2023-03-01,2023,3,395,249,15623.2,9069.69,676.82,6553.51
SL-0008280,STR-044,CAT-08,2023-03-01,2023,3,1066,501,17758.45,12815.31,555.61,4943.14
SL-0008281,STR-044,CAT-01,2023-04-01,2023,4,651,398,27373.52,16378.65,468.52,10994.87
SL-0008282,STR-044,CAT-02,2023-04-01,2023,4,651,336,28138.86,22984.29,955.55,5154.57
SL-0008283,STR-044,CAT-03,2023-04-01,2023,4,775,480,18944.5,11862.97,1006.99,7081.53
SL-0008284,STR-044,CAT-04,2023-04-01,2023,4,1139,532,32646.8,21446.34,738.64,11200.46
SL-0008285,STR-044,CAT-05,2023-04-01,2023,4,855,446,24372.91,11155.56,378.41,13217.35
SL-0008286,STR-044,CAT-06,2023-04-01,2023,4,400,200,16730.26,13311.25,768.05,3419.01
SL-0008287,STR-044,CAT-07,2023-04-01,2023,4,496,318,20400.05,11288.42,813.95,9111.63
SL-0008288,STR-044,CAT-08,2023-04-01,2023,4,875,527,29955.55,19649.69,580.19,10305.86
SL-0008289,STR-044,CAT-01,2023-05-01,2023,5,1107,658,31295.94,18690.97,916.72,12604.97
SL-0008290,STR-044,CAT-02,2023-05-01,2023,5,536,267,20149.68,16991.29,1099.89,3158.39
SL-0008291,STR-044,CAT-03,2023-05-01,2023,5,1271,815,29542.19,18446.3,1608.92,11095.89
SL-0008292,STR-044,CAT-04,2023-05-01,2023,5,1177,574,44232.89,29331.5,1812.6,14901.39
SL-0008293,STR-044,CAT-05,2023-05-01,2023,5,1204,695,24201.82,10849.62,303.16,13352.2
SL-0008294,STR-044,CAT-06,2023-05-01,2023,5,1480,989,31930.97,25324.1,1465.68,6606.87
SL-0008295,STR-044,CAT-07,2023-05-01,2023,5,1227,545,24590.03,14288.65,565.18,10301.38
SL-0008296,STR-044,CAT-08,2023-05-01,2023,5,694,336,30905.54,21553.35,848.08,9352.19
SL-0008297,STR-044,CAT-01,2023-06-01,2023,6,860,681,24227.25,13826.74,1117.38,10400.51
SL-0008298,STR-044,CAT-02,2023-06-01,2023,6,623,299,22370.77,18738.51,504.5,3632.26
SL-0008299,STR-044,CAT-03,2023-06-01,2023,6,608,315,23143.95,14325.18,560.08,8818.77
SL-0008300,STR-044,CAT-04,2023-06-01,2023,6,931,415,21028.64,13916.17,1144.71,7112.47
SL-0008301,STR-044,CAT-05,2023-06-01,2023,6,574,255,24347.27,10837.91,476.98,13509.36
SL-0008302,STR-044,CAT-06,2023-06-01,2023,6,981,739,27837.25,22205.46,580.43,5631.79
SL-0008303,STR-044,CAT-07,2023-06-01,2023,6,670,297,27314.26,15659.04,364.74,11655.22
SL-0008304,STR-044,CAT-08,2023-06-01,2023,6,1333,740,19697.28,14500.52,842.18,5196.76
SL-0008305,STR-044,CAT-01,2023-07-01,2023,7,837,484,35229.27,20298.9,1912.61,14930.37
SL-0008306,STR-044,CAT-02,2023-07-01,2023,7,706,466,21271.39,17642.82,467.72,3628.57
SL-0008307,STR-044,CAT-03,2023-07-01,2023,7,1247,662,25909.95,15848.42,1117.23,10061.53
SL-0008308,STR-044,CAT-04,2023-07-01,2023,7,1824,1183,33663.69,22570.99,1934.93,11092.7
SL-0008309,STR-044,CAT-05,2023-07-01,2023,7,1243,637,31917.31,14660.13,1785.36,17257.18
SL-0008310,STR-044,CAT-06,2023-07-01,2023,7,1892,1088,31846.76,24908.27,1463.15,6938.49
SL-0008311,STR-044,CAT-07,2023-07-01,2023,7,783,539,22826.09,13012.25,897.03,9813.84
SL-0008312,STR-044,CAT-08,2023-07-01,2023,7,750,445,21962.96,15542.7,445.4,6420.26
SL-0008313,STR-044,CAT-01,2023-08-01,2023,8,670,287,15489.75,8628.1,527.29,6861.65
SL-0008314,STR-044,CAT-02,2023-08-01,2023,8,595,270,20787.76,17008.87,975.52,3778.89
SL-0008315,STR-044,CAT-03,2023-08-01,2023,8,427,209,14387.97,9008.08,584.38,5379.89
SL-0008316,STR-044,CAT-04,2023-08-01,2023,8,658,456,15907.15,10550.26,267.84,5356.89
SL-0008317,STR-044,CAT-05,2023-08-01,2023,8,1013,535,16125.45,7278.98,188.21,8846.47
SL-0008318,STR-044,CAT-06,2023-08-01,2023,8,711,418,24639.09,19038.25,248.59,5600.84
SL-0008319,STR-044,CAT-07,2023-08-01,2023,8,679,346,16842.68,10133.76,185.18,6708.92
SL-0008320,STR-044,CAT-08,2023-08-01,2023,8,1676,930,23260.25,15297.71,501.14,7962.54
SL-0008321,STR-044,CAT-01,2023-09-01,2023,9,1094,500,30751.42,17597.04,1435.51,13154.38
SL-0008322,STR-044,CAT-02,2023-09-01,2023,9,788,465,18265.89,15040.29,304.83,3225.6
SL-0008323,STR-044,CAT-03,2023-09-01,2023,9,1096,750,22882.23,14521.19,1231.69,8361.04
SL-0008324,STR-044,CAT-04,2023-09-01,2023,9,1640,1090,32779.21,21906.24,1811.44,10872.97
SL-0008325,STR-044,CAT-05,2023-09-01,2023,9,544,360,19831.5,8542.76,1153.36,11288.74
SL-0008326,STR-044,CAT-06,2023-09-01,2023,9,1062,502,34794.56,27932.68,1300.3,6861.88
SL-0008327,STR-044,CAT-07,2023-09-01,2023,9,1039,497,24954.7,15034.17,792.38,9920.53
SL-0008328,STR-044,CAT-08,2023-09-01,2023,9,719,459,21757.13,15711.92,612.5,6045.21
SL-0008329,STR-044,CAT-01,2023-10-01,2023,10,710,396,19795.09,11117.8,472.4,8677.29
SL-0008330,STR-044,CAT-02,2023-10-01,2023,10,1145,741,23504.51,19948.31,727.71,3556.2
SL-0008331,STR-044,CAT-03,2023-10-01,2023,10,1430,705,33330.53,20608.65,1802.76,12721.88
SL-0008332,STR-044,CAT-04,2023-10-01,2023,10,915,593,25882.05,16880.59,1221.12,9001.46
SL-0008333,STR-044,CAT-05,2023-10-01,2023,10,943,401,33370.98,15967.21,1012.95,17403.77
SL-0008334,STR-044,CAT-06,2023-10-01,2023,10,1359,690,39055.77,30028.58,1506.01,9027.19
SL-0008335,STR-044,CAT-07,2023-10-01,2023,10,715,378,29932.63,19005.76,1467.1,10926.87
SL-0008336,STR-044,CAT-08,2023-10-01,2023,10,964,482,22896.19,15371.73,1138.04,7524.46
SL-0008337,STR-044,CAT-01,2023-11-01,2023,11,927,412,38788.48,21875.7,1805.74,16912.78
SL-0008338,STR-044,CAT-02,2023-11-01,2023,11,2258,967,48180.82,38862.47,807.35,9318.35
SL-0008339,STR-044,CAT-03,2023-11-01,2023,11,893,466,24125.53,14374.74,402.47,9750.79
SL-0008340,STR-044,CAT-04,2023-11-01,2023,11,570,271,12183.06,8192.79,269.98,3990.27
SL-0008341,STR-044,CAT-05,2023-11-01,2023,11,942,688,27366.79,12198.02,766.72,15168.77
SL-0008342,STR-044,CAT-06,2023-11-01,2023,11,765,440,20988.02,16330.73,788.17,4657.29
SL-0008343,STR-044,CAT-07,2023-11-01,2023,11,1064,617,25656.5,15589.04,1043.8,10067.46
SL-0008344,STR-044,CAT-08,2023-11-01,2023,11,1088,429,29093.18,20450.65,1573.0,8642.53
SL-0008345,STR-044,CAT-01,2023-12-01,2023,12,670,440,29821.21,17724.89,309.16,12096.32
SL-0008346,STR-044,CAT-02,2023-12-01,2023,12,1677,1011,44768.46,36245.0,1621.49,8523.46
SL-0008347,STR-044,CAT-03,2023-12-01,2023,12,677,357,25861.4,15304.2,1302.95,10557.2
SL-0008348,STR-044,CAT-04,2023-12-01,2023,12,1307,687,27075.52,17355.77,1120.68,9719.75
SL-0008349,STR-044,CAT-05,2023-12-01,2023,12,3720,2112,41650.56,19337.52,1887.28,22313.04
SL-0008350,STR-044,CAT-06,2023-12-01,2023,12,1856,886,43345.04,32877.07,1621.58,10467.97
SL-0008351,STR-044,CAT-07,2023-12-01,2023,12,2522,1787,61291.2,37748.64,1464.64,23542.56
SL-0008352,STR-044,CAT-08,2023-12-01,2023,12,1403,1081,39215.27,28160.2,1202.31,11055.07
SL-0008353,STR-044,CAT-01,2024-01-01,2024,1,1507,888,24040.44,14311.51,289.47,9728.93
SL-0008354,STR-044,CAT-02,2024-01-01,2024,1,423,224,11688.15,9286.28,533.71,2401.87
SL-0008355,STR-044,CAT-03,2024-01-01,2024,1,989,660,19683.97,11752.91,298.89,7931.06
SL-0008356,STR-044,CAT-04,2024-01-01,2024,1,1084,488,25174.0,15443.24,928.44,9730.76
SL-0008357,STR-044,CAT-05,2024-01-01,2024,1,517,348,20938.63,9512.64,1020.23,11425.99
SL-0008358,STR-044,CAT-06,2024-01-01,2024,1,1859,959,24949.77,19580.43,677.88,5369.34
SL-0008359,STR-044,CAT-07,2024-01-01,2024,1,742,582,21820.14,12639.2,924.27,9180.94
SL-0008360,STR-044,CAT-08,2024-01-01,2024,1,1004,558,25252.71,17571.12,1375.12,7681.59
SL-0008361,STR-044,CAT-01,2024-02-01,2024,2,875,652,16772.71,10044.98,341.04,6727.73
SL-0008362,STR-044,CAT-02,2024-02-01,2024,2,1478,795,25117.13,19538.8,1168.13,5578.33
SL-0008363,STR-044,CAT-03,2024-02-01,2024,2,932,395,20286.78,12782.26,488.8,7504.52
SL-0008364,STR-044,CAT-04,2024-02-01,2024,2,684,277,18310.26,12180.73,517.78,6129.53
SL-0008365,STR-044,CAT-05,2024-02-01,2024,2,1192,595,16261.19,7358.29,579.63,8902.9
SL-0008366,STR-044,CAT-06,2024-02-01,2024,2,787,423,31486.92,24012.8,518.9,7474.12
SL-0008367,STR-044,CAT-07,2024-02-01,2024,2,498,256,16136.8,9877.4,630.45,6259.4
SL-0008368,STR-044,CAT-08,2024-02-01,2024,2,464,272,16333.96,11651.1,928.31,4682.86
SL-0008369,STR-044,CAT-01,2024-03-01,2024,3,862,453,16149.5,9414.59,924.02,6734.91
SL-0008370,STR-044,CAT-02,2024-03-01,2024,3,603,352,10034.01,8072.32,276.94,1961.69
SL-0008371,STR-044,CAT-03,2024-03-01,2024,3,837,424,23426.2,15769.79,1274.24,7656.41
SL-0008372,STR-044,CAT-04,2024-03-01,2024,3,777,514,28414.84,18151.95,605.62,10262.89
SL-0008373,STR-044,CAT-05,2024-03-01,2024,3,661,336,28884.0,12784.6,381.79,16099.4
SL-0008374,STR-044,CAT-06,2024-03-01,2024,3,430,237,17647.55,13810.95,829.27,3836.6
SL-0008375,STR-044,CAT-07,2024-03-01,2024,3,711,497,17252.54,10478.62,878.46,6773.92
SL-0008376,STR-044,CAT-08,2024-03-01,2024,3,1441,703,25360.45,18107.46,653.33,7252.99
SL-0008377,STR-044,CAT-01,2024-04-01,2024,4,512,298,16385.22,9674.81,542.89,6710.41
SL-0008378,STR-044,CAT-02,2024-04-01,2024,4,877,455,18647.84,15462.85,909.42,3184.99
SL-0008379,STR-044,CAT-03,2024-04-01,2024,4,1503,724,29098.23,17379.76,563.05,11718.47
SL-0008380,STR-044,CAT-04,2024-04-01,2024,4,837,411,25099.88,16622.35,1137.24,8477.53
SL-0008381,STR-044,CAT-05,2024-04-01,2024,4,419,238,13606.59,6059.23,771.1,7547.36
SL-0008382,STR-044,CAT-06,2024-04-01,2024,4,747,420,26568.66,19580.65,303.65,6988.01
SL-0008383,STR-044,CAT-07,2024-04-01,2024,4,749,302,18007.95,10958.36,889.41,7049.59
SL-0008384,STR-044,CAT-08,2024-04-01,2024,4,517,230,18396.76,13271.48,995.4,5125.28
SL-0008385,STR-044,CAT-01,2024-05-01,2024,5,824,491,24434.35,14471.62,511.36,9962.73
SL-0008386,STR-044,CAT-02,2024-05-01,2024,5,563,293,21853.41,18086.35,389.5,3767.06
SL-0008387,STR-044,CAT-03,2024-05-01,2024,5,381,181,18966.84,11839.3,799.17,7127.54
SL-0008388,STR-044,CAT-04,2024-05-01,2024,5,1039,475,32025.84,20016.22,1388.57,12009.62
SL-0008389,STR-044,CAT-05,2024-05-01,2024,5,871,656,28698.35,12841.36,1553.34,15856.99
SL-0008390,STR-044,CAT-06,2024-05-01,2024,5,2001,1200,27966.14,21660.83,1593.08,6305.31
SL-0008391,STR-044,CAT-07,2024-05-01,2024,5,430,187,14397.92,8648.25,195.24,5749.67
SL-0008392,STR-044,CAT-08,2024-05-01,2024,5,467,278,17163.14,12406.15,206.55,4756.99
SL-0008393,STR-044,CAT-01,2024-06-01,2024,6,733,609,26172.32,15279.79,544.61,10892.53
SL-0008394,STR-044,CAT-02,2024-06-01,2024,6,941,526,33188.79,27305.08,691.0,5883.71
SL-0008395,STR-044,CAT-03,2024-06-01,2024,6,1028,673,19596.56,12332.27,793.5,7264.29
SL-0008396,STR-044,CAT-04,2024-06-01,2024,6,1575,1039,32376.28,19809.84,1927.89,12566.44
SL-0008397,STR-044,CAT-05,2024-06-01,2024,6,443,222,15383.66,6645.63,373.36,8738.03
SL-0008398,STR-044,CAT-06,2024-06-01,2024,6,707,323,29467.59,23447.15,1176.18,6020.44
SL-0008399,STR-044,CAT-07,2024-06-01,2024,6,1087,609,21941.99,13634.35,698.07,8307.64
SL-0008400,STR-044,CAT-08,2024-06-01,2024,6,737,451,26011.83,18562.81,1039.65,7449.02
SL-0008401,STR-044,CAT-01,2024-07-01,2024,7,515,398,20985.67,11919.62,238.62,9066.05
SL-0008402,STR-044,CAT-02,2024-07-01,2024,7,368,169,14274.52,10956.8,444.02,3317.72
SL-0008403,STR-044,CAT-03,2024-07-01,2024,7,398,205,14107.76,8857.12,250.55,5250.64
SL-0008404,STR-044,CAT-04,2024-07-01,2024,7,840,475,21654.08,14553.83,1075.07,7100.25
SL-0008405,STR-044,CAT-05,2024-07-01,2024,7,595,337,18541.15,8388.85,981.03,10152.3
SL-0008406,STR-044,CAT-06,2024-07-01,2024,7,1037,627,19920.06,16030.23,876.49,3889.83
SL-0008407,STR-044,CAT-07,2024-07-01,2024,7,600,406,18055.19,10827.13,431.79,7228.06
SL-0008408,STR-044,CAT-08,2024-07-01,2024,7,1296,756,22980.91,16467.54,377.42,6513.37
SL-0008409,STR-044,CAT-01,2024-08-01,2024,8,379,229,15151.45,8338.37,651.46,6813.08
SL-0008410,STR-044,CAT-02,2024-08-01,2024,8,689,361,14587.65,12207.24,603.71,2380.41
SL-0008411,STR-044,CAT-03,2024-08-01,2024,8,376,351,12062.5,7376.14,273.82,4686.36
SL-0008412,STR-044,CAT-04,2024-08-01,2024,8,908,495,19469.02,12770.29,563.62,6698.73
SL-0008413,STR-044,CAT-05,2024-08-01,2024,8,574,242,21302.57,9145.72,446.38,12156.85
SL-0008414,STR-044,CAT-06,2024-08-01,2024,8,650,399,17311.61,13409.71,891.5,3901.9
SL-0008415,STR-044,CAT-07,2024-08-01,2024,8,489,342,14329.58,8594.81,509.0,5734.77
SL-0008416,STR-044,CAT-08,2024-08-01,2024,8,675,422,14591.57,10621.18,499.56,3970.39
SL-0008417,STR-044,CAT-01,2024-09-01,2024,9,654,571,19482.18,11562.37,663.93,7919.81
SL-0008418,STR-044,CAT-02,2024-09-01,2024,9,328,211,13650.02,11336.75,183.6,2313.27
SL-0008419,STR-044,CAT-03,2024-09-01,2024,9,412,234,15383.31,9524.55,240.05,5858.76
SL-0008420,STR-044,CAT-04,2024-09-01,2024,9,920,525,21253.53,13478.5,463.58,7775.03
SL-0008421,STR-044,CAT-05,2024-09-01,2024,9,1096,515,26944.96,12187.2,1127.65,14757.76
SL-0008422,STR-044,CAT-06,2024-09-01,2024,9,983,640,24828.17,19903.69,972.22,4924.48
SL-0008423,STR-044,CAT-07,2024-09-01,2024,9,537,269,17321.31,10576.66,1026.06,6744.65
SL-0008424,STR-044,CAT-08,2024-09-01,2024,9,533,289,15216.95,10266.51,368.79,4950.44
SL-0008425,STR-044,CAT-01,2024-10-01,2024,10,1761,825,29859.63,16757.49,541.71,13102.14
SL-0008426,STR-044,CAT-02,2024-10-01,2024,10,886,572,29962.34,25099.75,1520.48,4862.59
SL-0008427,STR-044,CAT-03,2024-10-01,2024,10,917,528,31424.73,19804.35,532.63,11620.38
SL-0008428,STR-044,CAT-04,2024-10-01,2024,10,874,431,28635.54,18039.66,302.93,10595.88
SL-0008429,STR-044,CAT-05,2024-10-01,2024,10,468,216,19459.59,9006.18,1048.15,10453.41
SL-0008430,STR-044,CAT-06,2024-10-01,2024,10,603,348,16197.92,12921.23,701.88,3276.69
SL-0008431,STR-044,CAT-07,2024-10-01,2024,10,848,375,30299.25,17966.81,1004.13,12332.44
SL-0008432,STR-044,CAT-08,2024-10-01,2024,10,1994,1015,34154.22,24204.25,1228.84,9949.97
SL-0008433,STR-044,CAT-01,2024-11-01,2024,11,789,353,21240.1,12345.57,1037.62,8894.53
SL-0008434,STR-044,CAT-02,2024-11-01,2024,11,1119,620,31867.55,27159.32,1582.08,4708.23
SL-0008435,STR-044,CAT-03,2024-11-01,2024,11,1599,778,34783.45,21791.35,1120.48,12992.1
SL-0008436,STR-044,CAT-04,2024-11-01,2024,11,816,420,26712.42,17641.7,1472.94,9070.72
SL-0008437,STR-044,CAT-05,2024-11-01,2024,11,749,353,20715.85,8806.92,1034.95,11908.93
SL-0008438,STR-044,CAT-06,2024-11-01,2024,11,691,360,18344.4,14623.08,372.69,3721.32
SL-0008439,STR-044,CAT-07,2024-11-01,2024,11,1081,700,41358.28,24235.22,770.5,17123.06
SL-0008440,STR-044,CAT-08,2024-11-01,2024,11,894,403,33833.73,23693.64,893.01,10140.09
SL-0008441,STR-044,CAT-01,2024-12-01,2024,12,2941,1796,47175.1,26958.34,2513.33,20216.76
SL-0008442,STR-044,CAT-02,2024-12-01,2024,12,2889,1385,41233.36,33243.65,2414.57,7989.71
SL-0008443,STR-044,CAT-03,2024-12-01,2024,12,979,567,37448.31,24652.24,1598.62,12796.07
SL-0008444,STR-044,CAT-04,2024-12-01,2024,12,610,319,20050.08,13306.06,1141.44,6744.02
SL-0008445,STR-044,CAT-05,2024-12-01,2024,12,1242,749,34111.54,15307.58,1381.52,18803.96
SL-0008446,STR-044,CAT-06,2024-12-01,2024,12,952,594,30227.72,22532.88,712.34,7694.84
SL-0008447,STR-044,CAT-07,2024-12-01,2024,12,1900,1119,52354.01,32652.84,667.95,19701.17
SL-0008448,STR-044,CAT-08,2024-12-01,2024,12,2009,1010,47571.54,33563.18,1874.67,14008.36
SL-0008449,STR-045,CAT-01,2023-01-01,2023,1,463,225,14982.87,9149.14,486.27,5833.73
SL-0008450,STR-045,CAT-02,2023-01-01,2023,1,722,427,22815.74,20838.76,453.94,1976.98
SL-0008451,STR-045,CAT-03,2023-01-01,2023,1,661,326,18718.71,12274.74,479.97,6443.97
SL-0008452,STR-045,CAT-04,2023-01-01,2023,1,769,375,13686.39,9870.36,316.66,3816.03
SL-0008453,STR-045,CAT-05,2023-01-01,2023,1,963,683,21457.38,10511.54,636.64,10945.84
SL-0008454,STR-045,CAT-06,2023-01-01,2023,1,732,452,20723.02,17588.36,841.6,3134.66
SL-0008455,STR-045,CAT-07,2023-01-01,2023,1,249,140,12073.75,8124.22,357.48,3949.53
SL-0008456,STR-045,CAT-08,2023-01-01,2023,1,570,380,14846.03,11521.99,600.15,3324.04
SL-0008457,STR-045,CAT-01,2023-02-01,2023,2,1367,1161,26638.88,16612.1,948.33,10026.78
SL-0008458,STR-045,CAT-02,2023-02-01,2023,2,850,439,14737.42,12549.84,312.89,2187.58
SL-0008459,STR-045,CAT-03,2023-02-01,2023,2,538,284,17243.46,11617.41,681.43,5626.05
SL-0008460,STR-045,CAT-04,2023-02-01,2023,2,1554,972,21310.53,15196.02,567.13,6114.51
SL-0008461,STR-045,CAT-05,2023-02-01,2023,2,908,573,26094.65,11803.62,667.15,14291.03
SL-0008462,STR-045,CAT-06,2023-02-01,2023,2,1677,1398,24872.8,22269.0,1061.84,2603.8
SL-0008463,STR-045,CAT-07,2023-02-01,2023,2,338,200,11560.09,7709.14,505.76,3850.95
SL-0008464,STR-045,CAT-08,2023-02-01,2023,2,977,476,21879.05,16345.88,391.16,5533.17
SL-0008465,STR-045,CAT-01,2023-03-01,2023,3,1409,737,27550.26,17023.31,994.9,10526.95
SL-0008466,STR-045,CAT-02,2023-03-01,2023,3,415,213,11497.19,10540.68,301.34,956.51
SL-0008467,STR-045,CAT-03,2023-03-01,2023,3,615,402,21862.71,14686.53,569.35,7176.18
SL-0008468,STR-045,CAT-04,2023-03-01,2023,3,924,591,26404.17,18753.74,1179.55,7650.43
SL-0008469,STR-045,CAT-05,2023-03-01,2023,3,1175,891,29164.23,13659.61,550.47,15504.62
SL-0008470,STR-045,CAT-06,2023-03-01,2023,3,1820,1022,28389.68,24109.12,1254.28,4280.56
SL-0008471,STR-045,CAT-07,2023-03-01,2023,3,1194,618,13895.61,9457.32,383.65,4438.29
SL-0008472,STR-045,CAT-08,2023-03-01,2023,3,814,439,17839.11,13601.5,1026.1,4237.61
SL-0008473,STR-045,CAT-01,2023-04-01,2023,4,1865,766,33599.51,20845.62,1882.95,12753.89
SL-0008474,STR-045,CAT-02,2023-04-01,2023,4,936,559,25190.22,22586.21,976.93,2604.01
SL-0008475,STR-045,CAT-03,2023-04-01,2023,4,1107,613,39732.85,25930.49,2157.34,13802.36
SL-0008476,STR-045,CAT-04,2023-04-01,2023,4,738,433,26142.06,18421.58,278.15,7720.48
SL-0008477,STR-045,CAT-05,2023-04-01,2023,4,477,468,13993.79,6817.88,802.45,7175.91
SL-0008478,STR-045,CAT-06,2023-04-01,2023,4,1155,525,27049.97,22316.14,1102.34,4733.83
SL-0008479,STR-045,CAT-07,2023-04-01,2023,4,334,211,14457.76,9054.09,236.13,5403.67
SL-0008480,STR-045,CAT-08,2023-04-01,2023,4,508,277,15194.88,11156.31,295.39,4038.57
SL-0008481,STR-045,CAT-01,2023-05-01,2023,5,505,272,17620.68,11535.49,413.76,6085.19
SL-0008482,STR-045,CAT-02,2023-05-01,2023,5,1101,591,15744.59,14186.94,746.85,1557.65
SL-0008483,STR-045,CAT-03,2023-05-01,2023,5,613,305,21971.78,15305.27,1165.42,6666.51
SL-0008484,STR-045,CAT-04,2023-05-01,2023,5,780,413,24471.03,17659.52,1380.05,6811.51
SL-0008485,STR-045,CAT-05,2023-05-01,2023,5,981,459,20375.66,9453.18,1039.92,10922.48
SL-0008486,STR-045,CAT-06,2023-05-01,2023,5,804,431,25337.92,21207.93,1229.8,4129.99
SL-0008487,STR-045,CAT-07,2023-05-01,2023,5,512,246,15558.44,9599.02,587.9,5959.42
SL-0008488,STR-045,CAT-08,2023-05-01,2023,5,611,236,19772.79,15975.15,443.93,3797.64
SL-0008489,STR-045,CAT-01,2023-06-01,2023,6,677,417,19821.15,12254.62,892.37,7566.53
SL-0008490,STR-045,CAT-02,2023-06-01,2023,6,487,329,16031.7,13663.0,712.99,2368.7
SL-0008491,STR-045,CAT-03,2023-06-01,2023,6,446,346,12954.31,8613.13,418.62,4341.18
SL-0008492,STR-045,CAT-04,2023-06-01,2023,6,735,426,18209.39,13522.55,307.02,4686.84
SL-0008493,STR-045,CAT-05,2023-06-01,2023,6,950,456,17796.3,8384.95,583.29,9411.35
SL-0008494,STR-045,CAT-06,2023-06-01,2023,6,902,601,20033.44,17528.3,1050.11,2505.14
SL-0008495,STR-045,CAT-07,2023-06-01,2023,6,409,295,10814.32,6586.32,242.06,4228.0
SL-0008496,STR-045,CAT-08,2023-06-01,2023,6,376,170,11481.01,8640.05,645.05,2840.96
SL-0008497,STR-045,CAT-01,2023-07-01,2023,7,663,413,22146.9,13363.77,1225.82,8783.13
SL-0008498,STR-045,CAT-02,2023-07-01,2023,7,550,257,16691.71,15449.71,901.99,1242.0
SL-0008499,STR-045,CAT-03,2023-07-01,2023,7,767,438,26640.17,18425.47,1282.34,8214.7
SL-0008500,STR-045,CAT-04,2023-07-01,2023,7,830,537,20970.25,15704.72,269.68,5265.53
SL-0008501,STR-045,CAT-05,2023-07-01,2023,7,721,595,24273.89,12240.7,797.29,12033.19
SL-0008502,STR-045,CAT-06,2023-07-01,2023,7,1219,704,22473.63,18059.41,398.76,4414.22
SL-0008503,STR-045,CAT-07,2023-07-01,2023,7,588,455,15170.01,9295.99,782.89,5874.02
SL-0008504,STR-045,CAT-08,2023-07-01,2023,7,569,344,20089.81,15009.2,1179.24,5080.61
SL-0008505,STR-045,CAT-01,2023-08-01,2023,8,1038,412,17772.79,11220.52,653.58,6552.27
SL-0008506,STR-045,CAT-02,2023-08-01,2023,8,571,380,16882.69,14389.46,587.25,2493.23
SL-0008507,STR-045,CAT-03,2023-08-01,2023,8,324,174,13962.9,9324.94,796.84,4637.96
SL-0008508,STR-045,CAT-04,2023-08-01,2023,8,411,224,14568.17,10661.39,572.83,3906.78
SL-0008509,STR-045,CAT-05,2023-08-01,2023,8,619,278,18874.46,9464.98,651.89,9409.48
SL-0008510,STR-045,CAT-06,2023-08-01,2023,8,718,298,20239.08,16445.32,1058.38,3793.76
SL-0008511,STR-045,CAT-07,2023-08-01,2023,8,547,346,26303.91,17661.92,810.63,8641.99
SL-0008512,STR-045,CAT-08,2023-08-01,2023,8,391,185,15479.59,11352.63,380.52,4126.96
SL-0008513,STR-045,CAT-01,2023-09-01,2023,9,941,437,22304.8,13557.48,314.55,8747.32
SL-0008514,STR-045,CAT-02,2023-09-01,2023,9,659,346,22364.23,21101.73,281.12,1262.5
SL-0008515,STR-045,CAT-03,2023-09-01,2023,9,677,341,26873.34,18754.39,1574.63,8118.95
SL-0008516,STR-045,CAT-04,2023-09-01,2023,9,834,407,23008.12,15746.34,1370.6,7261.78
SL-0008517,STR-045,CAT-05,2023-09-01,2023,9,1240,610,26969.85,12425.16,1239.09,14544.69
SL-0008518,STR-045,CAT-06,2023-09-01,2023,9,784,337,26836.4,23080.09,1037.21,3756.31
SL-0008519,STR-045,CAT-07,2023-09-01,2023,9,388,204,16805.19,10692.05,394.23,6113.14
SL-0008520,STR-045,CAT-08,2023-09-01,2023,9,676,409,24737.07,18603.89,541.02,6133.18
SL-0008521,STR-045,CAT-01,2023-10-01,2023,10,1090,730,18848.31,11958.18,965.54,6890.13
SL-0008522,STR-045,CAT-02,2023-10-01,2023,10,1804,1068,34323.14,30138.86,1472.22,4184.28
SL-0008523,STR-045,CAT-03,2023-10-01,2023,10,764,420,21115.35,13648.99,433.21,7466.36
SL-0008524,STR-045,CAT-04,2023-10-01,2023,10,1121,469,28124.47,19872.8,673.21,8251.67
SL-0008525,STR-045,CAT-05,2023-10-01,2023,10,917,609,24172.4,11650.32,1150.01,12522.08
SL-0008526,STR-045,CAT-06,2023-10-01,2023,10,783,539,24126.4,20579.82,938.08,3546.58
SL-0008527,STR-045,CAT-07,2023-10-01,2023,10,1570,880,32959.43,20938.96,1004.71,12020.47
SL-0008528,STR-045,CAT-08,2023-10-01,2023,10,513,278,20326.85,15384.25,1086.25,4942.6
SL-0008529,STR-045,CAT-01,2023-11-01,2023,11,1680,718,33481.05,21812.99,1398.99,11668.06
SL-0008530,STR-045,CAT-02,2023-11-01,2023,11,972,572,33475.97,29765.16,1955.94,3710.81
SL-0008531,STR-045,CAT-03,2023-11-01,2023,11,1535,828,34565.82,22476.38,1064.14,12089.44
SL-0008532,STR-045,CAT-04,2023-11-01,2023,11,1341,786,23680.48,17367.37,1241.06,6313.11
SL-0008533,STR-045,CAT-05,2023-11-01,2023,11,1306,591,23921.87,11895.51,546.55,12026.36
SL-0008534,STR-045,CAT-06,2023-11-01,2023,11,724,348,21318.28,18083.79,560.04,3234.49
SL-0008535,STR-045,CAT-07,2023-11-01,2023,11,1148,653,41530.16,26577.75,1906.11,14952.41
SL-0008536,STR-045,CAT-08,2023-11-01,2023,11,771,378,29185.7,21062.86,964.12,8122.84
SL-0008537,STR-045,CAT-01,2023-12-01,2023,12,610,374,22071.44,14028.9,717.18,8042.54
SL-0008538,STR-045,CAT-02,2023-12-01,2023,12,1379,836,27746.89,24492.78,1067.51,3254.11
SL-0008539,STR-045,CAT-03,2023-12-01,2023,12,1142,616,26170.58,17639.54,687.52,8531.04
SL-0008540,STR-045,CAT-04,2023-12-01,2023,12,437,202,12095.19,8805.36,668.01,3289.83
SL-0008541,STR-045,CAT-05,2023-12-01,2023,12,717,351,18956.65,8853.71,428.79,10102.94
SL-0008542,STR-045,CAT-06,2023-12-01,2023,12,1648,1228,24614.58,20369.1,1082.31,4245.48
SL-0008543,STR-045,CAT-07,2023-12-01,2023,12,1598,858,35974.3,22904.78,2127.95,13069.52
SL-0008544,STR-045,CAT-08,2023-12-01,2023,12,729,387,20996.21,15302.25,365.91,5693.96
SL-0008545,STR-045,CAT-01,2024-01-01,2024,1,1072,559,15508.67,9903.25,616.99,5605.42
SL-0008546,STR-045,CAT-02,2024-01-01,2024,1,442,174,16034.78,14254.88,813.12,1779.9
SL-0008547,STR-045,CAT-03,2024-01-01,2024,1,419,215,11271.4,6737.43,237.7,4533.97
SL-0008548,STR-045,CAT-04,2024-01-01,2024,1,451,270,15621.59,10924.34,470.72,4697.25
SL-0008549,STR-045,CAT-05,2024-01-01,2024,1,473,360,17657.33,8555.37,651.27,9101.96
SL-0008550,STR-045,CAT-06,2024-01-01,2024,1,473,336,12542.67,10576.45,211.77,1966.22
SL-0008551,STR-045,CAT-07,2024-01-01,2024,1,674,332,18110.25,11518.59,185.16,6591.66
SL-0008552,STR-045,CAT-08,2024-01-01,2024,1,675,565,13079.61,9373.44,479.0,3706.17
SL-0008553,STR-045,CAT-01,2024-02-01,2024,2,881,413,23070.45,14878.9,1343.75,8191.55
SL-0008554,STR-045,CAT-02,2024-02-01,2024,2,422,229,15640.76,14155.4,590.03,1485.36
SL-0008555,STR-045,CAT-03,2024-02-01,2024,2,369,219,13290.08,8617.73,767.46,4672.35
SL-0008556,STR-045,CAT-04,2024-02-01,2024,2,862,430,22237.88,15826.24,949.08,6411.64
SL-0008557,STR-045,CAT-05,2024-02-01,2024,2,703,338,15341.11,7539.91,412.67,7801.2
SL-0008558,STR-045,CAT-06,2024-02-01,2024,2,1732,908,29518.92,24083.75,342.85,5435.17
SL-0008559,STR-045,CAT-07,2024-02-01,2024,2,823,453,18298.94,11928.56,672.14,6370.38
SL-0008560,STR-045,CAT-08,2024-02-01,2024,2,511,289,16011.03,12018.19,652.01,3992.84
SL-0008561,STR-045,CAT-01,2024-03-01,2024,3,1095,765,25951.32,17003.34,803.78,8947.98
SL-0008562,STR-045,CAT-02,2024-03-01,2024,3,857,688,17599.62,15413.08,1003.24,2186.54
SL-0008563,STR-045,CAT-03,2024-03-01,2024,3,628,416,15632.89,9993.57,261.2,5639.32
SL-0008564,STR-045,CAT-04,2024-03-01,2024,3,876,390,21269.61,14446.02,1146.12,6823.59
SL-0008565,STR-045,CAT-05,2024-03-01,2024,3,350,193,11680.66,5861.13,554.67,5819.53
SL-0008566,STR-045,CAT-06,2024-03-01,2024,3,760,481,19619.44,17036.64,596.98,2582.8
SL-0008567,STR-045,CAT-07,2024-03-01,2024,3,427,201,13894.83,9027.21,144.82,4867.62
SL-0008568,STR-045,CAT-08,2024-03-01,2024,3,497,270,13970.26,11289.02,652.57,2681.24
SL-0008569,STR-045,CAT-01,2024-04-01,2024,4,671,422,18692.77,11722.67,706.36,6970.1
SL-0008570,STR-045,CAT-02,2024-04-01,2024,4,604,333,14008.88,12220.18,227.29,1788.7
SL-0008571,STR-045,CAT-03,2024-04-01,2024,4,889,504,18960.24,12788.26,828.76,6171.98
SL-0008572,STR-045,CAT-04,2024-04-01,2024,4,1720,850,28654.93,19455.56,1149.33,9199.37
SL-0008573,STR-045,CAT-05,2024-04-01,2024,4,528,284,16354.37,7643.44,281.8,8710.93
SL-0008574,STR-045,CAT-06,2024-04-01,2024,4,421,257,16213.08,14307.43,437.36,1905.65
SL-0008575,STR-045,CAT-07,2024-04-01,2024,4,884,477,16781.92,10694.82,340.1,6087.1
SL-0008576,STR-045,CAT-08,2024-04-01,2024,4,2789,1885,23838.88,17635.59,1100.53,6203.29
SL-0008577,STR-045,CAT-01,2024-05-01,2024,5,1145,718,28705.54,18569.46,768.62,10136.08
SL-0008578,STR-045,CAT-02,2024-05-01,2024,5,896,454,23591.2,20207.35,531.89,3383.85
SL-0008579,STR-045,CAT-03,2024-05-01,2024,5,451,265,17221.23,11879.01,805.7,5342.22
SL-0008580,STR-045,CAT-04,2024-05-01,2024,5,682,397,16464.25,11963.19,372.43,4501.06
SL-0008581,STR-045,CAT-05,2024-05-01,2024,5,717,420,19282.82,9673.96,557.01,9608.86
SL-0008582,STR-045,CAT-06,2024-05-01,2024,5,541,322,17045.28,14663.19,735.44,2382.09
SL-0008583,STR-045,CAT-07,2024-05-01,2024,5,1415,915,20764.11,12590.05,460.17,8174.06
SL-0008584,STR-045,CAT-08,2024-05-01,2024,5,862,467,29238.29,21991.27,668.48,7247.02
SL-0008585,STR-045,CAT-01,2024-06-01,2024,6,837,740,21727.16,13223.3,688.94,8503.86
SL-0008586,STR-045,CAT-02,2024-06-01,2024,6,1077,609,18953.61,16853.13,362.79,2100.48
SL-0008587,STR-045,CAT-03,2024-06-01,2024,6,670,300,23567.17,16070.9,278.36,7496.27
SL-0008588,STR-045,CAT-04,2024-06-01,2024,6,754,611,25085.75,16404.71,896.24,8681.04
SL-0008589,STR-045,CAT-05,2024-06-01,2024,6,902,512,22939.03,11382.96,1192.89,11556.07
SL-0008590,STR-045,CAT-06,2024-06-01,2024,6,597,300,17357.98,15175.48,901.29,2182.5
SL-0008591,STR-045,CAT-07,2024-06-01,2024,6,547,271,22463.38,14610.53,751.49,7852.85
SL-0008592,STR-045,CAT-08,2024-06-01,2024,6,704,406,12190.23,9422.7,214.06,2767.53
SL-0008593,STR-045,CAT-01,2024-07-01,2024,7,783,387,20048.87,12513.16,860.39,7535.71
SL-0008594,STR-045,CAT-02,2024-07-01,2024,7,784,405,26421.83,24062.39,991.95,2359.44
SL-0008595,STR-045,CAT-03,2024-07-01,2024,7,1535,959,32477.43,21907.42,1014.33,10570.01
SL-0008596,STR-045,CAT-04,2024-07-01,2024,7,623,353,20116.95,13983.94,1199.89,6133.01
SL-0008597,STR-045,CAT-05,2024-07-01,2024,7,1243,588,28563.16,14348.21,883.84,14214.95
SL-0008598,STR-045,CAT-06,2024-07-01,2024,7,740,341,18586.55,15635.39,928.52,2951.16
SL-0008599,STR-045,CAT-07,2024-07-01,2024,7,707,341,28324.53,18460.41,287.07,9864.12
SL-0008600,STR-045,CAT-08,2024-07-01,2024,7,796,409,31900.14,23449.44,788.55,8450.7
SL-0008601,STR-045,CAT-01,2024-08-01,2024,8,565,361,15917.6,10372.06,700.52,5545.54
SL-0008602,STR-045,CAT-02,2024-08-01,2024,8,818,447,17915.89,15355.55,750.56,2560.34
SL-0008603,STR-045,CAT-03,2024-08-01,2024,8,1089,487,18135.21,11880.36,243.3,6254.85
SL-0008604,STR-045,CAT-04,2024-08-01,2024,8,952,553,12028.71,8230.49,497.09,3798.22
SL-0008605,STR-045,CAT-05,2024-08-01,2024,8,616,451,16228.49,7757.97,378.4,8470.52
SL-0008606,STR-045,CAT-06,2024-08-01,2024,8,529,294,19245.4,16912.35,270.79,2333.05
SL-0008607,STR-045,CAT-07,2024-08-01,2024,8,960,426,16305.27,10014.24,759.92,6291.03
SL-0008608,STR-045,CAT-08,2024-08-01,2024,8,487,233,12656.7,10067.0,552.99,2589.7
SL-0008609,STR-045,CAT-01,2024-09-01,2024,9,995,502,28524.11,18684.45,592.46,9839.66
SL-0008610,STR-045,CAT-02,2024-09-01,2024,9,594,320,18399.92,15807.6,864.49,2592.32
SL-0008611,STR-045,CAT-03,2024-09-01,2024,9,707,479,13293.65,9053.52,217.77,4240.13
SL-0008612,STR-045,CAT-04,2024-09-01,2024,9,506,253,15644.38,11690.58,588.45,3953.8
SL-0008613,STR-045,CAT-05,2024-09-01,2024,9,430,269,14697.91,7180.14,272.89,7517.77
SL-0008614,STR-045,CAT-06,2024-09-01,2024,9,621,452,21532.27,17465.73,1265.86,4066.54
SL-0008615,STR-045,CAT-07,2024-09-01,2024,9,573,306,15296.62,9895.0,153.04,5401.62
SL-0008616,STR-045,CAT-08,2024-09-01,2024,9,836,504,27487.77,20502.37,728.92,6985.4
SL-0008617,STR-045,CAT-01,2024-10-01,2024,10,859,530,16202.35,10171.34,742.82,6031.01
SL-0008618,STR-045,CAT-02,2024-10-01,2024,10,628,301,21320.19,18520.1,807.04,2800.09
SL-0008619,STR-045,CAT-03,2024-10-01,2024,10,685,379,23573.4,16201.5,544.21,7371.9
SL-0008620,STR-045,CAT-04,2024-10-01,2024,10,434,218,14713.81,9864.93,382.05,4848.88
SL-0008621,STR-045,CAT-05,2024-10-01,2024,10,411,190,16640.71,8406.47,388.87,8234.24
SL-0008622,STR-045,CAT-06,2024-10-01,2024,10,781,387,15481.4,12827.01,649.15,2654.39
SL-0008623,STR-045,CAT-07,2024-10-01,2024,10,574,343,15922.36,10559.08,501.53,5363.28
SL-0008624,STR-045,CAT-08,2024-10-01,2024,10,549,287,15053.03,11337.95,751.54,3715.08
SL-0008625,STR-045,CAT-01,2024-11-01,2024,11,889,558,16210.79,10212.27,733.71,5998.52
SL-0008626,STR-045,CAT-02,2024-11-01,2024,11,2452,1498,40638.55,38456.95,2195.61,2181.6
SL-0008627,STR-045,CAT-03,2024-11-01,2024,11,500,265,16854.59,11479.28,817.76,5375.31
SL-0008628,STR-045,CAT-04,2024-11-01,2024,11,739,420,23663.98,16775.5,487.34,6888.48
SL-0008629,STR-045,CAT-05,2024-11-01,2024,11,1944,1214,25572.4,12085.96,970.16,13486.44
SL-0008630,STR-045,CAT-06,2024-11-01,2024,11,1250,539,28771.36,24635.61,709.72,4135.75
SL-0008631,STR-045,CAT-07,2024-11-01,2024,11,2843,1678,27649.5,18812.88,1407.33,8836.62
SL-0008632,STR-045,CAT-08,2024-11-01,2024,11,794,413,16621.19,12053.61,767.14,4567.58
SL-0008633,STR-045,CAT-01,2024-12-01,2024,12,850,831,18868.0,11787.33,598.01,7080.67
SL-0008634,STR-045,CAT-02,2024-12-01,2024,12,1098,743,22637.37,19793.08,568.4,2844.29
SL-0008635,STR-045,CAT-03,2024-12-01,2024,12,392,167,13618.56,8939.55,282.61,4679.01
SL-0008636,STR-045,CAT-04,2024-12-01,2024,12,284,142,9009.15,6348.59,289.71,2660.56
SL-0008637,STR-045,CAT-05,2024-12-01,2024,12,672,369,25125.11,11730.88,443.38,13394.23
SL-0008638,STR-045,CAT-06,2024-12-01,2024,12,809,491,31263.2,25779.76,1153.41,5483.44
SL-0008639,STR-045,CAT-07,2024-12-01,2024,12,1508,709,36125.94,23983.92,1930.06,12142.02
SL-0008640,STR-045,CAT-08,2024-12-01,2024,12,870,542,23022.43,17618.8,850.16,5403.63
SL-0008641,STR-046,CAT-01,2023-01-01,2023,1,341,206,12541.04,7038.63,336.35,5502.41
SL-0008642,STR-046,CAT-02,2023-01-01,2023,1,277,212,7746.95,6612.98,414.67,1133.97
SL-0008643,STR-046,CAT-03,2023-01-01,2023,1,287,207,10689.36,6540.63,401.15,4148.73
SL-0008644,STR-046,CAT-04,2023-01-01,2023,1,389,187,9022.74,5889.98,322.24,3132.76
SL-0008645,STR-046,CAT-05,2023-01-01,2023,1,481,220,10889.99,4561.17,452.16,6328.82
SL-0008646,STR-046,CAT-06,2023-01-01,2023,1,715,357,18191.41,14640.69,304.01,3550.72
SL-0008647,STR-046,CAT-07,2023-01-01,2023,1,372,194,9471.98,5729.43,149.65,3742.55
SL-0008648,STR-046,CAT-08,2023-01-01,2023,1,2356,1379,19480.8,13656.92,584.63,5823.88
SL-0008649,STR-046,CAT-01,2023-02-01,2023,2,324,187,8851.95,5076.62,294.22,3775.33
SL-0008650,STR-046,CAT-02,2023-02-01,2023,2,163,128,4395.76,3557.46,100.37,838.3
SL-0008651,STR-046,CAT-03,2023-02-01,2023,2,150,89,5633.16,3522.34,308.01,2110.82
SL-0008652,STR-046,CAT-04,2023-02-01,2023,2,387,178,9991.03,6502.9,450.21,3488.13
SL-0008653,STR-046,CAT-05,2023-02-01,2023,2,273,141,10408.95,4655.69,298.73,5753.26
SL-0008654,STR-046,CAT-06,2023-02-01,2023,2,393,236,7684.1,5738.57,301.64,1945.53
SL-0008655,STR-046,CAT-07,2023-02-01,2023,2,142,93,4574.82,2729.88,205.84,1844.94
SL-0008656,STR-046,CAT-08,2023-02-01,2023,2,336,195,9751.06,6746.56,386.4,3004.5
SL-0008657,STR-046,CAT-01,2023-03-01,2023,3,358,236,9329.13,4876.34,260.19,4452.79
SL-0008658,STR-046,CAT-02,2023-03-01,2023,3,269,145,9980.7,8761.61,590.57,1219.09
SL-0008659,STR-046,CAT-03,2023-03-01,2023,3,433,229,18255.86,11555.68,716.7,6700.18
SL-0008660,STR-046,CAT-04,2023-03-01,2023,3,1426,956,23849.0,15570.59,1154.11,8278.41
SL-0008661,STR-046,CAT-05,2023-03-01,2023,3,244,125,10604.6,4628.65,437.22,5975.95
SL-0008662,STR-046,CAT-06,2023-03-01,2023,3,534,304,15841.81,12494.55,844.16,3347.26
SL-0008663,STR-046,CAT-07,2023-03-01,2023,3,840,449,16486.64,9890.75,291.77,6595.89
SL-0008664,STR-046,CAT-08,2023-03-01,2023,3,636,316,12597.46,8860.91,595.59,3736.55
SL-0008665,STR-046,CAT-01,2023-04-01,2023,4,431,245,11510.08,6807.43,462.44,4702.65
SL-0008666,STR-046,CAT-02,2023-04-01,2023,4,469,331,13929.65,11665.01,458.72,2264.64
SL-0008667,STR-046,CAT-03,2023-04-01,2023,4,1346,1196,12854.55,8013.54,584.23,4841.01
SL-0008668,STR-046,CAT-04,2023-04-01,2023,4,377,179,17582.28,11064.87,394.96,6517.41
SL-0008669,STR-046,CAT-05,2023-04-01,2023,4,761,571,14777.78,6590.47,438.19,8187.31
SL-0008670,STR-046,CAT-06,2023-04-01,2023,4,828,528,21488.68,16922.04,347.59,4566.64
SL-0008671,STR-046,CAT-07,2023-04-01,2023,4,211,109,9392.58,5490.65,412.79,3901.93
SL-0008672,STR-046,CAT-08,2023-04-01,2023,4,682,336,13076.29,8891.88,394.43,4184.41
SL-0008673,STR-046,CAT-01,2023-05-01,2023,5,803,358,22190.33,12829.64,687.46,9360.69
SL-0008674,STR-046,CAT-02,2023-05-01,2023,5,670,309,22415.3,18500.81,898.22,3914.49
SL-0008675,STR-046,CAT-03,2023-05-01,2023,5,432,198,9485.57,5840.84,421.51,3644.73
SL-0008676,STR-046,CAT-04,2023-05-01,2023,5,626,388,26411.86,16112.79,305.43,10299.07
SL-0008677,STR-046,CAT-05,2023-05-01,2023,5,659,325,25713.85,11443.92,775.77,14269.93
SL-0008678,STR-046,CAT-06,2023-05-01,2023,5,575,247,19249.22,14982.45,756.72,4266.77
SL-0008679,STR-046,CAT-07,2023-05-01,2023,5,2177,1348,17494.1,10648.44,859.63,6845.66
SL-0008680,STR-046,CAT-08,2023-05-01,2023,5,601,465,15701.69,11053.7,824.09,4647.99
SL-0008681,STR-046,CAT-01,2023-06-01,2023,6,655,387,15730.32,9297.85,599.86,6432.47
SL-0008682,STR-046,CAT-02,2023-06-01,2023,6,528,316,18447.68,15469.65,926.54,2978.03
SL-0008683,STR-046,CAT-03,2023-06-01,2023,6,477,244,16901.35,10514.83,998.8,6386.52
SL-0008684,STR-046,CAT-04,2023-06-01,2023,6,410,193,15042.71,10004.9,790.08,5037.81
SL-0008685,STR-046,CAT-05,2023-06-01,2023,6,1084,958,26545.2,12157.8,1083.52,14387.4
SL-0008686,STR-046,CAT-06,2023-06-01,2023,6,913,612,22845.94,17819.27,477.42,5026.67
SL-0008687,STR-046,CAT-07,2023-06-01,2023,6,771,316,11256.68,6896.68,508.1,4360.0
SL-0008688,STR-046,CAT-08,2023-06-01,2023,6,889,674,19227.99,13194.63,845.18,6033.36
SL-0008689,STR-046,CAT-01,2023-07-01,2023,7,1138,679,25619.23,14521.64,363.75,11097.59
SL-0008690,STR-046,CAT-02,2023-07-01,2023,7,503,211,13875.21,11540.1,721.78,2335.11
SL-0008691,STR-046,CAT-03,2023-07-01,2023,7,794,377,20641.07,12985.76,950.61,7655.31
SL-0008692,STR-046,CAT-04,2023-07-01,2023,7,474,242,15995.56,9981.1,718.07,6014.46
SL-0008693,STR-046,CAT-05,2023-07-01,2023,7,817,481,15408.72,6864.58,538.69,8544.14
SL-0008694,STR-046,CAT-06,2023-07-01,2023,7,674,445,20743.87,15442.13,641.9,5301.74
SL-0008695,STR-046,CAT-07,2023-07-01,2023,7,755,424,14441.9,8739.22,306.39,5702.68
SL-0008696,STR-046,CAT-08,2023-07-01,2023,7,1248,710,16159.53,11039.09,219.89,5120.44
SL-0008697,STR-046,CAT-01,2023-08-01,2023,8,381,190,11972.63,7091.68,335.15,4880.95
SL-0008698,STR-046,CAT-02,2023-08-01,2023,8,425,280,9245.55,7690.57,380.41,1554.98
SL-0008699,STR-046,CAT-03,2023-08-01,2023,8,732,352,16342.39,9816.3,397.35,6526.09
SL-0008700,STR-046,CAT-04,2023-08-01,2023,8,958,657,21769.28,13564.1,389.76,8205.18
SL-0008701,STR-046,CAT-05,2023-08-01,2023,8,296,147,8786.87,4061.29,158.24,4725.58
SL-0008702,STR-046,CAT-06,2023-08-01,2023,8,593,332,9535.07,7395.57,464.31,2139.5
SL-0008703,STR-046,CAT-07,2023-08-01,2023,8,451,287,8502.87,4813.72,471.81,3689.15
SL-0008704,STR-046,CAT-08,2023-08-01,2023,8,603,321,15435.9,10746.14,854.67,4689.76
SL-0008705,STR-046,CAT-01,2023-09-01,2023,9,658,338,15990.58,9235.86,421.35,6754.72
SL-0008706,STR-046,CAT-02,2023-09-01,2023,9,278,110,9786.94,7586.95,519.4,2199.99
SL-0008707,STR-046,CAT-03,2023-09-01,2023,9,435,224,7817.47,4810.13,417.19,3007.34
SL-0008708,STR-046,CAT-04,2023-09-01,2023,9,545,356,18277.29,11620.09,253.75,6657.2
SL-0008709,STR-046,CAT-05,2023-09-01,2023,9,284,174,13555.57,6374.39,237.95,7181.18
SL-0008710,STR-046,CAT-06,2023-09-01,2023,9,572,285,18516.33,14261.56,734.61,4254.77
SL-0008711,STR-046,CAT-07,2023-09-01,2023,9,663,303,10655.34,6075.17,504.0,4580.17
SL-0008712,STR-046,CAT-08,2023-09-01,2023,9,699,378,19770.63,13652.55,1135.01,6118.08
SL-0008713,STR-046,CAT-01,2023-10-01,2023,10,876,528,18751.88,10962.76,956.74,7789.12
SL-0008714,STR-046,CAT-02,2023-10-01,2023,10,680,401,18203.82,14633.08,268.21,3570.74
SL-0008715,STR-046,CAT-03,2023-10-01,2023,10,590,335,16152.86,9995.31,949.86,6157.55
SL-0008716,STR-046,CAT-04,2023-10-01,2023,10,510,311,19659.06,12268.83,867.92,7390.23
SL-0008717,STR-046,CAT-05,2023-10-01,2023,10,1855,976,27814.37,12620.29,569.77,15194.08
SL-0008718,STR-046,CAT-06,2023-10-01,2023,10,946,634,25264.96,19981.2,842.53,5283.76
SL-0008719,STR-046,CAT-07,2023-10-01,2023,10,751,576,24225.17,15129.08,355.74,9096.09
SL-0008720,STR-046,CAT-08,2023-10-01,2023,10,583,291,15112.97,10671.58,279.63,4441.39
SL-0008721,STR-046,CAT-01,2023-11-01,2023,11,339,157,10847.1,6153.48,317.93,4693.62
SL-0008722,STR-046,CAT-02,2023-11-01,2023,11,1436,952,17066.22,14661.79,397.33,2404.43
SL-0008723,STR-046,CAT-03,2023-11-01,2023,11,488,217,15214.29,9446.61,240.79,5767.68
SL-0008724,STR-046,CAT-04,2023-11-01,2023,11,565,354,7701.68,4993.92,343.92,2707.76
SL-0008725,STR-046,CAT-05,2023-11-01,2023,11,706,472,18398.09,8256.02,797.45,10142.07
SL-0008726,STR-046,CAT-06,2023-11-01,2023,11,682,310,20794.27,16814.62,681.24,3979.65
SL-0008727,STR-046,CAT-07,2023-11-01,2023,11,647,454,25970.47,15332.3,312.1,10638.17
SL-0008728,STR-046,CAT-08,2023-11-01,2023,11,763,377,17606.28,12225.27,699.92,5381.01
SL-0008729,STR-046,CAT-01,2023-12-01,2023,12,2108,1069,34898.44,20549.68,1019.9,14348.76
SL-0008730,STR-046,CAT-02,2023-12-01,2023,12,1452,701,46219.31,38827.77,1002.04,7391.54
SL-0008731,STR-046,CAT-03,2023-12-01,2023,12,896,502,18066.3,11299.61,562.36,6766.69
SL-0008732,STR-046,CAT-04,2023-12-01,2023,12,654,352,17113.75,11198.77,1015.87,5914.98
SL-0008733,STR-046,CAT-05,2023-12-01,2023,12,1119,646,24866.26,10775.67,570.47,14090.59
SL-0008734,STR-046,CAT-06,2023-12-01,2023,12,870,452,14562.13,11337.73,450.72,3224.4
SL-0008735,STR-046,CAT-07,2023-12-01,2023,12,1208,725,29188.41,16764.13,575.01,12424.28
SL-0008736,STR-046,CAT-08,2023-12-01,2023,12,1056,551,31100.28,21543.71,785.79,9556.57
SL-0008737,STR-046,CAT-01,2024-01-01,2024,1,594,466,13513.82,7992.93,327.11,5520.89
SL-0008738,STR-046,CAT-02,2024-01-01,2024,1,1841,899,13979.87,12074.94,716.88,1904.93
SL-0008739,STR-046,CAT-03,2024-01-01,2024,1,608,273,14237.92,8537.13,382.45,5700.79
SL-0008740,STR-046,CAT-04,2024-01-01,2024,1,1416,698,21551.93,13732.53,316.8,7819.4
SL-0008741,STR-046,CAT-05,2024-01-01,2024,1,436,222,16375.26,7230.9,694.83,9144.36
SL-0008742,STR-046,CAT-06,2024-01-01,2024,1,1135,647,27235.27,21665.57,1472.34,5569.7
SL-0008743,STR-046,CAT-07,2024-01-01,2024,1,525,214,14085.5,8626.61,365.58,5458.89
SL-0008744,STR-046,CAT-08,2024-01-01,2024,1,725,587,24876.47,17366.53,1232.04,7509.94
SL-0008745,STR-046,CAT-01,2024-02-01,2024,2,489,265,12634.42,7806.16,272.41,4828.26
SL-0008746,STR-046,CAT-02,2024-02-01,2024,2,288,195,8243.43,6659.86,410.38,1583.57
SL-0008747,STR-046,CAT-03,2024-02-01,2024,2,540,295,12731.96,8270.12,405.15,4461.84
SL-0008748,STR-046,CAT-04,2024-02-01,2024,2,676,323,12611.09,8310.12,681.13,4300.97
SL-0008749,STR-046,CAT-05,2024-02-01,2024,2,274,170,11192.36,5139.13,219.99,6053.23
SL-0008750,STR-046,CAT-06,2024-02-01,2024,2,1178,609,13884.49,10292.43,690.6,3592.06
SL-0008751,STR-046,CAT-07,2024-02-01,2024,2,351,163,9365.87,5611.78,351.54,3754.09
SL-0008752,STR-046,CAT-08,2024-02-01,2024,2,352,200,10822.66,7534.58,385.52,3288.08
SL-0008753,STR-046,CAT-01,2024-03-01,2024,3,486,381,11165.99,6388.91,404.37,4777.08
SL-0008754,STR-046,CAT-02,2024-03-01,2024,3,305,129,9338.34,7299.41,371.01,2038.93
SL-0008755,STR-046,CAT-03,2024-03-01,2024,3,784,376,15298.51,9373.59,695.5,5924.92
SL-0008756,STR-046,CAT-04,2024-03-01,2024,3,639,392,21717.53,13948.0,541.76,7769.53
SL-0008757,STR-046,CAT-05,2024-03-01,2024,3,320,208,12382.39,5786.55,694.24,6595.84
SL-0008758,STR-046,CAT-06,2024-03-01,2024,3,721,339,18036.75,14351.85,1008.95,3684.9
SL-0008759,STR-046,CAT-07,2024-03-01,2024,3,529,282,15085.34,9061.76,660.83,6023.58
SL-0008760,STR-046,CAT-08,2024-03-01,2024,3,398,288,15796.4,11124.32,327.07,4672.08
SL-0008761,STR-046,CAT-01,2024-04-01,2024,4,753,344,14824.34,8760.62,746.3,6063.72
SL-0008762,STR-046,CAT-02,2024-04-01,2024,4,733,482,21927.51,17224.13,541.51,4703.38
SL-0008763,STR-046,CAT-03,2024-04-01,2024,4,771,369,14967.08,9116.4,694.76,5850.68
SL-0008764,STR-046,CAT-04,2024-04-01,2024,4,816,370,28693.72,18917.12,382.84,9776.6
SL-0008765,STR-046,CAT-05,2024-04-01,2024,4,699,391,21515.64,9347.44,500.1,12168.2
SL-0008766,STR-046,CAT-06,2024-04-01,2024,4,628,347,19467.39,15963.08,250.23,3504.31
SL-0008767,STR-046,CAT-07,2024-04-01,2024,4,513,535,12546.24,7748.62,363.08,4797.62
SL-0008768,STR-046,CAT-08,2024-04-01,2024,4,299,150,15706.2,11538.34,406.14,4167.86
SL-0008769,STR-046,CAT-01,2024-05-01,2024,5,520,478,19989.46,11340.55,397.35,8648.91
SL-0008770,STR-046,CAT-02,2024-05-01,2024,5,269,124,10467.07,8772.9,172.41,1694.17
SL-0008771,STR-046,CAT-03,2024-05-01,2024,5,1314,814,14976.74,9530.71,308.24,5446.03
SL-0008772,STR-046,CAT-04,2024-05-01,2024,5,561,307,19358.97,12037.28,683.78,7321.69
SL-0008773,STR-046,CAT-05,2024-05-01,2024,5,1147,657,16522.18,7205.43,184.69,9316.75
SL-0008774,STR-046,CAT-06,2024-05-01,2024,5,1037,747,17210.03,13601.2,715.19,3608.83
SL-0008775,STR-046,CAT-07,2024-05-01,2024,5,396,189,12185.48,7436.37,627.86,4749.11
SL-0008776,STR-046,CAT-08,2024-05-01,2024,5,412,271,11460.5,7718.98,317.68,3741.52
SL-0008777,STR-046,CAT-01,2024-06-01,2024,6,525,279,15060.58,8751.74,280.05,6308.84
SL-0008778,STR-046,CAT-02,2024-06-01,2024,6,520,282,16464.68,13471.76,859.42,2992.92
SL-0008779,STR-046,CAT-03,2024-06-01,2024,6,710,363,17271.8,11279.23,287.32,5992.57
SL-0008780,STR-046,CAT-04,2024-06-01,2024,6,741,479,17485.16,10906.3,558.74,6578.86
SL-0008781,STR-046,CAT-05,2024-06-01,2024,6,1017,477,16698.53,7381.32,799.02,9317.21
SL-0008782,STR-046,CAT-06,2024-06-01,2024,6,671,346,16619.49,13199.29,320.31,3420.2
SL-0008783,STR-046,CAT-07,2024-06-01,2024,6,314,202,10832.33,6374.47,401.8,4457.86
SL-0008784,STR-046,CAT-08,2024-06-01,2024,6,700,384,17881.42,12108.21,651.89,5773.21
SL-0008785,STR-046,CAT-01,2024-07-01,2024,7,729,431,26817.37,15656.0,952.65,11161.37
SL-0008786,STR-046,CAT-02,2024-07-01,2024,7,568,323,19936.97,16732.1,235.72,3204.87
SL-0008787,STR-046,CAT-03,2024-07-01,2024,7,803,440,18308.59,11395.35,267.44,6913.24
SL-0008788,STR-046,CAT-04,2024-07-01,2024,7,698,492,24170.31,16745.1,691.48,7425.21
SL-0008789,STR-046,CAT-05,2024-07-01,2024,7,616,263,20077.23,8997.25,785.93,11079.98
SL-0008790,STR-046,CAT-06,2024-07-01,2024,7,682,325,23979.54,18705.27,1378.76,5274.27
SL-0008791,STR-046,CAT-07,2024-07-01,2024,7,362,211,13681.07,7657.42,684.56,6023.65
SL-0008792,STR-046,CAT-08,2024-07-01,2024,7,1120,587,23058.19,15678.9,660.25,7379.29
SL-0008793,STR-046,CAT-01,2024-08-01,2024,8,476,261,22227.52,12580.25,344.12,9647.27
SL-0008794,STR-046,CAT-02,2024-08-01,2024,8,390,243,13631.91,11198.78,241.88,2433.13
SL-0008795,STR-046,CAT-03,2024-08-01,2024,8,713,393,19835.31,12263.56,516.94,7571.75
SL-0008796,STR-046,CAT-04,2024-08-01,2024,8,672,382,23315.94,15025.81,1179.53,8290.13
SL-0008797,STR-046,CAT-05,2024-08-01,2024,8,1068,579,26089.56,11640.2,1380.48,14449.36
SL-0008798,STR-046,CAT-06,2024-08-01,2024,8,1095,702,21166.93,15673.2,1006.95,5493.73
SL-0008799,STR-046,CAT-07,2024-08-01,2024,8,679,372,22896.25,14889.12,981.62,8007.13
SL-0008800,STR-046,CAT-08,2024-08-01,2024,8,1057,542,26180.07,18171.44,1320.73,8008.63
SL-0008801,STR-046,CAT-01,2024-09-01,2024,9,472,243,17143.53,10186.23,330.89,6957.3
SL-0008802,STR-046,CAT-02,2024-09-01,2024,9,513,285,17823.06,14684.99,998.82,3138.07
SL-0008803,STR-046,CAT-03,2024-09-01,2024,9,641,439,14948.88,9299.74,482.33,5649.14
SL-0008804,STR-046,CAT-04,2024-09-01,2024,9,1080,548,16860.87,10655.27,863.91,6205.6
SL-0008805,STR-046,CAT-05,2024-09-01,2024,9,804,379,19075.01,8272.1,1016.95,10802.91
SL-0008806,STR-046,CAT-06,2024-09-01,2024,9,396,222,12171.44,9420.11,373.3,2751.33
SL-0008807,STR-046,CAT-07,2024-09-01,2024,9,510,286,12133.78,7376.92,358.2,4756.86
SL-0008808,STR-046,CAT-08,2024-09-01,2024,9,742,374,14320.38,10056.76,599.17,4263.62
SL-0008809,STR-046,CAT-01,2024-10-01,2024,10,559,250,14346.82,8201.65,435.33,6145.17
SL-0008810,STR-046,CAT-02,2024-10-01,2024,10,492,268,21270.19,17085.19,377.04,4185.0
SL-0008811,STR-046,CAT-03,2024-10-01,2024,10,851,404,15619.16,9485.22,292.19,6133.94
SL-0008812,STR-046,CAT-04,2024-10-01,2024,10,433,299,11149.87,7454.82,508.6,3695.05
SL-0008813,STR-046,CAT-05,2024-10-01,2024,10,333,151,11353.04,4934.93,515.67,6418.11
SL-0008814,STR-046,CAT-06,2024-10-01,2024,10,655,337,12991.44,10182.53,726.4,2808.91
SL-0008815,STR-046,CAT-07,2024-10-01,2024,10,690,351,23420.32,13847.94,1265.83,9572.38
SL-0008816,STR-046,CAT-08,2024-10-01,2024,10,673,442,17889.45,13057.56,197.83,4831.89
SL-0008817,STR-046,CAT-01,2024-11-01,2024,11,756,520,26608.66,15472.56,857.46,11136.1
SL-0008818,STR-046,CAT-02,2024-11-01,2024,11,808,395,25524.3,20439.34,955.38,5084.96
SL-0008819,STR-046,CAT-03,2024-11-01,2024,11,598,351,18936.63,11383.02,718.56,7553.61
SL-0008820,STR-046,CAT-04,2024-11-01,2024,11,391,333,10243.4,6996.38,404.13,3247.02
SL-0008821,STR-046,CAT-05,2024-11-01,2024,11,540,226,22973.94,10384.97,869.05,12588.97
SL-0008822,STR-046,CAT-06,2024-11-01,2024,11,2133,1126,16038.24,12243.69,907.88,3794.55
SL-0008823,STR-046,CAT-07,2024-11-01,2024,11,477,282,20144.08,12006.65,803.13,8137.43
SL-0008824,STR-046,CAT-08,2024-11-01,2024,11,478,244,14087.64,10365.91,716.15,3721.73
SL-0008825,STR-046,CAT-01,2024-12-01,2024,12,476,261,15447.37,9771.67,598.28,5675.7
SL-0008826,STR-046,CAT-02,2024-12-01,2024,12,1049,472,30594.33,24902.49,847.38,5691.84
SL-0008827,STR-046,CAT-03,2024-12-01,2024,12,1081,592,19099.9,12230.03,199.75,6869.87
SL-0008828,STR-046,CAT-04,2024-12-01,2024,12,409,190,11899.19,7787.64,156.61,4111.55
SL-0008829,STR-046,CAT-05,2024-12-01,2024,12,979,459,24306.99,11025.93,935.09,13281.06
SL-0008830,STR-046,CAT-06,2024-12-01,2024,12,847,473,24583.08,19179.53,1445.25,5403.55
SL-0008831,STR-046,CAT-07,2024-12-01,2024,12,1124,579,34402.38,20637.28,1139.7,13765.1
SL-0008832,STR-046,CAT-08,2024-12-01,2024,12,654,458,21110.46,14966.47,388.4,6143.99
SL-0008833,STR-047,CAT-01,2023-01-01,2023,1,473,265,15923.44,9607.52,855.0,6315.92
SL-0008834,STR-047,CAT-02,2023-01-01,2023,1,303,171,9293.89,7450.53,546.41,1843.36
SL-0008835,STR-047,CAT-03,2023-01-01,2023,1,645,276,9557.28,5827.34,173.67,3729.94
SL-0008836,STR-047,CAT-04,2023-01-01,2023,1,392,211,11511.38,7181.11,300.46,4330.27
SL-0008837,STR-047,CAT-05,2023-01-01,2023,1,501,346,11218.29,4923.63,476.33,6294.66
SL-0008838,STR-047,CAT-06,2023-01-01,2023,1,346,214,10108.92,8060.65,236.76,2048.27
SL-0008839,STR-047,CAT-07,2023-01-01,2023,1,314,169,6843.23,4041.11,199.53,2802.12
SL-0008840,STR-047,CAT-08,2023-01-01,2023,1,313,158,8269.1,5658.43,393.2,2610.67
SL-0008841,STR-047,CAT-01,2023-02-01,2023,2,785,328,12422.24,7484.9,318.26,4937.34
SL-0008842,STR-047,CAT-02,2023-02-01,2023,2,282,186,7413.61,5789.78,338.3,1623.83
SL-0008843,STR-047,CAT-03,2023-02-01,2023,2,305,211,8455.56,5252.34,474.33,3203.22
SL-0008844,STR-047,CAT-04,2023-02-01,2023,2,380,312,11644.99,7555.3,273.74,4089.69
SL-0008845,STR-047,CAT-05,2023-02-01,2023,2,639,324,11862.13,5624.94,308.13,6237.19
SL-0008846,STR-047,CAT-06,2023-02-01,2023,2,684,377,16740.25,13212.47,850.41,3527.78
SL-0008847,STR-047,CAT-07,2023-02-01,2023,2,315,128,9632.31,5741.44,250.34,3890.87
SL-0008848,STR-047,CAT-08,2023-02-01,2023,2,392,291,13662.47,9463.79,323.36,4198.68
SL-0008849,STR-047,CAT-01,2023-03-01,2023,3,570,347,11498.73,7011.1,257.37,4487.63
SL-0008850,STR-047,CAT-02,2023-03-01,2023,3,571,340,14905.47,12958.49,218.74,1946.98
SL-0008851,STR-047,CAT-03,2023-03-01,2023,3,265,156,10662.73,6798.97,506.66,3863.76
SL-0008852,STR-047,CAT-04,2023-03-01,2023,3,780,535,16102.37,10646.47,391.76,5455.9
SL-0008853,STR-047,CAT-05,2023-03-01,2023,3,525,264,15327.28,6870.69,376.91,8456.59
SL-0008854,STR-047,CAT-06,2023-03-01,2023,3,424,281,12121.34,9557.79,242.39,2563.55
SL-0008855,STR-047,CAT-07,2023-03-01,2023,3,858,342,15883.89,9820.33,825.6,6063.56
SL-0008856,STR-047,CAT-08,2023-03-01,2023,3,512,300,15250.93,10557.98,380.74,4692.95
SL-0008857,STR-047,CAT-01,2023-04-01,2023,4,449,214,12483.09,7087.37,403.47,5395.72
SL-0008858,STR-047,CAT-02,2023-04-01,2023,4,479,252,11382.03,9352.8,498.26,2029.23
SL-0008859,STR-047,CAT-03,2023-04-01,2023,4,665,351,15293.58,9171.88,825.07,6121.7
SL-0008860,STR-047,CAT-04,2023-04-01,2023,4,899,551,22448.98,14597.73,493.82,7851.25
SL-0008861,STR-047,CAT-05,2023-04-01,2023,4,644,428,16796.68,7189.38,313.83,9607.3
SL-0008862,STR-047,CAT-06,2023-04-01,2023,4,465,242,14359.0,11033.06,426.62,3325.94
SL-0008863,STR-047,CAT-07,2023-04-01,2023,4,480,299,14785.03,9378.25,696.88,5406.78
SL-0008864,STR-047,CAT-08,2023-04-01,2023,4,882,553,15972.61,10709.95,275.89,5262.66
SL-0008865,STR-047,CAT-01,2023-05-01,2023,5,482,475,10276.1,5742.45,459.32,4533.65
SL-0008866,STR-047,CAT-02,2023-05-01,2023,5,318,147,12602.85,10611.31,145.22,1991.54
SL-0008867,STR-047,CAT-03,2023-05-01,2023,5,384,259,15556.04,9067.02,687.33,6489.02
SL-0008868,STR-047,CAT-04,2023-05-01,2023,5,439,260,13196.47,9131.93,419.55,4064.54
SL-0008869,STR-047,CAT-05,2023-05-01,2023,5,372,352,16562.82,7221.95,446.57,9340.87
SL-0008870,STR-047,CAT-06,2023-05-01,2023,5,717,407,17381.81,13467.02,1021.44,3914.79
SL-0008871,STR-047,CAT-07,2023-05-01,2023,5,530,319,15818.55,9463.05,607.03,6355.5
SL-0008872,STR-047,CAT-08,2023-05-01,2023,5,453,257,16544.31,11826.83,910.02,4717.48
SL-0008873,STR-047,CAT-01,2023-06-01,2023,6,414,343,16037.97,9092.83,743.39,6945.14
SL-0008874,STR-047,CAT-02,2023-06-01,2023,6,937,589,13991.14,11402.36,313.41,2588.78
SL-0008875,STR-047,CAT-03,2023-06-01,2023,6,278,139,12352.9,7668.85,578.21,4684.05
SL-0008876,STR-047,CAT-04,2023-06-01,2023,6,361,166,10981.45,7358.13,562.01,3623.32
SL-0008877,STR-047,CAT-05,2023-06-01,2023,6,837,432,16551.24,7537.96,476.63,9013.28
SL-0008878,STR-047,CAT-06,2023-06-01,2023,6,599,350,14626.32,11773.35,407.74,2852.97
SL-0008879,STR-047,CAT-07,2023-06-01,2023,6,222,109,9317.64,5462.48,534.25,3855.16
SL-0008880,STR-047,CAT-08,2023-06-01,2023,6,280,153,10117.07,7092.14,287.4,3024.93
SL-0008881,STR-047,CAT-01,2023-07-01,2023,7,442,285,10248.39,6091.17,255.21,4157.22
SL-0008882,STR-047,CAT-02,2023-07-01,2023,7,338,214,10762.87,9161.99,417.69,1600.88
SL-0008883,STR-047,CAT-03,2023-07-01,2023,7,278,160,6567.55,3931.38,325.18,2636.17
SL-0008884,STR-047,CAT-04,2023-07-01,2023,7,668,422,16737.33,10822.82,759.17,5914.51
SL-0008885,STR-047,CAT-05,2023-07-01,2023,7,363,208,10680.04,4838.73,197.14,5841.31
SL-0008886,STR-047,CAT-06,2023-07-01,2023,7,225,146,6836.14,5387.37,248.5,1448.77
SL-0008887,STR-047,CAT-07,2023-07-01,2023,7,524,227,13727.28,8622.75,739.87,5104.53
SL-0008888,STR-047,CAT-08,2023-07-01,2023,7,253,141,7999.64,5576.52,316.9,2423.12
SL-0008889,STR-047,CAT-01,2023-08-01,2023,8,1310,821,15098.76,8674.68,366.67,6424.08
SL-0008890,STR-047,CAT-02,2023-08-01,2023,8,423,233,14118.01,11876.68,516.29,2241.33
SL-0008891,STR-047,CAT-03,2023-08-01,2023,8,450,218,17340.99,10944.21,863.29,6396.78
SL-0008892,STR-047,CAT-04,2023-08-01,2023,8,614,245,18209.89,12545.82,919.41,5664.07
SL-0008893,STR-047,CAT-05,2023-08-01,2023,8,663,288,11005.18,4879.64,367.84,6125.54
SL-0008894,STR-047,CAT-06,2023-08-01,2023,8,543,353,14696.57,11691.73,856.91,3004.84
SL-0008895,STR-047,CAT-07,2023-08-01,2023,8,996,651,17840.23,10833.76,202.94,7006.47
SL-0008896,STR-047,CAT-08,2023-08-01,2023,8,1971,1163,19642.84,13253.12,985.4,6389.72
SL-0008897,STR-047,CAT-01,2023-09-01,2023,9,236,108,8352.02,4748.0,318.71,3604.02
SL-0008898,STR-047,CAT-02,2023-09-01,2023,9,557,281,11350.11,8947.94,203.13,2402.17
SL-0008899,STR-047,CAT-03,2023-09-01,2023,9,362,186,10151.05,6252.56,216.2,3898.49
SL-0008900,STR-047,CAT-04,2023-09-01,2023,9,485,227,13488.36,8864.96,556.4,4623.4
SL-0008901,STR-047,CAT-05,2023-09-01,2023,9,259,144,6738.63,2845.99,395.46,3892.64
SL-0008902,STR-047,CAT-06,2023-09-01,2023,9,452,258,14592.17,11014.71,723.76,3577.46
SL-0008903,STR-047,CAT-07,2023-09-01,2023,9,226,171,9695.0,6202.36,360.82,3492.64
SL-0008904,STR-047,CAT-08,2023-09-01,2023,9,372,168,8993.63,6027.04,534.64,2966.59
SL-0008905,STR-047,CAT-01,2023-10-01,2023,10,565,355,16961.32,9566.23,331.58,7395.09
SL-0008906,STR-047,CAT-02,2023-10-01,2023,10,525,347,16261.58,13396.37,867.82,2865.21
SL-0008907,STR-047,CAT-03,2023-10-01,2023,10,639,368,17523.52,10859.71,268.56,6663.81
SL-0008908,STR-047,CAT-04,2023-10-01,2023,10,1170,412,13161.78,8551.72,527.43,4610.06
SL-0008909,STR-047,CAT-05,2023-10-01,2023,10,426,293,9533.94,4470.83,407.46,5063.11
SL-0008910,STR-047,CAT-06,2023-10-01,2023,10,483,290,15857.82,12442.59,737.96,3415.23
SL-0008911,STR-047,CAT-07,2023-10-01,2023,10,708,342,19765.69,12596.66,1047.07,7169.03
SL-0008912,STR-047,CAT-08,2023-10-01,2023,10,468,234,11220.71,7892.91,187.94,3327.8
SL-0008913,STR-047,CAT-01,2023-11-01,2023,11,574,282,25576.28,14603.75,719.96,10972.53
SL-0008914,STR-047,CAT-02,2023-11-01,2023,11,3041,1466,30749.25,25621.2,854.08,5128.05
SL-0008915,STR-047,CAT-03,2023-11-01,2023,11,796,481,14215.31,8994.11,718.48,5221.2
SL-0008916,STR-047,CAT-04,2023-11-01,2023,11,309,153,14482.24,9633.18,400.58,4849.06
SL-0008917,STR-047,CAT-05,2023-11-01,2023,11,1105,769,16639.5,7198.67,287.81,9440.83
SL-0008918,STR-047,CAT-06,2023-11-01,2023,11,796,334,19326.01,14661.25,1144.8,4664.76
SL-0008919,STR-047,CAT-07,2023-11-01,2023,11,517,292,20885.49,12191.86,556.19,8693.63
SL-0008920,STR-047,CAT-08,2023-11-01,2023,11,718,331,25443.04,17353.04,463.46,8090.0
SL-0008921,STR-047,CAT-01,2023-12-01,2023,12,636,312,18627.84,10390.15,802.79,8237.69
SL-0008922,STR-047,CAT-02,2023-12-01,2023,12,885,478,27403.82,22344.47,922.36,5059.35
SL-0008923,STR-047,CAT-03,2023-12-01,2023,12,685,358,15247.09,9124.08,578.28,6123.01
SL-0008924,STR-047,CAT-04,2023-12-01,2023,12,318,145,7854.21,5195.18,445.97,2659.03
SL-0008925,STR-047,CAT-05,2023-12-01,2023,12,1122,562,21017.69,9590.99,799.26,11426.7
SL-0008926,STR-047,CAT-06,2023-12-01,2023,12,296,133,9366.65,7095.95,378.94,2270.7
SL-0008927,STR-047,CAT-07,2023-12-01,2023,12,886,669,28061.49,16767.24,847.02,11294.25
SL-0008928,STR-047,CAT-08,2023-12-01,2023,12,382,199,13587.39,10044.32,444.78,3543.07
SL-0008929,STR-047,CAT-01,2024-01-01,2024,1,303,195,11504.11,6844.33,544.95,4659.78
SL-0008930,STR-047,CAT-02,2024-01-01,2024,1,540,314,11122.13,8790.53,567.54,2331.6
SL-0008931,STR-047,CAT-03,2024-01-01,2024,1,759,462,18908.28,11231.19,254.7,7677.09
SL-0008932,STR-047,CAT-04,2024-01-01,2024,1,523,281,14927.43,9902.86,882.11,5024.57
SL-0008933,STR-047,CAT-05,2024-01-01,2024,1,458,215,12375.15,5379.26,323.16,6995.89
SL-0008934,STR-047,CAT-06,2024-01-01,2024,1,394,175,11501.85,9233.12,512.57,2268.73
SL-0008935,STR-047,CAT-07,2024-01-01,2024,1,818,377,10160.14,6136.34,315.03,4023.8
SL-0008936,STR-047,CAT-08,2024-01-01,2024,1,831,511,16934.56,12095.21,363.79,4839.35
SL-0008937,STR-047,CAT-01,2024-02-01,2024,2,439,274,9996.54,5684.44,468.84,4312.1
SL-0008938,STR-047,CAT-02,2024-02-01,2024,2,296,180,10487.91,8273.92,350.95,2213.99
SL-0008939,STR-047,CAT-03,2024-02-01,2024,2,356,184,10284.34,6509.09,555.32,3775.25
SL-0008940,STR-047,CAT-04,2024-02-01,2024,2,275,160,8942.38,5652.3,350.12,3290.08
SL-0008941,STR-047,CAT-05,2024-02-01,2024,2,393,270,9858.94,4589.89,402.96,5269.05
SL-0008942,STR-047,CAT-06,2024-02-01,2024,2,372,261,10624.95,8011.28,236.07,2613.67
SL-0008943,STR-047,CAT-07,2024-02-01,2024,2,212,116,6162.67,3659.87,253.38,2502.8
SL-0008944,STR-047,CAT-08,2024-02-01,2024,2,523,293,9139.55,6455.97,122.81,2683.58
SL-0008945,STR-047,CAT-01,2024-03-01,2024,3,400,238,14709.24,8581.12,261.97,6128.12
SL-0008946,STR-047,CAT-02,2024-03-01,2024,3,323,223,8807.62,7057.24,253.66,1750.38
SL-0008947,STR-047,CAT-03,2024-03-01,2024,3,466,189,9871.89,6210.82,339.9,3661.07
SL-0008948,STR-047,CAT-04,2024-03-01,2024,3,542,340,10935.81,7065.28,493.68,3870.53
SL-0008949,STR-047,CAT-05,2024-03-01,2024,3,406,365,10573.14,4932.65,540.23,5640.49
SL-0008950,STR-047,CAT-06,2024-03-01,2024,3,2566,1303,17346.6,13640.19,763.84,3706.41
SL-0008951,STR-047,CAT-07,2024-03-01,2024,3,889,437,13582.05,8361.23,782.55,5220.82
SL-0008952,STR-047,CAT-08,2024-03-01,2024,3,758,375,20376.55,14781.43,670.49,5595.12
SL-0008953,STR-047,CAT-01,2024-04-01,2024,4,728,316,17520.17,9432.75,924.79,8087.42
SL-0008954,STR-047,CAT-02,2024-04-01,2024,4,603,384,15327.5,12073.56,781.88,3253.94
SL-0008955,STR-047,CAT-03,2024-04-01,2024,4,532,392,11359.7,6806.82,499.97,4552.88
SL-0008956,STR-047,CAT-04,2024-04-01,2024,4,857,507,18602.82,12405.33,1049.42,6197.49
SL-0008957,STR-047,CAT-05,2024-04-01,2024,4,672,362,16472.7,7281.04,776.06,9191.66
SL-0008958,STR-047,CAT-06,2024-04-01,2024,4,570,307,10502.08,8122.8,347.96,2379.28
SL-0008959,STR-047,CAT-07,2024-04-01,2024,4,318,176,11228.42,6622.64,646.6,4605.78
SL-0008960,STR-047,CAT-08,2024-04-01,2024,4,233,104,6587.71,4612.9,359.67,1974.81
SL-0008961,STR-047,CAT-01,2024-05-01,2024,5,387,251,14828.3,8936.14,660.91,5892.16
SL-0008962,STR-047,CAT-02,2024-05-01,2024,5,520,320,12446.79,10258.86,721.51,2187.93
SL-0008963,STR-047,CAT-03,2024-05-01,2024,5,580,501,16704.87,10142.9,412.39,6561.97
SL-0008964,STR-047,CAT-04,2024-05-01,2024,5,879,489,16246.0,10923.97,191.76,5322.03
SL-0008965,STR-047,CAT-05,2024-05-01,2024,5,667,339,15895.76,7010.95,539.43,8884.81
SL-0008966,STR-047,CAT-06,2024-05-01,2024,5,247,131,8411.68,6816.21,321.84,1595.47
SL-0008967,STR-047,CAT-07,2024-05-01,2024,5,404,248,10414.67,6248.16,256.15,4166.51
SL-0008968,STR-047,CAT-08,2024-05-01,2024,5,367,178,13354.05,9833.33,783.61,3520.72
SL-0008969,STR-047,CAT-01,2024-06-01,2024,6,374,209,10731.33,6242.12,235.53,4489.21
SL-0008970,STR-047,CAT-02,2024-06-01,2024,6,430,196,16059.44,13469.6,458.02,2589.84
SL-0008971,STR-047,CAT-03,2024-06-01,2024,6,557,335,18386.12,11538.68,836.59,6847.44
SL-0008972,STR-047,CAT-04,2024-06-01,2024,6,640,350,21325.77,13609.37,700.52,7716.4
SL-0008973,STR-047,CAT-05,2024-06-01,2024,6,505,304,13550.11,6057.0,720.21,7493.11
SL-0008974,STR-047,CAT-06,2024-06-01,2024,6,425,307,13466.17,10618.87,171.35,2847.3
SL-0008975,STR-047,CAT-07,2024-06-01,2024,6,846,704,11698.96,7219.21,364.48,4479.75
SL-0008976,STR-047,CAT-08,2024-06-01,2024,6,277,186,11125.21,7633.44,180.76,3491.77
SL-0008977,STR-047,CAT-01,2024-07-01,2024,7,433,251,13834.59,7989.53,166.87,5845.06
SL-0008978,STR-047,CAT-02,2024-07-01,2024,7,196,125,8012.54,6393.31,237.28,1619.23
SL-0008979,STR-047,CAT-03,2024-07-01,2024,7,408,274,12943.7,7845.63,667.7,5098.07
SL-0008980,STR-047,CAT-04,2024-07-01,2024,7,431,182,8140.06,5435.74,390.34,2704.32
SL-0008981,STR-047,CAT-05,2024-07-01,2024,7,340,255,11120.71,4952.7,493.1,6168.01
SL-0008982,STR-047,CAT-06,2024-07-01,2024,7,485,223,10406.33,7790.65,541.93,2615.68
SL-0008983,STR-047,CAT-07,2024-07-01,2024,7,486,226,14097.75,8438.21,441.02,5659.54
SL-0008984,STR-047,CAT-08,2024-07-01,2024,7,245,157,8485.03,5628.23,404.48,2856.8
SL-0008985,STR-047,CAT-01,2024-08-01,2024,8,391,193,11877.89,6743.24,206.92,5134.65
SL-0008986,STR-047,CAT-02,2024-08-01,2024,8,374,175,11077.75,8990.97,567.16,2086.78
SL-0008987,STR-047,CAT-03,2024-08-01,2024,8,374,198,11539.53,7042.62,307.84,4496.91
SL-0008988,STR-047,CAT-04,2024-08-01,2024,8,504,241,17674.22,11325.36,334.33,6348.86
SL-0008989,STR-047,CAT-05,2024-08-01,2024,8,534,345,13909.11,6203.57,445.27,7705.54
SL-0008990,STR-047,CAT-06,2024-08-01,2024,8,661,407,15476.08,12168.07,352.82,3308.01
SL-0008991,STR-047,CAT-07,2024-08-01,2024,8,415,248,8032.01,4987.73,193.08,3044.28
SL-0008992,STR-047,CAT-08,2024-08-01,2024,8,652,378,13973.04,9208.18,257.91,4764.86
SL-0008993,STR-047,CAT-01,2024-09-01,2024,9,822,651,22588.86,13008.79,855.11,9580.07
SL-0008994,STR-047,CAT-02,2024-09-01,2024,9,400,204,11261.15,9355.51,225.62,1905.64
SL-0008995,STR-047,CAT-03,2024-09-01,2024,9,373,194,11922.28,7564.2,448.36,4358.08
SL-0008996,STR-047,CAT-04,2024-09-01,2024,9,621,354,18497.49,12805.22,197.58,5692.27
SL-0008997,STR-047,CAT-05,2024-09-01,2024,9,371,230,10183.58,4656.4,317.46,5527.18
SL-0008998,STR-047,CAT-06,2024-09-01,2024,9,460,218,15873.3,11593.43,233.5,4279.87
SL-0008999,STR-047,CAT-07,2024-09-01,2024,9,180,100,7430.26,4331.09,169.01,3099.17
SL-0009000,STR-047,CAT-08,2024-09-01,2024,9,539,297,9428.04,6617.15,306.03,2810.89
SL-0009001,STR-047,CAT-01,2024-10-01,2024,10,663,371,17942.79,9915.81,405.35,8026.98
SL-0009002,STR-047,CAT-02,2024-10-01,2024,10,372,235,14766.68,12235.91,161.15,2530.77
SL-0009003,STR-047,CAT-03,2024-10-01,2024,10,425,243,9688.75,5968.69,566.72,3720.06
SL-0009004,STR-047,CAT-04,2024-10-01,2024,10,435,244,8402.73,5507.37,235.59,2895.36
SL-0009005,STR-047,CAT-05,2024-10-01,2024,10,359,166,8893.4,3754.01,356.72,5139.39
SL-0009006,STR-047,CAT-06,2024-10-01,2024,10,924,490,9680.27,7500.83,221.33,2179.44
SL-0009007,STR-047,CAT-07,2024-10-01,2024,10,460,295,13976.08,7902.25,739.67,6073.83
SL-0009008,STR-047,CAT-08,2024-10-01,2024,10,397,202,14627.84,9123.11,776.4,5504.73
SL-0009009,STR-047,CAT-01,2024-11-01,2024,11,918,568,23850.01,13490.61,464.34,10359.4
SL-0009010,STR-047,CAT-02,2024-11-01,2024,11,921,492,22318.78,18004.96,1278.64,4313.82
SL-0009011,STR-047,CAT-03,2024-11-01,2024,11,373,270,12145.6,7236.1,440.36,4909.5
SL-0009012,STR-047,CAT-04,2024-11-01,2024,11,429,265,11631.85,7448.93,606.7,4182.92
SL-0009013,STR-047,CAT-05,2024-11-01,2024,11,846,371,19012.74,8483.87,740.97,10528.87
SL-0009014,STR-047,CAT-06,2024-11-01,2024,11,510,258,16872.72,12866.69,679.61,4006.03
SL-0009015,STR-047,CAT-07,2024-11-01,2024,11,390,281,17940.44,10642.54,346.35,7297.9
SL-0009016,STR-047,CAT-08,2024-11-01,2024,11,474,391,11562.83,8137.03,686.07,3425.8
SL-0009017,STR-047,CAT-01,2024-12-01,2024,12,398,176,15463.72,8871.88,509.12,6591.84
SL-0009018,STR-047,CAT-02,2024-12-01,2024,12,643,307,17603.08,14702.71,925.06,2900.37
SL-0009019,STR-047,CAT-03,2024-12-01,2024,12,746,414,20800.97,13479.92,427.13,7321.05
SL-0009020,STR-047,CAT-04,2024-12-01,2024,12,535,326,10475.95,6780.06,114.28,3695.89
SL-0009021,STR-047,CAT-05,2024-12-01,2024,12,697,428,19081.86,8666.67,719.53,10415.19
SL-0009022,STR-047,CAT-06,2024-12-01,2024,12,311,148,10707.11,8304.54,282.27,2402.57
SL-0009023,STR-047,CAT-07,2024-12-01,2024,12,649,348,21624.37,13354.78,275.89,8269.59
SL-0009024,STR-047,CAT-08,2024-12-01,2024,12,764,322,16592.09,11331.32,198.54,5260.77
SL-0009025,STR-048,CAT-01,2023-01-01,2023,1,433,309,7442.86,4250.2,281.34,3192.66
SL-0009026,STR-048,CAT-02,2023-01-01,2023,1,251,129,6634.04,5381.05,120.68,1252.99
SL-0009027,STR-048,CAT-03,2023-01-01,2023,1,217,176,8042.86,5090.1,278.72,2952.76
SL-0009028,STR-048,CAT-04,2023-01-01,2023,1,271,147,8843.97,5543.59,221.66,3300.38
SL-0009029,STR-048,CAT-05,2023-01-01,2023,1,221,142,8547.38,3902.62,107.26,4644.76
SL-0009030,STR-048,CAT-06,2023-01-01,2023,1,184,101,5814.96,4546.93,300.19,1268.03
SL-0009031,STR-048,CAT-07,2023-01-01,2023,1,310,132,7866.07,4601.21,454.27,3264.86
SL-0009032,STR-048,CAT-08,2023-01-01,2023,1,289,155,7192.43,5063.26,365.7,2129.17
SL-0009033,STR-048,CAT-01,2023-02-01,2023,2,314,185,9971.48,5693.3,509.64,4278.18
SL-0009034,STR-048,CAT-02,2023-02-01,2023,2,145,76,4418.52,3470.21,51.88,948.31
SL-0009035,STR-048,CAT-03,2023-02-01,2023,2,341,208,10093.71,6678.59,215.12,3415.12
SL-0009036,STR-048,CAT-04,2023-02-01,2023,2,474,287,12353.18,7600.46,526.17,4752.72
SL-0009037,STR-048,CAT-05,2023-02-01,2023,2,648,297,11083.6,4947.66,187.78,6135.94
SL-0009038,STR-048,CAT-06,2023-02-01,2023,2,579,449,12194.32,10074.33,388.58,2119.99
SL-0009039,STR-048,CAT-07,2023-02-01,2023,2,196,123,4317.58,2584.83,126.46,1732.75
SL-0009040,STR-048,CAT-08,2023-02-01,2023,2,238,111,8918.45,5937.59,495.64,2980.86
SL-0009041,STR-048,CAT-01,2023-03-01,2023,3,286,173,10748.91,6189.33,420.92,4559.58
SL-0009042,STR-048,CAT-02,2023-03-01,2023,3,805,458,10166.75,8361.39,255.78,1805.36
SL-0009043,STR-048,CAT-03,2023-03-01,2023,3,431,222,10134.3,6496.88,498.07,3637.42
SL-0009044,STR-048,CAT-04,2023-03-01,2023,3,459,254,11937.62,7686.66,232.97,4250.96
SL-0009045,STR-048,CAT-05,2023-03-01,2023,3,343,179,10343.03,4705.39,582.67,5637.64
SL-0009046,STR-048,CAT-06,2023-03-01,2023,3,359,223,8278.55,6103.15,417.13,2175.4
SL-0009047,STR-048,CAT-07,2023-03-01,2023,3,285,147,9968.65,5946.82,219.08,4021.83
SL-0009048,STR-048,CAT-08,2023-03-01,2023,3,142,82,5440.16,3913.11,108.31,1527.05
SL-0009049,STR-048,CAT-01,2023-04-01,2023,4,382,217,13981.57,7632.88,835.48,6348.69
SL-0009050,STR-048,CAT-02,2023-04-01,2023,4,462,334,13786.5,11561.77,226.51,2224.73
SL-0009051,STR-048,CAT-03,2023-04-01,2023,4,1110,606,20620.44,13889.98,1178.27,6730.46
SL-0009052,STR-048,CAT-04,2023-04-01,2023,4,483,254,8963.65,5720.4,385.03,3243.25
SL-0009053,STR-048,CAT-05,2023-04-01,2023,4,431,272,16769.18,7286.56,540.13,9482.62
SL-0009054,STR-048,CAT-06,2023-04-01,2023,4,252,108,9978.61,8270.64,455.76,1707.97
SL-0009055,STR-048,CAT-07,2023-04-01,2023,4,322,144,10649.43,6659.57,171.57,3989.86
SL-0009056,STR-048,CAT-08,2023-04-01,2023,4,716,337,13465.21,9636.55,458.35,3828.66
SL-0009057,STR-048,CAT-01,2023-05-01,2023,5,425,283,11028.61,6667.53,493.66,4361.08
SL-0009058,STR-048,CAT-02,2023-05-01,2023,5,337,170,8769.44,7365.19,315.19,1404.25
SL-0009059,STR-048,CAT-03,2023-05-01,2023,5,307,195,7207.5,4404.22,168.49,2803.28
SL-0009060,STR-048,CAT-04,2023-05-01,2023,5,338,187,6787.76,4316.59,265.44,2471.17
SL-0009061,STR-048,CAT-05,2023-05-01,2023,5,202,144,8894.74,4056.73,242.54,4838.01
SL-0009062,STR-048,CAT-06,2023-05-01,2023,5,182,87,6221.05,4950.04,225.27,1271.01
SL-0009063,STR-048,CAT-07,2023-05-01,2023,5,202,111,4958.09,3040.98,168.0,1917.11
SL-0009064,STR-048,CAT-08,2023-05-01,2023,5,185,94,6303.99,4563.86,140.05,1740.13
SL-0009065,STR-048,CAT-01,2023-06-01,2023,6,342,158,7088.63,4015.98,280.12,3072.65
SL-0009066,STR-048,CAT-02,2023-06-01,2023,6,323,136,9733.56,8272.7,243.91,1460.86
SL-0009067,STR-048,CAT-03,2023-06-01,2023,6,507,253,10069.97,6155.13,250.0,3914.84
SL-0009068,STR-048,CAT-04,2023-06-01,2023,6,354,216,10535.29,6941.1,144.77,3594.19
SL-0009069,STR-048,CAT-05,2023-06-01,2023,6,306,135,9645.35,4519.89,222.72,5125.46
SL-0009070,STR-048,CAT-06,2023-06-01,2023,6,239,117,5570.16,4412.49,70.02,1157.67
SL-0009071,STR-048,CAT-07,2023-06-01,2023,6,307,168,10013.74,5721.4,339.68,4292.34
SL-0009072,STR-048,CAT-08,2023-06-01,2023,6,486,246,8171.33,5661.75,93.82,2509.58
SL-0009073,STR-048,CAT-01,2023-07-01,2023,7,395,219,11253.91,6519.3,338.39,4734.61
SL-0009074,STR-048,CAT-02,2023-07-01,2023,7,187,82,6580.02,5529.45,325.96,1050.57
SL-0009075,STR-048,CAT-03,2023-07-01,2023,7,383,184,6466.77,3845.37,151.77,2621.4
SL-0009076,STR-048,CAT-04,2023-07-01,2023,7,210,104,8372.19,5642.77,388.87,2729.42
SL-0009077,STR-048,CAT-05,2023-07-01,2023,7,245,111,5724.3,2516.63,330.8,3207.67
SL-0009078,STR-048,CAT-06,2023-07-01,2023,7,523,246,9869.59,7718.15,541.19,2151.44
SL-0009079,STR-048,CAT-07,2023-07-01,2023,7,544,432,11216.4,6544.94,422.36,4671.46
SL-0009080,STR-048,CAT-08,2023-07-01,2023,7,399,247,11685.01,8107.48,433.21,3577.53
SL-0009081,STR-048,CAT-01,2023-08-01,2023,8,773,463,15279.1,8482.06,187.6,6797.04
SL-0009082,STR-048,CAT-02,2023-08-01,2023,8,560,350,9086.0,7433.11,319.13,1652.89
SL-0009083,STR-048,CAT-03,2023-08-01,2023,8,341,201,9737.03,5994.84,201.58,3742.19
SL-0009084,STR-048,CAT-04,2023-08-01,2023,8,268,150,6819.99,4430.57,105.13,2389.42
SL-0009085,STR-048,CAT-05,2023-08-01,2023,8,291,193,6896.47,3148.2,155.51,3748.27
SL-0009086,STR-048,CAT-06,2023-08-01,2023,8,472,289,8387.34,6311.5,203.92,2075.84
SL-0009087,STR-048,CAT-07,2023-08-01,2023,8,485,216,10869.53,6616.09,246.01,4253.44
SL-0009088,STR-048,CAT-08,2023-08-01,2023,8,305,206,8318.08,5946.73,99.83,2371.35
SL-0009089,STR-048,CAT-01,2023-09-01,2023,9,239,112,6743.53,3905.57,304.03,2837.96
SL-0009090,STR-048,CAT-02,2023-09-01,2023,9,514,259,11325.49,10065.12,553.11,1260.37
SL-0009091,STR-048,CAT-03,2023-09-01,2023,9,381,253,8917.03,5380.22,439.79,3536.81
SL-0009092,STR-048,CAT-04,2023-09-01,2023,9,330,168,6801.08,4484.29,400.94,2316.79
SL-0009093,STR-048,CAT-05,2023-09-01,2023,9,442,243,12151.36,5304.61,388.68,6846.75
SL-0009094,STR-048,CAT-06,2023-09-01,2023,9,189,133,5645.34,4225.29,223.03,1420.05
SL-0009095,STR-048,CAT-07,2023-09-01,2023,9,478,259,9856.14,6189.04,180.42,3667.1
SL-0009096,STR-048,CAT-08,2023-09-01,2023,9,474,234,15036.27,10384.31,681.67,4651.96
SL-0009097,STR-048,CAT-01,2023-10-01,2023,10,309,158,9703.06,5785.83,571.05,3917.23
SL-0009098,STR-048,CAT-02,2023-10-01,2023,10,435,262,12093.31,9782.08,245.47,2311.23
SL-0009099,STR-048,CAT-03,2023-10-01,2023,10,279,147,6605.52,4173.54,377.64,2431.98
SL-0009100,STR-048,CAT-04,2023-10-01,2023,10,692,589,13000.31,8185.39,551.73,4814.92
SL-0009101,STR-048,CAT-05,2023-10-01,2023,10,565,311,11665.98,5340.22,475.81,6325.76
SL-0009102,STR-048,CAT-06,2023-10-01,2023,10,382,196,9320.79,7576.96,526.06,1743.83
SL-0009103,STR-048,CAT-07,2023-10-01,2023,10,412,251,12541.57,7040.48,518.64,5501.09
SL-0009104,STR-048,CAT-08,2023-10-01,2023,10,339,171,10847.6,7463.18,586.67,3384.42
SL-0009105,STR-048,CAT-01,2023-11-01,2023,11,725,493,15537.07,9217.14,476.27,6319.93
SL-0009106,STR-048,CAT-02,2023-11-01,2023,11,378,170,10099.55,8674.39,501.27,1425.16
SL-0009107,STR-048,CAT-03,2023-11-01,2023,11,513,252,9982.59,6177.39,494.22,3805.2
SL-0009108,STR-048,CAT-04,2023-11-01,2023,11,284,175,8103.06,5168.95,438.64,2934.11
SL-0009109,STR-048,CAT-05,2023-11-01,2023,11,336,160,7588.0,3397.18,432.78,4190.82
SL-0009110,STR-048,CAT-06,2023-11-01,2023,11,232,124,8687.06,6763.31,434.11,1923.75
SL-0009111,STR-048,CAT-07,2023-11-01,2023,11,582,342,18097.78,10984.7,629.06,7113.08
SL-0009112,STR-048,CAT-08,2023-11-01,2023,11,342,226,11658.09,8332.97,199.99,3325.12
SL-0009113,STR-048,CAT-01,2023-12-01,2023,12,471,250,17272.38,10244.01,423.0,7028.37
SL-0009114,STR-048,CAT-02,2023-12-01,2023,12,458,254,13751.35,11163.87,373.45,2587.48
SL-0009115,STR-048,CAT-03,2023-12-01,2023,12,702,392,18208.06,11359.99,240.64,6848.07
SL-0009116,STR-048,CAT-04,2023-12-01,2023,12,325,174,8561.4,5377.51,420.79,3183.89
SL-0009117,STR-048,CAT-05,2023-12-01,2023,12,453,243,9674.28,4313.05,518.35,5361.23
SL-0009118,STR-048,CAT-06,2023-12-01,2023,12,556,246,17605.43,13534.17,1030.58,4071.26
SL-0009119,STR-048,CAT-07,2023-12-01,2023,12,1197,736,31735.31,19002.55,1354.33,12732.76
SL-0009120,STR-048,CAT-08,2023-12-01,2023,12,394,203,11566.5,8426.18,352.05,3140.32
SL-0009121,STR-048,CAT-01,2024-01-01,2024,1,433,206,9745.72,5750.41,324.01,3995.31
SL-0009122,STR-048,CAT-02,2024-01-01,2024,1,162,109,4512.56,3803.45,128.07,709.11
SL-0009123,STR-048,CAT-03,2024-01-01,2024,1,221,82,4958.89,3074.08,102.09,1884.81
SL-0009124,STR-048,CAT-04,2024-01-01,2024,1,203,92,7193.49,4544.27,114.79,2649.22
SL-0009125,STR-048,CAT-05,2024-01-01,2024,1,221,132,6262.58,2763.16,187.0,3499.42
SL-0009126,STR-048,CAT-06,2024-01-01,2024,1,210,122,7446.46,5623.76,248.09,1822.7
SL-0009127,STR-048,CAT-07,2024-01-01,2024,1,152,70,3375.95,1969.11,79.16,1406.84
SL-0009128,STR-048,CAT-08,2024-01-01,2024,1,161,87,5758.41,4216.18,197.54,1542.23
SL-0009129,STR-048,CAT-01,2024-02-01,2024,2,251,143,9723.22,5740.55,388.31,3982.67
SL-0009130,STR-048,CAT-02,2024-02-01,2024,2,159,87,7352.28,6113.93,102.21,1238.35
SL-0009131,STR-048,CAT-03,2024-02-01,2024,2,372,194,9347.57,5957.2,226.8,3390.37
SL-0009132,STR-048,CAT-04,2024-02-01,2024,2,544,273,13708.4,8840.39,534.91,4868.01
SL-0009133,STR-048,CAT-05,2024-02-01,2024,2,467,313,14132.84,6381.55,423.12,7751.29
SL-0009134,STR-048,CAT-06,2024-02-01,2024,2,401,152,7430.65,5649.5,87.66,1781.15
SL-0009135,STR-048,CAT-07,2024-02-01,2024,2,279,142,9973.38,6146.48,549.96,3826.9
SL-0009136,STR-048,CAT-08,2024-02-01,2024,2,194,94,8318.58,5908.35,219.01,2410.23
SL-0009137,STR-048,CAT-01,2024-03-01,2024,3,359,151,10194.56,5659.49,581.6,4535.07
SL-0009138,STR-048,CAT-02,2024-03-01,2024,3,388,202,9732.65,8121.49,126.67,1611.16
SL-0009139,STR-048,CAT-03,2024-03-01,2024,3,468,327,12220.23,7564.92,280.9,4655.31
SL-0009140,STR-048,CAT-04,2024-03-01,2024,3,395,212,9722.21,6291.35,200.27,3430.86
SL-0009141,STR-048,CAT-05,2024-03-01,2024,3,356,200,13606.88,6263.52,480.14,7343.36
SL-0009142,STR-048,CAT-06,2024-03-01,2024,3,576,336,12280.86,10010.65,426.5,2270.21
SL-0009143,STR-048,CAT-07,2024-03-01,2024,3,204,113,6838.26,4165.15,384.5,2673.11
SL-0009144,STR-048,CAT-08,2024-03-01,2024,3,432,221,9257.09,6483.98,332.78,2773.11
SL-0009145,STR-048,CAT-01,2024-04-01,2024,4,907,641,18597.2,11185.18,944.02,7412.02
SL-0009146,STR-048,CAT-02,2024-04-01,2024,4,278,145,6731.4,5325.41,126.97,1405.99
SL-0009147,STR-048,CAT-03,2024-04-01,2024,4,1208,650,13404.96,8665.1,545.01,4739.86
SL-0009148,STR-048,CAT-04,2024-04-01,2024,4,330,184,12050.6,8424.11,424.85,3626.49
SL-0009149,STR-048,CAT-05,2024-04-01,2024,4,817,386,13027.04,5904.56,714.16,7122.48
SL-0009150,STR-048,CAT-06,2024-04-01,2024,4,887,508,15343.91,12171.32,712.81,3172.59
SL-0009151,STR-048,CAT-07,2024-04-01,2024,4,376,191,11637.7,6742.51,667.79,4895.19
SL-0009152,STR-048,CAT-08,2024-04-01,2024,4,785,375,14462.99,9836.77,242.9,4626.22
SL-0009153,STR-048,CAT-01,2024-05-01,2024,5,404,207,14164.76,8069.58,543.6,6095.18
SL-0009154,STR-048,CAT-02,2024-05-01,2024,5,433,244,10423.09,8492.13,578.05,1930.96
SL-0009155,STR-048,CAT-03,2024-05-01,2024,5,316,177,8923.27,5622.91,129.19,3300.36
SL-0009156,STR-048,CAT-04,2024-05-01,2024,5,220,106,8972.23,5660.86,380.66,3311.37
SL-0009157,STR-048,CAT-05,2024-05-01,2024,5,228,119,8783.12,3957.72,402.23,4825.4
SL-0009158,STR-048,CAT-06,2024-05-01,2024,5,524,291,13077.02,9980.22,221.03,3096.8
SL-0009159,STR-048,CAT-07,2024-05-01,2024,5,216,104,6605.73,3974.69,333.15,2631.04
SL-0009160,STR-048,CAT-08,2024-05-01,2024,5,206,108,6409.71,4722.33,260.84,1687.38
SL-0009161,STR-048,CAT-01,2024-06-01,2024,6,540,262,13448.82,7695.79,558.33,5753.03
SL-0009162,STR-048,CAT-02,2024-06-01,2024,6,441,202,10815.1,9168.28,291.65,1646.82
SL-0009163,STR-048,CAT-03,2024-06-01,2024,6,397,268,12186.44,7919.53,243.6,4266.91
SL-0009164,STR-048,CAT-04,2024-06-01,2024,6,508,255,13279.53,9057.17,491.46,4222.36
SL-0009165,STR-048,CAT-05,2024-06-01,2024,6,306,200,8581.08,3913.55,158.73,4667.53
SL-0009166,STR-048,CAT-06,2024-06-01,2024,6,630,349,13027.43,10183.23,734.58,2844.2
SL-0009167,STR-048,CAT-07,2024-06-01,2024,6,678,311,9473.89,5437.29,270.86,4036.6
SL-0009168,STR-048,CAT-08,2024-06-01,2024,6,255,156,8273.01,5950.47,238.91,2322.54
SL-0009169,STR-048,CAT-01,2024-07-01,2024,7,531,362,14774.83,8687.01,838.19,6087.82
SL-0009170,STR-048,CAT-02,2024-07-01,2024,7,358,198,13500.16,10931.86,359.56,2568.3
SL-0009171,STR-048,CAT-03,2024-07-01,2024,7,447,228,12393.51,7761.76,248.67,4631.75
SL-0009172,STR-048,CAT-04,2024-07-01,2024,7,451,235,9592.75,6359.74,221.18,3233.01
SL-0009173,STR-048,CAT-05,2024-07-01,2024,7,290,156,12869.99,5921.79,620.94,6948.2
SL-0009174,STR-048,CAT-06,2024-07-01,2024,7,680,303,18179.57,13761.62,835.53,4417.95
SL-0009175,STR-048,CAT-07,2024-07-01,2024,7,263,135,7103.98,4177.46,207.43,2926.52
SL-0009176,STR-048,CAT-08,2024-07-01,2024,7,205,129,7989.05,5654.91,364.41,2334.14
SL-0009177,STR-048,CAT-01,2024-08-01,2024,8,754,461,16538.57,9482.44,336.82,7056.13
SL-0009178,STR-048,CAT-02,2024-08-01,2024,8,502,255,10453.44,8585.67,316.96,1867.77
SL-0009179,STR-048,CAT-03,2024-08-01,2024,8,368,191,8867.99,5756.54,191.17,3111.45
SL-0009180,STR-048,CAT-04,2024-08-01,2024,8,655,338,17301.42,10797.53,627.06,6503.89
SL-0009181,STR-048,CAT-05,2024-08-01,2024,8,342,234,11251.03,5010.91,158.85,6240.12
SL-0009182,STR-048,CAT-06,2024-08-01,2024,8,627,367,14664.31,11726.21,738.85,2938.1
SL-0009183,STR-048,CAT-07,2024-08-01,2024,8,386,193,11494.65,6935.41,184.6,4559.24
SL-0009184,STR-048,CAT-08,2024-08-01,2024,8,307,179,7793.71,5532.55,194.86,2261.16
SL-0009185,STR-048,CAT-01,2024-09-01,2024,9,224,232,7080.49,4015.68,400.42,3064.81
SL-0009186,STR-048,CAT-02,2024-09-01,2024,9,291,254,8484.26,6636.88,299.98,1847.38
SL-0009187,STR-048,CAT-03,2024-09-01,2024,9,232,164,9825.49,6451.06,493.48,3374.43
SL-0009188,STR-048,CAT-04,2024-09-01,2024,9,239,147,8268.96,5283.73,426.21,2985.23
SL-0009189,STR-048,CAT-05,2024-09-01,2024,9,286,125,8087.39,3645.58,92.17,4441.81
SL-0009190,STR-048,CAT-06,2024-09-01,2024,9,311,175,9989.58,7657.51,383.58,2332.07
SL-0009191,STR-048,CAT-07,2024-09-01,2024,9,300,188,8888.37,5265.85,381.88,3622.52
SL-0009192,STR-048,CAT-08,2024-09-01,2024,9,182,95,7844.94,5419.93,369.85,2425.01
SL-0009193,STR-048,CAT-01,2024-10-01,2024,10,238,152,10196.94,5522.86,246.4,4674.08
SL-0009194,STR-048,CAT-02,2024-10-01,2024,10,373,248,10787.92,9520.49,566.42,1267.43
SL-0009195,STR-048,CAT-03,2024-10-01,2024,10,482,234,14394.31,8865.96,153.48,5528.35
SL-0009196,STR-048,CAT-04,2024-10-01,2024,10,514,381,10188.78,6831.61,181.86,3357.17
SL-0009197,STR-048,CAT-05,2024-10-01,2024,10,516,293,15535.49,7054.95,782.54,8480.54
SL-0009198,STR-048,CAT-06,2024-10-01,2024,10,526,377,14719.34,11541.96,316.82,3177.38
SL-0009199,STR-048,CAT-07,2024-10-01,2024,10,463,283,18316.01,10790.77,450.91,7525.24
SL-0009200,STR-048,CAT-08,2024-10-01,2024,10,548,239,11176.94,8039.62,468.38,3137.32
SL-0009201,STR-048,CAT-01,2024-11-01,2024,11,575,340,18276.62,10523.98,962.16,7752.64
SL-0009202,STR-048,CAT-02,2024-11-01,2024,11,715,510,25480.6,19801.88,921.56,5678.72
SL-0009203,STR-048,CAT-03,2024-11-01,2024,11,285,149,12459.4,7774.18,642.65,4685.22
SL-0009204,STR-048,CAT-04,2024-11-01,2024,11,447,360,9760.0,6584.64,196.09,3175.36
SL-0009205,STR-048,CAT-05,2024-11-01,2024,11,427,277,15444.46,7017.92,897.9,8426.54
SL-0009206,STR-048,CAT-06,2024-11-01,2024,11,412,383,17845.34,14254.1,535.95,3591.24
SL-0009207,STR-048,CAT-07,2024-11-01,2024,11,924,361,28773.55,16897.49,1359.97,11876.06
SL-0009208,STR-048,CAT-08,2024-11-01,2024,11,381,195,15542.65,10111.38,877.29,5431.27
SL-0009209,STR-048,CAT-01,2024-12-01,2024,12,385,224,15909.41,9240.11,364.48,6669.3
SL-0009210,STR-048,CAT-02,2024-12-01,2024,12,517,238,15306.97,11891.2,298.87,3415.77
SL-0009211,STR-048,CAT-03,2024-12-01,2024,12,708,405,15911.0,9990.4,545.31,5920.6
SL-0009212,STR-048,CAT-04,2024-12-01,2024,12,501,267,8006.01,4900.09,134.9,3105.92
SL-0009213,STR-048,CAT-05,2024-12-01,2024,12,651,354,15542.38,7019.3,903.39,8523.08
SL-0009214,STR-048,CAT-06,2024-12-01,2024,12,289,151,11716.05,8935.54,611.42,2780.51
SL-0009215,STR-048,CAT-07,2024-12-01,2024,12,1556,1008,25488.1,16146.96,769.76,9341.14
SL-0009216,STR-048,CAT-08,2024-12-01,2024,12,375,160,12298.17,8221.62,503.97,4076.55
SL-0009217,STR-049,CAT-01,2023-01-01,2023,1,901,429,27235.68,16422.97,351.36,10812.71
SL-0009218,STR-049,CAT-02,2023-01-01,2023,1,1055,581,22106.95,17954.3,732.09,4152.65
SL-0009219,STR-049,CAT-03,2023-01-01,2023,1,1678,1259,19059.37,12428.03,362.54,6631.34
SL-0009220,STR-049,CAT-04,2023-01-01,2023,1,442,203,14014.44,8845.5,840.65,5168.94
SL-0009221,STR-049,CAT-05,2023-01-01,2023,1,420,239,13744.3,6087.97,705.97,7656.33
SL-0009222,STR-049,CAT-06,2023-01-01,2023,1,570,265,15422.33,11652.6,654.38,3769.73
SL-0009223,STR-049,CAT-07,2023-01-01,2023,1,428,294,13893.95,8509.45,214.97,5384.5
SL-0009224,STR-049,CAT-08,2023-01-01,2023,1,634,394,13617.8,9508.36,758.18,4109.44
SL-0009225,STR-049,CAT-01,2023-02-01,2023,2,438,197,15014.41,8525.4,455.27,6489.01
SL-0009226,STR-049,CAT-02,2023-02-01,2023,2,442,282,12718.38,10213.92,624.48,2504.46
SL-0009227,STR-049,CAT-03,2023-02-01,2023,2,821,566,17311.22,10609.93,473.05,6701.29
SL-0009228,STR-049,CAT-04,2023-02-01,2023,2,488,277,10882.77,7155.46,378.08,3727.31
SL-0009229,STR-049,CAT-05,2023-02-01,2023,2,985,672,19900.75,9155.35,864.03,10745.4
SL-0009230,STR-049,CAT-06,2023-02-01,2023,2,885,474,16222.02,12546.01,838.3,3676.01
SL-0009231,STR-049,CAT-07,2023-02-01,2023,2,542,300,10821.79,6172.87,349.94,4648.92
SL-0009232,STR-049,CAT-08,2023-02-01,2023,2,501,438,10120.91,6762.22,455.82,3358.69
SL-0009233,STR-049,CAT-01,2023-03-01,2023,3,918,602,30587.62,18354.02,1236.84,12233.6
SL-0009234,STR-049,CAT-02,2023-03-01,2023,3,448,209,15269.44,12819.44,594.1,2450.0
SL-0009235,STR-049,CAT-03,2023-03-01,2023,3,1915,1099,29039.52,17835.31,1086.59,11204.21
SL-0009236,STR-049,CAT-04,2023-03-01,2023,3,1155,442,17420.94,11705.09,541.99,5715.85
SL-0009237,STR-049,CAT-05,2023-03-01,2023,3,575,372,17970.67,8269.55,866.53,9701.12
SL-0009238,STR-049,CAT-06,2023-03-01,2023,3,708,415,15942.98,11849.09,592.5,4093.89
SL-0009239,STR-049,CAT-07,2023-03-01,2023,3,1018,524,23699.8,14266.19,1256.05,9433.61
SL-0009240,STR-049,CAT-08,2023-03-01,2023,3,1263,613,22094.4,14382.85,280.72,7711.55
SL-0009241,STR-049,CAT-01,2023-04-01,2023,4,584,308,13650.12,7949.23,142.38,5700.89
SL-0009242,STR-049,CAT-02,2023-04-01,2023,4,930,586,19610.55,15691.91,319.0,3918.64
SL-0009243,STR-049,CAT-03,2023-04-01,2023,4,1056,775,23285.96,14380.17,484.2,8905.79
SL-0009244,STR-049,CAT-04,2023-04-01,2023,4,717,380,21469.78,13826.69,1043.68,7643.09
SL-0009245,STR-049,CAT-05,2023-04-01,2023,4,652,395,14312.09,6485.73,756.76,7826.36
SL-0009246,STR-049,CAT-06,2023-04-01,2023,4,980,540,21078.57,16738.64,1123.81,4339.93
SL-0009247,STR-049,CAT-07,2023-04-01,2023,4,332,230,11833.56,6674.34,272.69,5159.22
SL-0009248,STR-049,CAT-08,2023-04-01,2023,4,700,406,21178.86,14873.73,1067.75,6305.13
SL-0009249,STR-049,CAT-01,2023-05-01,2023,5,1498,1133,19957.42,11805.01,655.53,8152.41
SL-0009250,STR-049,CAT-02,2023-05-01,2023,5,334,184,10773.3,8564.55,303.58,2208.75
SL-0009251,STR-049,CAT-03,2023-05-01,2023,5,581,458,17194.08,10442.11,652.26,6751.97
SL-0009252,STR-049,CAT-04,2023-05-01,2023,5,547,327,26481.57,17486.29,1581.06,8995.28
SL-0009253,STR-049,CAT-05,2023-05-01,2023,5,3215,1812,18152.58,8265.4,419.16,9887.18
SL-0009254,STR-049,CAT-06,2023-05-01,2023,5,531,265,16824.88,12974.21,354.3,3850.67
SL-0009255,STR-049,CAT-07,2023-05-01,2023,5,739,572,17628.18,10179.07,1010.58,7449.11
SL-0009256,STR-049,CAT-08,2023-05-01,2023,5,885,465,21129.96,14669.83,630.85,6460.13
SL-0009257,STR-049,CAT-01,2023-06-01,2023,6,776,443,24613.22,13904.07,891.3,10709.15
SL-0009258,STR-049,CAT-02,2023-06-01,2023,6,903,412,16988.41,14312.21,490.68,2676.2
SL-0009259,STR-049,CAT-03,2023-06-01,2023,6,902,519,26284.71,15978.37,478.04,10306.34
SL-0009260,STR-049,CAT-04,2023-06-01,2023,6,915,562,21567.97,14571.54,378.04,6996.43
SL-0009261,STR-049,CAT-05,2023-06-01,2023,6,814,428,30090.96,13642.08,806.08,16448.88
SL-0009262,STR-049,CAT-06,2023-06-01,2023,6,658,359,15075.49,11418.07,603.62,3657.42
SL-0009263,STR-049,CAT-07,2023-06-01,2023,6,662,449,16997.17,10453.92,736.24,6543.25
SL-0009264,STR-049,CAT-08,2023-06-01,2023,6,1147,708,25896.95,18307.04,264.21,7589.91
SL-0009265,STR-049,CAT-01,2023-07-01,2023,7,1823,978,31070.88,17683.51,564.05,13387.37
SL-0009266,STR-049,CAT-02,2023-07-01,2023,7,672,326,23564.55,19316.99,976.25,4247.56
SL-0009267,STR-049,CAT-03,2023-07-01,2023,7,438,256,13466.26,8249.85,617.03,5216.41
SL-0009268,STR-049,CAT-04,2023-07-01,2023,7,1062,913,19903.59,13746.5,213.94,6157.09
SL-0009269,STR-049,CAT-05,2023-07-01,2023,7,401,207,15320.5,7302.52,801.95,8017.98
SL-0009270,STR-049,CAT-06,2023-07-01,2023,7,1205,671,25342.07,19684.25,1478.95,5657.82
SL-0009271,STR-049,CAT-07,2023-07-01,2023,7,745,357,23259.48,14177.83,1065.27,9081.65
SL-0009272,STR-049,CAT-08,2023-07-01,2023,7,876,473,16130.9,10821.98,466.1,5308.92
SL-0009273,STR-049,CAT-01,2023-08-01,2023,8,989,670,31346.43,17626.71,1687.71,13719.72
SL-0009274,STR-049,CAT-02,2023-08-01,2023,8,498,281,19593.58,16051.23,636.46,3542.35
SL-0009275,STR-049,CAT-03,2023-08-01,2023,8,1085,612,29196.47,17958.94,1026.22,11237.53
SL-0009276,STR-049,CAT-04,2023-08-01,2023,8,2029,1032,16556.91,11049.41,260.63,5507.5
SL-0009277,STR-049,CAT-05,2023-08-01,2023,8,978,693,23187.43,10170.23,1062.61,13017.2
SL-0009278,STR-049,CAT-06,2023-08-01,2023,8,934,511,31309.59,24259.73,679.2,7049.86
SL-0009279,STR-049,CAT-07,2023-08-01,2023,8,1056,584,28366.16,16933.15,566.46,11433.01
SL-0009280,STR-049,CAT-08,2023-08-01,2023,8,838,569,26140.66,18318.88,348.09,7821.78
SL-0009281,STR-049,CAT-01,2023-09-01,2023,9,588,313,16121.27,9259.03,185.1,6862.24
SL-0009282,STR-049,CAT-02,2023-09-01,2023,9,889,486,20245.39,15443.64,261.38,4801.75
SL-0009283,STR-049,CAT-03,2023-09-01,2023,9,691,397,22449.6,13049.41,1302.8,9400.19
SL-0009284,STR-049,CAT-04,2023-09-01,2023,9,904,598,18671.21,12161.99,278.82,6509.22
SL-0009285,STR-049,CAT-05,2023-09-01,2023,9,577,334,20977.48,9468.58,405.13,11508.9
SL-0009286,STR-049,CAT-06,2023-09-01,2023,9,764,401,18241.93,13851.75,191.38,4390.18
SL-0009287,STR-049,CAT-07,2023-09-01,2023,9,677,417,21606.61,12800.52,285.63,8806.09
SL-0009288,STR-049,CAT-08,2023-09-01,2023,9,620,356,18050.68,12426.02,868.69,5624.66
SL-0009289,STR-049,CAT-01,2023-10-01,2023,10,856,530,23292.11,13499.85,433.03,9792.26
SL-0009290,STR-049,CAT-02,2023-10-01,2023,10,759,429,12085.64,10285.65,332.32,1799.99
SL-0009291,STR-049,CAT-03,2023-10-01,2023,10,309,179,10117.1,6386.35,208.7,3730.75
SL-0009292,STR-049,CAT-04,2023-10-01,2023,10,344,144,8658.25,5794.53,432.51,2863.72
SL-0009293,STR-049,CAT-05,2023-10-01,2023,10,11407,6280,11324.07,5005.49,625.35,6318.58
SL-0009294,STR-049,CAT-06,2023-10-01,2023,10,568,312,16622.28,13256.48,576.78,3365.8
SL-0009295,STR-049,CAT-07,2023-10-01,2023,10,647,346,17936.09,10851.98,1041.1,7084.11
SL-0009296,STR-049,CAT-08,2023-10-01,2023,10,570,337,18398.91,12672.92,631.39,5725.99
SL-0009297,STR-049,CAT-01,2023-11-01,2023,11,550,388,19396.18,11187.87,950.15,8208.31
SL-0009298,STR-049,CAT-02,2023-11-01,2023,11,804,473,29808.04,24572.92,599.11,5235.12
SL-0009299,STR-049,CAT-03,2023-11-01,2023,11,460,270,14352.35,9058.67,214.83,5293.68
SL-0009300,STR-049,CAT-04,2023-11-01,2023,11,715,451,19930.16,13219.43,346.48,6710.73
SL-0009301,STR-049,CAT-05,2023-11-01,2023,11,1558,737,27117.14,11971.5,693.09,15145.64
SL-0009302,STR-049,CAT-06,2023-11-01,2023,11,733,455,18073.33,14060.65,1084.17,4012.68
SL-0009303,STR-049,CAT-07,2023-11-01,2023,11,1495,1024,35984.02,21491.33,573.04,14492.69
SL-0009304,STR-049,CAT-08,2023-11-01,2023,11,570,270,22004.48,15098.56,305.06,6905.92
SL-0009305,STR-049,CAT-01,2023-12-01,2023,12,799,437,20289.58,12145.38,600.17,8144.2
SL-0009306,STR-049,CAT-02,2023-12-01,2023,12,849,472,27636.32,21734.39,385.38,5901.93
SL-0009307,STR-049,CAT-03,2023-12-01,2023,12,936,586,31345.4,18724.03,1837.56,12621.37
SL-0009308,STR-049,CAT-04,2023-12-01,2023,12,650,428,15476.5,10154.76,601.36,5321.74
SL-0009309,STR-049,CAT-05,2023-12-01,2023,12,814,481,25022.48,11903.65,1342.81,13118.83
SL-0009310,STR-049,CAT-06,2023-12-01,2023,12,590,301,21604.17,16485.82,1270.02,5118.35
SL-0009311,STR-049,CAT-07,2023-12-01,2023,12,1718,902,61878.23,38567.19,2916.64,23311.04
SL-0009312,STR-049,CAT-08,2023-12-01,2023,12,749,337,20860.76,15101.52,1140.76,5759.24
SL-0009313,STR-049,CAT-01,2024-01-01,2024,1,602,318,15500.65,8281.4,608.65,7219.25
SL-0009314,STR-049,CAT-02,2024-01-01,2024,1,313,145,8706.73,7332.69,344.43,1374.04
SL-0009315,STR-049,CAT-03,2024-01-01,2024,1,426,319,14372.38,8678.88,295.56,5693.5
SL-0009316,STR-049,CAT-04,2024-01-01,2024,1,463,244,11792.75,7706.79,143.6,4085.96
SL-0009317,STR-049,CAT-05,2024-01-01,2024,1,1056,615,13071.12,5984.1,651.49,7087.02
SL-0009318,STR-049,CAT-06,2024-01-01,2024,1,508,252,12044.64,9104.36,564.52,2940.28
SL-0009319,STR-049,CAT-07,2024-01-01,2024,1,382,199,13796.77,7948.83,177.15,5847.94
SL-0009320,STR-049,CAT-08,2024-01-01,2024,1,316,225,13774.84,9625.2,664.93,4149.64
SL-0009321,STR-049,CAT-01,2024-02-01,2024,2,315,164,7631.04,4588.97,163.72,3042.07
SL-0009322,STR-049,CAT-02,2024-02-01,2024,2,260,128,10495.4,8584.15,529.37,1911.25
SL-0009323,STR-049,CAT-03,2024-02-01,2024,2,313,160,9915.13,6307.17,374.39,3607.96
SL-0009324,STR-049,CAT-04,2024-02-01,2024,2,389,192,11125.9,7250.67,614.12,3875.23
SL-0009325,STR-049,CAT-05,2024-02-01,2024,2,216,133,5920.53,2649.21,189.42,3271.32
SL-0009326,STR-049,CAT-06,2024-02-01,2024,2,203,131,8095.94,6101.54,422.09,1994.4
SL-0009327,STR-049,CAT-07,2024-02-01,2024,2,206,136,6325.32,3686.9,341.09,2638.42
SL-0009328,STR-049,CAT-08,2024-02-01,2024,2,202,98,6445.59,4519.21,254.25,1926.38
SL-0009329,STR-049,CAT-01,2024-03-01,2024,3,1195,679,21840.98,13537.88,537.93,8303.1
SL-0009330,STR-049,CAT-02,2024-03-01,2024,3,535,287,14724.13,11818.91,229.88,2905.22
SL-0009331,STR-049,CAT-03,2024-03-01,2024,3,728,400,14214.16,8773.29,416.53,5440.87
SL-0009332,STR-049,CAT-04,2024-03-01,2024,3,574,340,16089.17,10434.65,576.05,5654.52
SL-0009333,STR-049,CAT-05,2024-03-01,2024,3,1196,608,28468.28,13483.84,1539.09,14984.44
SL-0009334,STR-049,CAT-06,2024-03-01,2024,3,899,450,22731.91,17905.29,932.13,4826.62
SL-0009335,STR-049,CAT-07,2024-03-01,2024,3,867,481,16450.75,9651.41,240.83,6799.34
SL-0009336,STR-049,CAT-08,2024-03-01,2024,3,960,606,25065.87,17089.03,455.35,7976.84
SL-0009337,STR-049,CAT-01,2024-04-01,2024,4,254,98,8112.58,4843.16,134.51,3269.42
SL-0009338,STR-049,CAT-02,2024-04-01,2024,4,443,252,12947.44,10844.01,135.9,2103.43
SL-0009339,STR-049,CAT-03,2024-04-01,2024,4,380,198,10351.7,5998.05,454.13,4353.65
SL-0009340,STR-049,CAT-04,2024-04-01,2024,4,427,222,10489.28,6688.15,149.5,3801.13
SL-0009341,STR-049,CAT-05,2024-04-01,2024,4,747,600,14931.96,6807.9,230.1,8124.06
SL-0009342,STR-049,CAT-06,2024-04-01,2024,4,519,343,14593.84,11081.29,568.36,3512.55
SL-0009343,STR-049,CAT-07,2024-04-01,2024,4,384,238,11998.64,7108.88,198.49,4889.76
SL-0009344,STR-049,CAT-08,2024-04-01,2024,4,482,291,13525.41,9885.45,807.09,3639.96
SL-0009345,STR-049,CAT-01,2024-05-01,2024,5,1965,1313,20998.62,12063.35,1244.67,8935.27
SL-0009346,STR-049,CAT-02,2024-05-01,2024,5,516,252,12463.19,10387.78,214.23,2075.41
SL-0009347,STR-049,CAT-03,2024-05-01,2024,5,662,423,21008.27,12831.08,931.72,8177.19
SL-0009348,STR-049,CAT-04,2024-05-01,2024,5,751,408,27282.28,17364.03,1346.08,9918.25
SL-0009349,STR-049,CAT-05,2024-05-01,2024,5,457,346,20203.67,8780.39,976.87,11423.28
SL-0009350,STR-049,CAT-06,2024-05-01,2024,5,1357,737,25211.72,19697.49,1242.57,5514.23
SL-0009351,STR-049,CAT-07,2024-05-01,2024,5,676,433,19659.58,11171.74,308.61,8487.84
SL-0009352,STR-049,CAT-08,2024-05-01,2024,5,780,416,21998.48,15270.63,768.88,6727.85
SL-0009353,STR-049,CAT-01,2024-06-01,2024,6,525,213,24190.89,13741.48,1007.72,10449.41
SL-0009354,STR-049,CAT-02,2024-06-01,2024,6,434,287,18797.05,14561.7,227.28,4235.35
SL-0009355,STR-049,CAT-03,2024-06-01,2024,6,623,323,21940.81,13800.41,1237.01,8140.4
SL-0009356,STR-049,CAT-04,2024-06-01,2024,6,857,472,29738.98,18526.92,525.01,11212.06
SL-0009357,STR-049,CAT-05,2024-06-01,2024,6,514,224,17613.91,7409.14,450.03,10204.77
SL-0009358,STR-049,CAT-06,2024-06-01,2024,6,683,484,17834.08,13907.06,334.14,3927.02
SL-0009359,STR-049,CAT-07,2024-06-01,2024,6,486,251,16716.2,9721.27,619.55,6994.93
SL-0009360,STR-049,CAT-08,2024-06-01,2024,6,530,376,13543.95,9067.43,542.55,4476.52
SL-0009361,STR-049,CAT-01,2024-07-01,2024,7,650,362,15414.69,9187.54,441.2,6227.15
SL-0009362,STR-049,CAT-02,2024-07-01,2024,7,726,649,17924.2,15949.04,1026.61,1975.16
SL-0009363,STR-049,CAT-03,2024-07-01,2024,7,810,407,19248.15,11592.98,503.97,7655.17
SL-0009364,STR-049,CAT-04,2024-07-01,2024,7,428,254,13202.9,8598.28,519.08,4604.62
SL-0009365,STR-049,CAT-05,2024-07-01,2024,7,463,210,13687.52,6206.94,244.9,7480.58
SL-0009366,STR-049,CAT-06,2024-07-01,2024,7,856,680,21255.29,16066.37,1065.23,5188.92
SL-0009367,STR-049,CAT-07,2024-07-01,2024,7,499,275,14899.14,8624.38,309.85,6274.76
SL-0009368,STR-049,CAT-08,2024-07-01,2024,7,659,320,14782.65,10767.15,795.01,4015.5
SL-0009369,STR-049,CAT-01,2024-08-01,2024,8,1114,637,24800.86,14776.92,967.99,10023.94
SL-0009370,STR-049,CAT-02,2024-08-01,2024,8,493,259,15626.61,13237.86,512.04,2388.75
SL-0009371,STR-049,CAT-03,2024-08-01,2024,8,677,399,22407.9,13021.67,773.85,9386.23
SL-0009372,STR-049,CAT-04,2024-08-01,2024,8,763,516,15246.2,9660.06,404.97,5586.14
SL-0009373,STR-049,CAT-05,2024-08-01,2024,8,743,402,21241.33,9361.88,712.92,11879.45
SL-0009374,STR-049,CAT-06,2024-08-01,2024,8,816,364,25510.85,20357.52,568.84,5153.33
SL-0009375,STR-049,CAT-07,2024-08-01,2024,8,399,223,14326.25,8339.82,629.32,5986.43
SL-0009376,STR-049,CAT-08,2024-08-01,2024,8,565,288,13231.62,9695.91,234.03,3535.71
SL-0009377,STR-049,CAT-01,2024-09-01,2024,9,329,177,10208.03,5756.9,107.31,4451.13
SL-0009378,STR-049,CAT-02,2024-09-01,2024,9,367,181,14595.74,12300.88,547.85,2294.86
SL-0009379,STR-049,CAT-03,2024-09-01,2024,9,287,162,6614.83,4002.19,77.59,2612.64
SL-0009380,STR-049,CAT-04,2024-09-01,2024,9,367,175,11720.49,7757.54,450.19,3962.95
SL-0009381,STR-049,CAT-05,2024-09-01,2024,9,356,230,12557.33,5820.42,149.25,6736.91
SL-0009382,STR-049,CAT-06,2024-09-01,2024,9,767,438,10346.23,8505.48,421.77,1840.75
SL-0009383,STR-049,CAT-07,2024-09-01,2024,9,413,235,13458.54,7803.83,262.68,5654.71
SL-0009384,STR-049,CAT-08,2024-09-01,2024,9,657,410,15172.23,10394.22,473.5,4778.01
SL-0009385,STR-049,CAT-01,2024-10-01,2024,10,538,332,20309.48,11436.79,601.05,8872.69
SL-0009386,STR-049,CAT-02,2024-10-01,2024,10,692,402,19132.84,15987.88,800.47,3144.96
SL-0009387,STR-049,CAT-03,2024-10-01,2024,10,825,418,19618.37,11952.23,937.48,7666.14
SL-0009388,STR-049,CAT-04,2024-10-01,2024,10,639,418,15638.31,9805.55,302.76,5832.76
SL-0009389,STR-049,CAT-05,2024-10-01,2024,10,750,423,21297.43,10146.06,542.21,11151.37
SL-0009390,STR-049,CAT-06,2024-10-01,2024,10,444,224,17166.26,14424.55,592.13,2741.71
SL-0009391,STR-049,CAT-07,2024-10-01,2024,10,666,342,13612.45,8375.52,227.37,5236.93
SL-0009392,STR-049,CAT-08,2024-10-01,2024,10,445,232,17073.93,11836.22,1010.14,5237.71
SL-0009393,STR-049,CAT-01,2024-11-01,2024,11,425,265,16282.82,9690.87,240.63,6591.95
SL-0009394,STR-049,CAT-02,2024-11-01,2024,11,1032,563,32494.25,27445.2,1916.05,5049.05
SL-0009395,STR-049,CAT-03,2024-11-01,2024,11,553,301,20220.16,12631.78,214.75,7588.38
SL-0009396,STR-049,CAT-04,2024-11-01,2024,11,512,284,13571.2,9035.29,563.37,4535.91
SL-0009397,STR-049,CAT-05,2024-11-01,2024,11,1083,608,25719.47,11539.04,374.35,14180.43
SL-0009398,STR-049,CAT-06,2024-11-01,2024,11,1178,680,28012.09,22942.35,515.11,5069.74
SL-0009399,STR-049,CAT-07,2024-11-01,2024,11,1862,1530,43144.11,26390.58,2572.12,16753.53
SL-0009400,STR-049,CAT-08,2024-11-01,2024,11,1039,533,23177.45,16905.33,1191.67,6272.12
SL-0009401,STR-049,CAT-01,2024-12-01,2024,12,535,270,22261.47,12608.91,770.75,9652.56
SL-0009402,STR-049,CAT-02,2024-12-01,2024,12,1558,890,27425.67,23361.81,876.16,4063.86
SL-0009403,STR-049,CAT-03,2024-12-01,2024,12,877,410,14495.8,9526.17,754.43,4969.63
SL-0009404,STR-049,CAT-04,2024-12-01,2024,12,536,212,16073.14,11238.06,550.02,4835.08
SL-0009405,STR-049,CAT-05,2024-12-01,2024,12,691,348,20943.09,9268.73,217.85,11674.36
SL-0009406,STR-049,CAT-06,2024-12-01,2024,12,739,330,24053.09,19092.87,284.04,4960.22
SL-0009407,STR-049,CAT-07,2024-12-01,2024,12,1302,630,43795.1,26321.88,2273.4,17473.22
SL-0009408,STR-049,CAT-08,2024-12-01,2024,12,954,489,28766.99,19713.82,686.34,9053.17
SL-0009409,STR-050,CAT-01,2023-01-01,2023,1,895,491,30054.36,17602.7,999.47,12451.66
SL-0009410,STR-050,CAT-02,2023-01-01,2023,1,417,213,15191.71,12302.39,599.53,2889.32
SL-0009411,STR-050,CAT-03,2023-01-01,2023,1,638,323,20066.83,12625.66,853.88,7441.17
SL-0009412,STR-050,CAT-04,2023-01-01,2023,1,2551,1959,31782.75,21085.89,516.67,10696.86
SL-0009413,STR-050,CAT-05,2023-01-01,2023,1,984,720,17123.59,7286.82,648.53,9836.77
SL-0009414,STR-050,CAT-06,2023-01-01,2023,1,742,439,21279.83,16705.98,788.77,4573.85
SL-0009415,STR-050,CAT-07,2023-01-01,2023,1,644,343,20131.55,12531.95,1104.98,7599.6
SL-0009416,STR-050,CAT-08,2023-01-01,2023,1,937,574,19630.58,13946.66,715.49,5683.92
SL-0009417,STR-050,CAT-01,2023-02-01,2023,2,759,467,26011.21,14854.19,861.22,11157.02
SL-0009418,STR-050,CAT-02,2023-02-01,2023,2,608,328,23448.49,19724.87,666.74,3723.62
SL-0009419,STR-050,CAT-03,2023-02-01,2023,2,1040,589,38236.03,24825.78,1752.73,13410.25
SL-0009420,STR-050,CAT-04,2023-02-01,2023,2,953,537,32935.19,22076.54,1905.83,10858.65
SL-0009421,STR-050,CAT-05,2023-02-01,2023,2,1113,531,31496.87,14403.39,760.38,17093.48
SL-0009422,STR-050,CAT-06,2023-02-01,2023,2,601,419,18426.78,13508.45,889.5,4918.33
SL-0009423,STR-050,CAT-07,2023-02-01,2023,2,608,328,24182.69,14830.44,948.74,9352.25
SL-0009424,STR-050,CAT-08,2023-02-01,2023,2,1507,1216,28073.87,18934.9,1071.56,9138.97
SL-0009425,STR-050,CAT-01,2023-03-01,2023,3,334,199,13853.72,8352.15,397.54,5501.57
SL-0009426,STR-050,CAT-02,2023-03-01,2023,3,404,244,9709.11,7886.49,285.97,1822.62
SL-0009427,STR-050,CAT-03,2023-03-01,2023,3,703,355,23828.54,15596.61,274.15,8231.93
SL-0009428,STR-050,CAT-04,2023-03-01,2023,3,734,384,19458.65,12684.8,392.4,6773.85
SL-0009429,STR-050,CAT-05,2023-03-01,2023,3,613,530,18354.28,8694.82,264.72,9659.46
SL-0009430,STR-050,CAT-06,2023-03-01,2023,3,588,370,22760.46,18103.98,863.39,4656.48
SL-0009431,STR-050,CAT-07,2023-03-01,2023,3,573,349,12655.54,8314.26,313.59,4341.28
SL-0009432,STR-050,CAT-08,2023-03-01,2023,3,1192,661,23943.71,16430.53,1018.12,7513.18
SL-0009433,STR-050,CAT-01,2023-04-01,2023,4,318,164,9746.0,6040.33,300.79,3705.67
SL-0009434,STR-050,CAT-02,2023-04-01,2023,4,414,269,10819.09,9088.59,545.84,1730.5
SL-0009435,STR-050,CAT-03,2023-04-01,2023,4,565,305,13683.62,8241.66,171.77,5441.96
SL-0009436,STR-050,CAT-04,2023-04-01,2023,4,604,422,12341.01,7719.29,398.29,4621.72
SL-0009437,STR-050,CAT-05,2023-04-01,2023,4,218,141,7918.9,3668.03,181.21,4250.87
SL-0009438,STR-050,CAT-06,2023-04-01,2023,4,484,234,15481.8,12838.87,654.92,2642.93
SL-0009439,STR-050,CAT-07,2023-04-01,2023,4,346,176,11420.77,7036.68,180.64,4384.09
SL-0009440,STR-050,CAT-08,2023-04-01,2023,4,188,125,8873.25,5873.55,529.43,2999.7
SL-0009441,STR-050,CAT-01,2023-05-01,2023,5,676,423,24051.06,14277.24,1082.25,9773.82
SL-0009442,STR-050,CAT-02,2023-05-01,2023,5,534,324,12125.29,9946.93,477.21,2178.36
SL-0009443,STR-050,CAT-03,2023-05-01,2023,5,1920,847,27125.93,17013.08,355.05,10112.85
SL-0009444,STR-050,CAT-04,2023-05-01,2023,5,1498,1076,21629.05,13716.02,421.81,7913.03
SL-0009445,STR-050,CAT-05,2023-05-01,2023,5,2733,1603,27863.47,12516.78,941.14,15346.69
SL-0009446,STR-050,CAT-06,2023-05-01,2023,5,511,264,14234.4,10710.19,323.11,3524.21
SL-0009447,STR-050,CAT-07,2023-05-01,2023,5,432,194,15045.64,8570.88,157.02,6474.76
SL-0009448,STR-050,CAT-08,2023-05-01,2023,5,458,268,13580.01,9484.4,597.25,4095.61
SL-0009449,STR-050,CAT-01,2023-06-01,2023,6,896,417,28918.7,16122.33,824.07,12796.37
SL-0009450,STR-050,CAT-02,2023-06-01,2023,6,579,246,15244.65,12423.77,571.31,2820.88
SL-0009451,STR-050,CAT-03,2023-06-01,2023,6,723,381,17732.86,11780.83,541.71,5952.03
SL-0009452,STR-050,CAT-04,2023-06-01,2023,6,805,412,27735.95,18418.8,321.0,9317.15
SL-0009453,STR-050,CAT-05,2023-06-01,2023,6,1977,1056,34226.71,15279.64,1390.27,18947.07
SL-0009454,STR-050,CAT-06,2023-06-01,2023,6,1725,872,31719.64,24274.72,371.75,7444.92
SL-0009455,STR-050,CAT-07,2023-06-01,2023,6,1249,608,24159.29,13816.09,991.11,10343.2
SL-0009456,STR-050,CAT-08,2023-06-01,2023,6,1725,892,34487.76,24067.56,1255.4,10420.2
SL-0009457,STR-050,CAT-01,2023-07-01,2023,7,994,696,29611.18,16925.95,873.4,12685.23
SL-0009458,STR-050,CAT-02,2023-07-01,2023,7,671,312,16632.08,13574.55,671.04,3057.53
SL-0009459,STR-050,CAT-03,2023-07-01,2023,7,596,231,17394.61,11104.69,235.69,6289.92
SL-0009460,STR-050,CAT-04,2023-07-01,2023,7,2537,1066,22640.4,14308.9,1180.88,8331.5
SL-0009461,STR-050,CAT-05,2023-07-01,2023,7,504,321,17608.57,7875.4,467.56,9733.17
SL-0009462,STR-050,CAT-06,2023-07-01,2023,7,1273,1005,30742.41,23700.92,832.96,7041.49
SL-0009463,STR-050,CAT-07,2023-07-01,2023,7,601,407,15573.91,9405.95,485.33,6167.96
SL-0009464,STR-050,CAT-08,2023-07-01,2023,7,1300,798,36970.6,26306.75,1645.44,10663.85
SL-0009465,STR-050,CAT-01,2023-08-01,2023,8,585,293,12359.29,7180.02,207.97,5179.27
SL-0009466,STR-050,CAT-02,2023-08-01,2023,8,443,281,10051.25,8438.87,211.58,1612.38
SL-0009467,STR-050,CAT-03,2023-08-01,2023,8,448,303,11613.03,6826.38,175.87,4786.65
SL-0009468,STR-050,CAT-04,2023-08-01,2023,8,740,419,19880.57,12579.77,992.46,7300.8
SL-0009469,STR-050,CAT-05,2023-08-01,2023,8,1626,1227,20333.3,9570.5,434.23,10762.8
SL-0009470,STR-050,CAT-06,2023-08-01,2023,8,646,337,15535.95,12743.38,860.29,2792.57
SL-0009471,STR-050,CAT-07,2023-08-01,2023,8,1392,736,17550.35,10572.32,744.5,6978.03
SL-0009472,STR-050,CAT-08,2023-08-01,2023,8,695,583,12619.1,8806.42,469.68,3812.68
SL-0009473,STR-050,CAT-01,2023-09-01,2023,9,736,406,19007.06,11175.11,216.43,7831.95
SL-0009474,STR-050,CAT-02,2023-09-01,2023,9,553,325,15047.57,12352.0,650.72,2695.57
SL-0009475,STR-050,CAT-03,2023-09-01,2023,9,809,437,28388.1,17627.65,1297.8,10760.45
SL-0009476,STR-050,CAT-04,2023-09-01,2023,9,1188,927,28954.04,18335.06,777.86,10618.98
SL-0009477,STR-050,CAT-05,2023-09-01,2023,9,1092,480,32484.21,14870.44,1800.87,17613.77
SL-0009478,STR-050,CAT-06,2023-09-01,2023,9,874,399,16658.05,13632.31,182.84,3025.74
SL-0009479,STR-050,CAT-07,2023-09-01,2023,9,683,392,21127.0,12636.39,673.6,8490.61
SL-0009480,STR-050,CAT-08,2023-09-01,2023,9,815,355,37035.83,25111.0,1503.33,11924.83
SL-0009481,STR-050,CAT-01,2023-10-01,2023,10,2370,1335,50011.74,30994.02,1548.01,19017.72
SL-0009482,STR-050,CAT-02,2023-10-01,2023,10,611,434,22180.52,18750.33,847.42,3430.19
SL-0009483,STR-050,CAT-03,2023-10-01,2023,10,542,366,16527.62,10561.39,880.78,5966.23
SL-0009484,STR-050,CAT-04,2023-10-01,2023,10,652,391,21499.71,13314.34,248.13,8185.37
SL-0009485,STR-050,CAT-05,2023-10-01,2023,10,754,365,31436.78,14443.85,1401.77,16992.93
SL-0009486,STR-050,CAT-06,2023-10-01,2023,10,896,638,23590.31,18554.64,1238.55,5035.67
SL-0009487,STR-050,CAT-07,2023-10-01,2023,10,991,552,22487.53,13649.4,407.87,8838.13
SL-0009488,STR-050,CAT-08,2023-10-01,2023,10,1393,793,23752.13,16938.07,487.74,6814.06
SL-0009489,STR-050,CAT-01,2023-11-01,2023,11,2041,1158,26435.72,15366.53,1010.97,11069.19
SL-0009490,STR-050,CAT-02,2023-11-01,2023,11,1047,524,33432.66,28236.37,1244.66,5196.29
SL-0009491,STR-050,CAT-03,2023-11-01,2023,11,709,507,20881.22,12134.9,711.01,8746.32
SL-0009492,STR-050,CAT-04,2023-11-01,2023,11,1184,711,22371.34,14831.33,1331.12,7540.01
SL-0009493,STR-050,CAT-05,2023-11-01,2023,11,1388,739,34546.67,15198.79,623.93,19347.88
SL-0009494,STR-050,CAT-06,2023-11-01,2023,11,588,296,21192.34,16363.93,571.57,4828.41
SL-0009495,STR-050,CAT-07,2023-11-01,2023,11,1490,986,33110.8,20457.58,1480.75,12653.22
SL-0009496,STR-050,CAT-08,2023-11-01,2023,11,1320,786,16583.19,11672.39,891.4,4910.8
SL-0009497,STR-050,CAT-01,2023-12-01,2023,12,1043,432,34341.45,20011.52,1005.14,14329.93
SL-0009498,STR-050,CAT-02,2023-12-01,2023,12,1113,598,34299.58,28591.12,1034.42,5708.46
SL-0009499,STR-050,CAT-03,2023-12-01,2023,12,756,419,25734.48,15568.9,915.04,10165.58
SL-0009500,STR-050,CAT-04,2023-12-01,2023,12,604,259,21561.98,13039.27,527.62,8522.71
SL-0009501,STR-050,CAT-05,2023-12-01,2023,12,597,313,18324.39,8451.64,1077.31,9872.75
SL-0009502,STR-050,CAT-06,2023-12-01,2023,12,614,303,21650.62,16067.95,977.43,5582.67
SL-0009503,STR-050,CAT-07,2023-12-01,2023,12,2087,1387,41086.45,25069.41,1646.99,16017.04
SL-0009504,STR-050,CAT-08,2023-12-01,2023,12,1454,712,34361.73,23733.74,1232.88,10627.99
SL-0009505,STR-050,CAT-01,2024-01-01,2024,1,806,398,22675.58,13279.76,1197.03,9395.82
SL-0009506,STR-050,CAT-02,2024-01-01,2024,1,785,361,30664.05,25516.03,1562.15,5148.02
SL-0009507,STR-050,CAT-03,2024-01-01,2024,1,1200,645,23129.98,13451.84,511.21,9678.14
SL-0009508,STR-050,CAT-04,2024-01-01,2024,1,1206,642,38913.19,25419.82,2314.77,13493.37
SL-0009509,STR-050,CAT-05,2024-01-01,2024,1,2045,1160,23386.56,9989.29,390.87,13397.27
SL-0009510,STR-050,CAT-06,2024-01-01,2024,1,1067,952,33190.71,25123.42,761.79,8067.29
SL-0009511,STR-050,CAT-07,2024-01-01,2024,1,304,200,12951.53,7910.02,765.1,5041.51
SL-0009512,STR-050,CAT-08,2024-01-01,2024,1,3068,1629,23961.81,16500.52,1308.35,7461.29
SL-0009513,STR-050,CAT-01,2024-02-01,2024,2,1085,531,20747.18,12387.37,651.66,8359.81
SL-0009514,STR-050,CAT-02,2024-02-01,2024,2,725,338,14720.77,11923.46,593.36,2797.31
SL-0009515,STR-050,CAT-03,2024-02-01,2024,2,362,190,16943.99,10781.72,525.63,6162.27
SL-0009516,STR-050,CAT-04,2024-02-01,2024,2,981,547,24464.95,15500.33,473.58,8964.62
SL-0009517,STR-050,CAT-05,2024-02-01,2024,2,504,413,14678.03,6763.96,594.47,7914.07
SL-0009518,STR-050,CAT-06,2024-02-01,2024,2,855,426,30225.31,24357.56,1129.93,5867.75
SL-0009519,STR-050,CAT-07,2024-02-01,2024,2,667,413,21707.4,13048.46,1256.72,8658.94
SL-0009520,STR-050,CAT-08,2024-02-01,2024,2,346,168,13932.84,9741.97,708.81,4190.87
SL-0009521,STR-050,CAT-01,2024-03-01,2024,3,1033,430,30261.56,18519.9,1442.5,11741.66
SL-0009522,STR-050,CAT-02,2024-03-01,2024,3,719,511,16357.68,12855.66,752.6,3502.02
SL-0009523,STR-050,CAT-03,2024-03-01,2024,3,698,308,19529.99,11344.92,388.45,8185.07
SL-0009524,STR-050,CAT-04,2024-03-01,2024,3,753,379,17508.42,12086.77,888.15,5421.65
SL-0009525,STR-050,CAT-05,2024-03-01,2024,3,445,265,16610.84,7199.97,484.31,9410.87
SL-0009526,STR-050,CAT-06,2024-03-01,2024,3,1405,770,25978.22,19717.05,1369.32,6261.17
SL-0009527,STR-050,CAT-07,2024-03-01,2024,3,751,635,20968.25,12951.57,956.48,8016.68
SL-0009528,STR-050,CAT-08,2024-03-01,2024,3,2272,1721,18860.06,12635.46,745.45,6224.6
SL-0009529,STR-050,CAT-01,2024-04-01,2024,4,1373,674,38962.04,23444.41,1269.41,15517.63
SL-0009530,STR-050,CAT-02,2024-04-01,2024,4,1079,524,32455.53,26274.25,1664.05,6181.28
SL-0009531,STR-050,CAT-03,2024-04-01,2024,4,1081,583,23193.18,14609.69,536.08,8583.49
SL-0009532,STR-050,CAT-04,2024-04-01,2024,4,2384,1386,42004.68,26846.95,1539.14,15157.73
SL-0009533,STR-050,CAT-05,2024-04-01,2024,4,850,493,21526.57,9285.57,937.13,12241.0
SL-0009534,STR-050,CAT-06,2024-04-01,2024,4,590,406,18808.53,15263.52,672.68,3545.01
SL-0009535,STR-050,CAT-07,2024-04-01,2024,4,680,299,19193.19,10957.31,566.47,8235.88
SL-0009536,STR-050,CAT-08,2024-04-01,2024,4,960,548,31185.8,20132.86,1816.91,11052.94
SL-0009537,STR-050,CAT-01,2024-05-01,2024,5,1472,720,43284.99,24291.96,1588.37,18993.03
SL-0009538,STR-050,CAT-02,2024-05-01,2024,5,737,416,24232.05,19699.73,245.11,4532.32
SL-0009539,STR-050,CAT-03,2024-05-01,2024,5,1496,723,27763.73,16607.2,279.79,11156.53
SL-0009540,STR-050,CAT-04,2024-05-01,2024,5,927,512,24061.06,15737.32,740.5,8323.74
SL-0009541,STR-050,CAT-05,2024-05-01,2024,5,605,278,22017.92,9706.06,616.34,12311.86
SL-0009542,STR-050,CAT-06,2024-05-01,2024,5,445,298,16047.3,12079.33,444.25,3967.97
SL-0009543,STR-050,CAT-07,2024-05-01,2024,5,891,595,25336.33,15287.56,567.51,10048.77
SL-0009544,STR-050,CAT-08,2024-05-01,2024,5,971,645,29256.54,20261.92,717.89,8994.62
SL-0009545,STR-050,CAT-01,2024-06-01,2024,6,643,317,16756.52,9852.39,901.19,6904.13
SL-0009546,STR-050,CAT-02,2024-06-01,2024,6,600,365,14086.72,11463.91,596.52,2622.81
SL-0009547,STR-050,CAT-03,2024-06-01,2024,6,549,424,14322.65,8820.08,201.35,5502.57
SL-0009548,STR-050,CAT-04,2024-06-01,2024,6,1042,599,23288.94,15322.49,595.28,7966.45
SL-0009549,STR-050,CAT-05,2024-06-01,2024,6,406,258,20286.69,8913.09,864.95,11373.6
SL-0009550,STR-050,CAT-06,2024-06-01,2024,6,668,337,17410.65,13230.55,408.04,4180.1
SL-0009551,STR-050,CAT-07,2024-06-01,2024,6,776,604,12596.06,7758.3,435.41,4837.76
SL-0009552,STR-050,CAT-08,2024-06-01,2024,6,546,304,19948.77,14246.0,556.44,5702.77
SL-0009553,STR-050,CAT-01,2024-07-01,2024,7,2372,1180,34280.27,19464.69,1032.04,14815.58
SL-0009554,STR-050,CAT-02,2024-07-01,2024,7,663,330,24983.49,20470.59,267.61,4512.9
SL-0009555,STR-050,CAT-03,2024-07-01,2024,7,728,374,24671.57,15493.51,453.47,9178.06
SL-0009556,STR-050,CAT-04,2024-07-01,2024,7,798,328,22114.44,13485.74,1029.5,8628.7
SL-0009557,STR-050,CAT-05,2024-07-01,2024,7,776,559,22977.34,10377.79,308.79,12599.55
SL-0009558,STR-050,CAT-06,2024-07-01,2024,7,1321,771,33349.87,26535.23,1909.32,6814.64
SL-0009559,STR-050,CAT-07,2024-07-01,2024,7,1359,600,18296.15,10756.78,606.92,7539.37
SL-0009560,STR-050,CAT-08,2024-07-01,2024,7,1358,528,27716.41,20165.55,280.62,7550.86
SL-0009561,STR-050,CAT-01,2024-08-01,2024,8,697,374,27094.84,15481.69,1487.85,11613.15
SL-0009562,STR-050,CAT-02,2024-08-01,2024,8,329,181,10418.02,8543.58,115.61,1874.44
SL-0009563,STR-050,CAT-03,2024-08-01,2024,8,450,212,11163.27,6879.13,561.98,4284.14
SL-0009564,STR-050,CAT-04,2024-08-01,2024,8,731,349,21342.96,13523.76,336.04,7819.2
SL-0009565,STR-050,CAT-05,2024-08-01,2024,8,625,370,21763.43,9387.85,1032.26,12375.58
SL-0009566,STR-050,CAT-06,2024-08-01,2024,8,1325,731,22885.22,17699.87,861.44,5185.35
SL-0009567,STR-050,CAT-07,2024-08-01,2024,8,360,234,14421.24,8953.58,766.88,5467.66
SL-0009568,STR-050,CAT-08,2024-08-01,2024,8,503,221,11938.51,8233.2,337.8,3705.31
SL-0009569,STR-050,CAT-01,2024-09-01,2024,9,713,556,19564.19,11960.16,384.85,7604.03
SL-0009570,STR-050,CAT-02,2024-09-01,2024,9,1690,884,22394.72,17850.24,763.42,4544.48
SL-0009571,STR-050,CAT-03,2024-09-01,2024,9,709,376,20288.11,13039.01,1161.23,7249.1
SL-0009572,STR-050,CAT-04,2024-09-01,2024,9,828,457,24591.26,15980.45,414.6,8610.81
SL-0009573,STR-050,CAT-05,2024-09-01,2024,9,534,363,14589.04,6811.61,779.54,7777.43
SL-0009574,STR-050,CAT-06,2024-09-01,2024,9,943,558,26290.54,19454.75,344.56,6835.79
SL-0009575,STR-050,CAT-07,2024-09-01,2024,9,528,278,16968.39,10453.59,795.04,6514.8
SL-0009576,STR-050,CAT-08,2024-09-01,2024,9,831,672,32467.99,22955.29,1191.33,9512.7
SL-0009577,STR-050,CAT-01,2024-10-01,2024,10,415,213,15805.45,8854.73,295.91,6950.72
SL-0009578,STR-050,CAT-02,2024-10-01,2024,10,1163,717,27509.45,22596.74,1480.21,4912.71
SL-0009579,STR-050,CAT-03,2024-10-01,2024,10,757,428,16883.39,10840.54,248.66,6042.85
SL-0009580,STR-050,CAT-04,2024-10-01,2024,10,367,210,11377.95,7514.44,544.93,3863.51
SL-0009581,STR-050,CAT-05,2024-10-01,2024,10,689,360,21706.88,9640.98,647.38,12065.9
SL-0009582,STR-050,CAT-06,2024-10-01,2024,10,2457,1254,21763.78,16996.91,1176.03,4766.87
SL-0009583,STR-050,CAT-07,2024-10-01,2024,10,663,366,14893.69,9082.16,465.87,5811.53
SL-0009584,STR-050,CAT-08,2024-10-01,2024,10,1140,561,19047.05,13117.7,459.81,5929.35
SL-0009585,STR-050,CAT-01,2024-11-01,2024,11,958,552,19519.66,11475.78,521.95,8043.88
SL-0009586,STR-050,CAT-02,2024-11-01,2024,11,1591,771,52126.03,43418.16,1808.38,8707.87
SL-0009587,STR-050,CAT-03,2024-11-01,2024,11,1376,736,38246.25,23204.46,1524.55,15041.79
SL-0009588,STR-050,CAT-04,2024-11-01,2024,11,881,489,22996.29,14638.7,695.33,8357.59
SL-0009589,STR-050,CAT-05,2024-11-01,2024,11,960,581,33433.26,14797.85,339.28,18635.41
SL-0009590,STR-050,CAT-06,2024-11-01,2024,11,943,429,20930.04,15570.06,661.14,5359.98
SL-0009591,STR-050,CAT-07,2024-11-01,2024,11,970,592,32446.09,20117.81,762.03,12328.28
SL-0009592,STR-050,CAT-08,2024-11-01,2024,11,875,727,21602.47,15190.6,763.52,6411.87
SL-0009593,STR-050,CAT-01,2024-12-01,2024,12,677,338,16718.93,9678.08,361.59,7040.85
SL-0009594,STR-050,CAT-02,2024-12-01,2024,12,818,448,24358.23,20351.56,806.51,4006.67
SL-0009595,STR-050,CAT-03,2024-12-01,2024,12,813,549,18848.54,11076.0,623.32,7772.54
SL-0009596,STR-050,CAT-04,2024-12-01,2024,12,464,255,16620.79,10282.17,968.5,6338.62
SL-0009597,STR-050,CAT-05,2024-12-01,2024,12,1276,784,36030.72,16465.41,1237.33,19565.31
SL-0009598,STR-050,CAT-06,2024-12-01,2024,12,871,376,25547.69,21131.25,996.34,4416.44
SL-0009599,STR-050,CAT-07,2024-12-01,2024,12,1059,600,29827.22,17409.91,886.17,12417.31
SL-0009600,STR-050,CAT-08,2024-12-01,2024,12,838,428,21568.45,15031.49,431.85,6536.96
SL-0009601,STR-051,CAT-01,2023-01-01,2023,1,780,490,13120.99,7824.2,181.37,5296.79
SL-0009602,STR-051,CAT-02,2023-01-01,2023,1,1018,457,16947.59,13914.29,258.85,3033.3
SL-0009603,STR-051,CAT-03,2023-01-01,2023,1,540,313,15691.72,9606.43,283.88,6085.29
SL-0009604,STR-051,CAT-04,2023-01-01,2023,1,630,680,14949.09,9697.23,483.95,5251.86
SL-0009605,STR-051,CAT-05,2023-01-01,2023,1,554,264,15487.12,7506.44,521.55,7980.68
SL-0009606,STR-051,CAT-06,2023-01-01,2023,1,547,351,15717.06,12216.75,898.77,3500.31
SL-0009607,STR-051,CAT-07,2023-01-01,2023,1,242,182,8028.01,4697.9,367.16,3330.11
SL-0009608,STR-051,CAT-08,2023-01-01,2023,1,600,443,15283.66,10459.4,647.67,4824.26
SL-0009609,STR-051,CAT-01,2023-02-01,2023,2,339,178,10793.77,6513.84,481.01,4279.93
SL-0009610,STR-051,CAT-02,2023-02-01,2023,2,264,129,8682.01,7230.83,429.66,1451.18
SL-0009611,STR-051,CAT-03,2023-02-01,2023,2,792,467,11185.33,6865.63,552.91,4319.7
SL-0009612,STR-051,CAT-04,2023-02-01,2023,2,1011,546,20476.8,13621.0,1034.04,6855.8
SL-0009613,STR-051,CAT-05,2023-02-01,2023,2,521,297,17347.46,7783.02,495.99,9564.44
SL-0009614,STR-051,CAT-06,2023-02-01,2023,2,380,369,8728.1,6886.91,462.42,1841.19
SL-0009615,STR-051,CAT-07,2023-02-01,2023,2,300,214,8094.89,4773.69,344.07,3321.2
SL-0009616,STR-051,CAT-08,2023-02-01,2023,2,491,341,13555.06,9365.2,621.25,4189.86
SL-0009617,STR-051,CAT-01,2023-03-01,2023,3,869,482,10060.1,6049.78,469.94,4010.32
SL-0009618,STR-051,CAT-02,2023-03-01,2023,3,345,184,10099.69,7954.87,542.66,2144.82
SL-0009619,STR-051,CAT-03,2023-03-01,2023,3,430,460,16494.84,10159.76,338.14,6335.08
SL-0009620,STR-051,CAT-04,2023-03-01,2023,3,269,180,10212.24,6764.67,125.09,3447.57
SL-0009621,STR-051,CAT-05,2023-03-01,2023,3,419,458,17382.5,7919.49,912.61,9463.01
SL-0009622,STR-051,CAT-06,2023-03-01,2023,3,238,174,7199.05,5741.5,184.4,1457.55
SL-0009623,STR-051,CAT-07,2023-03-01,2023,3,327,235,10807.78,6241.17,517.96,4566.61
SL-0009624,STR-051,CAT-08,2023-03-01,2023,3,341,232,10027.25,6781.69,601.23,3245.56
SL-0009625,STR-051,CAT-01,2023-04-01,2023,4,635,275,17741.3,10509.42,692.11,7231.88
SL-0009626,STR-051,CAT-02,2023-04-01,2023,4,523,209,18887.55,14983.75,964.65,3903.8
SL-0009627,STR-051,CAT-03,2023-04-01,2023,4,787,672,22965.78,14510.85,632.61,8454.93
SL-0009628,STR-051,CAT-04,2023-04-01,2023,4,482,218,17459.9,11112.22,782.93,6347.68
SL-0009629,STR-051,CAT-05,2023-04-01,2023,4,837,479,15235.6,7006.44,485.34,8229.16
SL-0009630,STR-051,CAT-06,2023-04-01,2023,4,925,485,20514.39,15053.1,230.85,5461.29
SL-0009631,STR-051,CAT-07,2023-04-01,2023,4,257,110,9720.97,6085.52,302.33,3635.45
SL-0009632,STR-051,CAT-08,2023-04-01,2023,4,839,505,16169.01,10542.08,725.28,5626.93
SL-0009633,STR-051,CAT-01,2023-05-01,2023,5,468,314,11462.52,6734.53,136.33,4727.99
SL-0009634,STR-051,CAT-02,2023-05-01,2023,5,368,347,10669.38,8602.91,394.56,2066.47
SL-0009635,STR-051,CAT-03,2023-05-01,2023,5,342,154,10370.01,6369.14,446.35,4000.87
SL-0009636,STR-051,CAT-04,2023-05-01,2023,5,600,280,16869.52,10539.81,969.7,6329.71
SL-0009637,STR-051,CAT-05,2023-05-01,2023,5,334,199,11471.16,4868.04,580.03,6603.12
SL-0009638,STR-051,CAT-06,2023-05-01,2023,5,422,221,11639.35,9151.21,646.39,2488.14
SL-0009639,STR-051,CAT-07,2023-05-01,2023,5,672,424,10137.05,5898.77,420.06,4238.28
SL-0009640,STR-051,CAT-08,2023-05-01,2023,5,356,198,11848.33,8377.25,137.4,3471.08
SL-0009641,STR-051,CAT-01,2023-06-01,2023,6,507,320,15716.21,8794.15,786.28,6922.06
SL-0009642,STR-051,CAT-02,2023-06-01,2023,6,386,201,14994.11,12788.98,307.53,2205.13
SL-0009643,STR-051,CAT-03,2023-06-01,2023,6,382,276,9557.37,5973.47,411.71,3583.9
SL-0009644,STR-051,CAT-04,2023-06-01,2023,6,1636,1073,20770.72,13385.42,1040.48,7385.3
SL-0009645,STR-051,CAT-05,2023-06-01,2023,6,327,183,12093.24,5587.82,449.02,6505.42
SL-0009646,STR-051,CAT-06,2023-06-01,2023,6,1141,724,23355.1,18170.01,944.18,5185.09
SL-0009647,STR-051,CAT-07,2023-06-01,2023,6,504,332,17819.65,11067.27,364.79,6752.38
SL-0009648,STR-051,CAT-08,2023-06-01,2023,6,690,463,14613.23,10113.73,613.12,4499.5
SL-0009649,STR-051,CAT-01,2023-07-01,2023,7,472,233,13076.42,7806.81,338.42,5269.61
SL-0009650,STR-051,CAT-02,2023-07-01,2023,7,643,452,15624.75,13251.64,499.02,2373.11
SL-0009651,STR-051,CAT-03,2023-07-01,2023,7,448,205,15266.12,9111.37,862.32,6154.75
SL-0009652,STR-051,CAT-04,2023-07-01,2023,7,480,242,16694.67,11461.92,172.7,5232.75
SL-0009653,STR-051,CAT-05,2023-07-01,2023,7,536,287,11207.08,4768.58,428.01,6438.5
SL-0009654,STR-051,CAT-06,2023-07-01,2023,7,505,259,13689.66,11129.17,739.58,2560.49
SL-0009655,STR-051,CAT-07,2023-07-01,2023,7,430,252,11401.47,6947.64,180.42,4453.83
SL-0009656,STR-051,CAT-08,2023-07-01,2023,7,393,230,9732.74,6810.96,544.49,2921.78
SL-0009657,STR-051,CAT-01,2023-08-01,2023,8,618,396,20384.7,12064.72,640.96,8319.98
SL-0009658,STR-051,CAT-02,2023-08-01,2023,8,374,252,9206.68,7568.04,544.94,1638.64
SL-0009659,STR-051,CAT-03,2023-08-01,2023,8,424,187,15697.48,9413.84,655.49,6283.64
SL-0009660,STR-051,CAT-04,2023-08-01,2023,8,309,264,9921.24,6473.15,514.85,3448.09
SL-0009661,STR-051,CAT-05,2023-08-01,2023,8,808,390,19818.82,8971.77,925.57,10847.05
SL-0009662,STR-051,CAT-06,2023-08-01,2023,8,611,332,15038.91,12115.88,489.89,2923.03
SL-0009663,STR-051,CAT-07,2023-08-01,2023,8,501,291,19025.78,11394.01,778.06,7631.77
SL-0009664,STR-051,CAT-08,2023-08-01,2023,8,363,163,13186.01,9403.32,329.93,3782.69
SL-0009665,STR-051,CAT-01,2023-09-01,2023,9,801,444,15156.89,9095.54,592.68,6061.35
SL-0009666,STR-051,CAT-02,2023-09-01,2023,9,760,525,15698.84,13292.02,631.64,2406.82
SL-0009667,STR-051,CAT-03,2023-09-01,2023,9,347,185,9404.3,6039.56,379.58,3364.74
SL-0009668,STR-051,CAT-04,2023-09-01,2023,9,413,229,10766.17,6344.32,481.69,4421.85
SL-0009669,STR-051,CAT-05,2023-09-01,2023,9,463,303,14323.77,6476.56,662.15,7847.21
SL-0009670,STR-051,CAT-06,2023-09-01,2023,9,348,202,8515.86,6356.77,187.55,2159.09
SL-0009671,STR-051,CAT-07,2023-09-01,2023,9,320,175,9395.4,5492.98,107.4,3902.42
SL-0009672,STR-051,CAT-08,2023-09-01,2023,9,1436,887,23040.35,16124.49,234.66,6915.86
SL-0009673,STR-051,CAT-01,2023-10-01,2023,10,540,349,13672.83,7981.88,716.66,5690.95
SL-0009674,STR-051,CAT-02,2023-10-01,2023,10,570,273,16320.5,12737.53,698.95,3582.97
SL-0009675,STR-051,CAT-03,2023-10-01,2023,10,587,347,12448.01,8022.46,129.52,4425.55
SL-0009676,STR-051,CAT-04,2023-10-01,2023,10,712,486,12335.28,7825.73,313.41,4509.55
SL-0009677,STR-051,CAT-05,2023-10-01,2023,10,478,213,11370.52,5176.97,348.99,6193.55
SL-0009678,STR-051,CAT-06,2023-10-01,2023,10,279,170,10102.59,7757.25,350.11,2345.34
SL-0009679,STR-051,CAT-07,2023-10-01,2023,10,394,215,9614.99,5881.08,496.27,3733.91
SL-0009680,STR-051,CAT-08,2023-10-01,2023,10,528,260,14510.7,10127.01,773.77,4383.69
SL-0009681,STR-051,CAT-01,2023-11-01,2023,11,533,296,14746.94,8793.24,381.31,5953.7
SL-0009682,STR-051,CAT-02,2023-11-01,2023,11,937,507,20447.04,16322.15,581.85,4124.89
SL-0009683,STR-051,CAT-03,2023-11-01,2023,11,747,405,20892.23,12672.43,1124.71,8219.8
SL-0009684,STR-051,CAT-04,2023-11-01,2023,11,244,134,8092.5,5422.19,241.46,2670.31
SL-0009685,STR-051,CAT-05,2023-11-01,2023,11,684,364,22648.14,10467.99,1229.21,12180.15
SL-0009686,STR-051,CAT-06,2023-11-01,2023,11,528,434,12728.69,9185.45,529.88,3543.24
SL-0009687,STR-051,CAT-07,2023-11-01,2023,11,653,329,17417.45,10023.87,748.94,7393.58
SL-0009688,STR-051,CAT-08,2023-11-01,2023,11,840,609,23639.96,16227.98,1103.13,7411.98
SL-0009689,STR-051,CAT-01,2023-12-01,2023,12,896,491,18010.61,10717.8,954.33,7292.81
SL-0009690,STR-051,CAT-02,2023-12-01,2023,12,1807,1129,44454.01,36262.31,2095.15,8191.7
SL-0009691,STR-051,CAT-03,2023-12-01,2023,12,1005,700,19213.17,11604.82,813.78,7608.35
SL-0009692,STR-051,CAT-04,2023-12-01,2023,12,426,223,11557.93,7617.01,583.73,3940.92
SL-0009693,STR-051,CAT-05,2023-12-01,2023,12,728,299,22662.55,10676.66,943.16,11985.89
SL-0009694,STR-051,CAT-06,2023-12-01,2023,12,836,564,24585.59,19160.07,1248.09,5425.52
SL-0009695,STR-051,CAT-07,2023-12-01,2023,12,1136,637,31392.75,18178.6,1119.22,13214.15
SL-0009696,STR-051,CAT-08,2023-12-01,2023,12,727,430,24725.35,17574.78,963.31,7150.57
SL-0009697,STR-051,CAT-01,2024-01-01,2024,1,582,472,14443.09,8467.82,214.15,5975.27
SL-0009698,STR-051,CAT-02,2024-01-01,2024,1,211,119,9133.71,7499.03,174.97,1634.68
SL-0009699,STR-051,CAT-03,2024-01-01,2024,1,348,211,10803.58,6761.05,264.01,4042.53
SL-0009700,STR-051,CAT-04,2024-01-01,2024,1,403,187,8992.85,5888.79,247.48,3104.06
SL-0009701,STR-051,CAT-05,2024-01-01,2024,1,432,197,10598.78,4859.63,392.47,5739.15
SL-0009702,STR-051,CAT-06,2024-01-01,2024,1,309,206,8769.82,6571.13,168.66,2198.69
SL-0009703,STR-051,CAT-07,2024-01-01,2024,1,367,206,7681.83,4584.25,349.26,3097.58
SL-0009704,STR-051,CAT-08,2024-01-01,2024,1,580,308,18121.64,12750.52,313.94,5371.12
SL-0009705,STR-051,CAT-01,2024-02-01,2024,2,428,265,9556.47,5486.39,175.82,4070.08
SL-0009706,STR-051,CAT-02,2024-02-01,2024,2,286,145,10382.34,8170.12,603.09,2212.22
SL-0009707,STR-051,CAT-03,2024-02-01,2024,2,256,141,7821.6,4915.5,317.75,2906.1
SL-0009708,STR-051,CAT-04,2024-02-01,2024,2,168,101,7712.06,4963.73,202.51,2748.33
SL-0009709,STR-051,CAT-05,2024-02-01,2024,2,1860,1034,16139.03,6797.86,836.39,9341.17
SL-0009710,STR-051,CAT-06,2024-02-01,2024,2,700,376,13734.2,10176.85,629.9,3557.35
SL-0009711,STR-051,CAT-07,2024-02-01,2024,2,205,108,6117.5,3342.29,167.35,2775.21
SL-0009712,STR-051,CAT-08,2024-02-01,2024,2,557,251,16153.53,11435.19,450.52,4718.34
SL-0009713,STR-051,CAT-01,2024-03-01,2024,3,385,241,10142.61,5850.58,336.72,4292.03
SL-0009714,STR-051,CAT-02,2024-03-01,2024,3,369,191,11482.24,9736.73,432.17,1745.51
SL-0009715,STR-051,CAT-03,2024-03-01,2024,3,519,328,14941.53,9197.35,837.94,5744.18
SL-0009716,STR-051,CAT-04,2024-03-01,2024,3,716,368,13934.78,8982.76,262.01,4952.02
SL-0009717,STR-051,CAT-05,2024-03-01,2024,3,332,254,9869.84,4443.76,136.42,5426.08
SL-0009718,STR-051,CAT-06,2024-03-01,2024,3,299,154,11878.69,9192.61,607.26,2686.08
SL-0009719,STR-051,CAT-07,2024-03-01,2024,3,249,156,7477.33,4552.23,222.23,2925.1
SL-0009720,STR-051,CAT-08,2024-03-01,2024,3,573,330,11439.18,8002.47,555.94,3436.71
SL-0009721,STR-051,CAT-01,2024-04-01,2024,4,622,408,10771.25,6504.58,541.46,4266.67
SL-0009722,STR-051,CAT-02,2024-04-01,2024,4,426,203,14007.65,11433.86,581.1,2573.79
SL-0009723,STR-051,CAT-03,2024-04-01,2024,4,523,237,14533.71,8677.81,765.01,5855.9
SL-0009724,STR-051,CAT-04,2024-04-01,2024,4,557,436,14906.01,9509.81,412.14,5396.2
SL-0009725,STR-051,CAT-05,2024-04-01,2024,4,829,611,21329.5,10125.26,325.04,11204.24
SL-0009726,STR-051,CAT-06,2024-04-01,2024,4,785,452,19749.11,16023.28,958.57,3725.83
SL-0009727,STR-051,CAT-07,2024-04-01,2024,4,307,232,10167.09,6083.16,302.93,4083.93
SL-0009728,STR-051,CAT-08,2024-04-01,2024,4,456,228,16652.71,12304.5,334.05,4348.21
SL-0009729,STR-051,CAT-01,2024-05-01,2024,5,730,562,15663.39,8922.36,675.59,6741.03
SL-0009730,STR-051,CAT-02,2024-05-01,2024,5,358,204,10005.52,8360.66,206.96,1644.86
SL-0009731,STR-051,CAT-03,2024-05-01,2024,5,289,144,8628.98,5407.5,476.39,3221.48
SL-0009732,STR-051,CAT-04,2024-05-01,2024,5,663,332,16142.96,11061.31,703.91,5081.65
SL-0009733,STR-051,CAT-05,2024-05-01,2024,5,516,304,16231.17,7521.54,541.98,8709.63
SL-0009734,STR-051,CAT-06,2024-05-01,2024,5,217,200,8910.58,6955.92,191.62,1954.66
SL-0009735,STR-051,CAT-07,2024-05-01,2024,5,355,196,7307.05,4501.47,108.77,2805.58
SL-0009736,STR-051,CAT-08,2024-05-01,2024,5,300,175,10948.3,7694.12,503.28,3254.18
SL-0009737,STR-051,CAT-01,2024-06-01,2024,6,243,130,8016.77,4801.43,453.86,3215.34
SL-0009738,STR-051,CAT-02,2024-06-01,2024,6,259,211,9771.62,7773.75,412.09,1997.87
SL-0009739,STR-051,CAT-03,2024-06-01,2024,6,364,174,7421.64,4581.52,153.15,2840.12
SL-0009740,STR-051,CAT-04,2024-06-01,2024,6,647,378,18907.76,12463.19,1081.49,6444.57
SL-0009741,STR-051,CAT-05,2024-06-01,2024,6,499,227,14307.34,6515.82,293.28,7791.52
SL-0009742,STR-051,CAT-06,2024-06-01,2024,6,362,223,16777.79,12730.65,539.05,4047.14
SL-0009743,STR-051,CAT-07,2024-06-01,2024,6,183,121,6209.9,3548.55,334.4,2661.35
SL-0009744,STR-051,CAT-08,2024-06-01,2024,6,433,190,8217.02,5641.3,468.57,2575.72
SL-0009745,STR-051,CAT-01,2024-07-01,2024,7,932,529,27063.31,15712.15,1434.82,11351.16
SL-0009746,STR-051,CAT-02,2024-07-01,2024,7,935,547,20392.06,15914.57,1178.92,4477.49
SL-0009747,STR-051,CAT-03,2024-07-01,2024,7,1384,752,15487.85,9748.81,532.09,5739.04
SL-0009748,STR-051,CAT-04,2024-07-01,2024,7,601,351,24404.76,15694.64,843.18,8710.12
SL-0009749,STR-051,CAT-05,2024-07-01,2024,7,982,478,18388.18,8315.14,346.59,10073.04
SL-0009750,STR-051,CAT-06,2024-07-01,2024,7,566,303,18723.42,14433.56,593.85,4289.86
SL-0009751,STR-051,CAT-07,2024-07-01,2024,7,675,385,19730.33,11973.78,211.63,7756.55
SL-0009752,STR-051,CAT-08,2024-07-01,2024,7,788,562,13732.2,9759.32,582.48,3972.88
SL-0009753,STR-051,CAT-01,2024-08-01,2024,8,381,232,18607.67,11025.88,326.44,7581.79
SL-0009754,STR-051,CAT-02,2024-08-01,2024,8,462,226,9610.97,7808.8,538.92,1802.17
SL-0009755,STR-051,CAT-03,2024-08-01,2024,8,413,199,12099.22,7701.92,452.07,4397.3
SL-0009756,STR-051,CAT-04,2024-08-01,2024,8,268,145,11836.84,8153.2,306.52,3683.64
SL-0009757,STR-051,CAT-05,2024-08-01,2024,8,659,298,13310.61,5990.87,176.77,7319.74
SL-0009758,STR-051,CAT-06,2024-08-01,2024,8,574,312,18729.51,14889.5,392.26,3840.01
SL-0009759,STR-051,CAT-07,2024-08-01,2024,8,384,193,10807.44,6490.16,577.3,4317.28
SL-0009760,STR-051,CAT-08,2024-08-01,2024,8,414,172,12780.42,8780.54,525.14,3999.88
SL-0009761,STR-051,CAT-01,2024-09-01,2024,9,437,256,11180.9,6267.89,235.43,4913.01
SL-0009762,STR-051,CAT-02,2024-09-01,2024,9,530,258,13020.49,10631.92,646.64,2388.57
SL-0009763,STR-051,CAT-03,2024-09-01,2024,9,411,187,11277.04,6984.39,307.88,4292.65
SL-0009764,STR-051,CAT-04,2024-09-01,2024,9,373,279,16895.37,11024.1,549.66,5871.27
SL-0009765,STR-051,CAT-05,2024-09-01,2024,9,388,221,15361.15,6694.5,438.87,8666.65
SL-0009766,STR-051,CAT-06,2024-09-01,2024,9,850,503,17067.11,13098.06,393.5,3969.05
SL-0009767,STR-051,CAT-07,2024-09-01,2024,9,255,182,10725.17,6166.66,249.48,4558.51
SL-0009768,STR-051,CAT-08,2024-09-01,2024,9,367,275,9081.49,6499.11,518.57,2582.38
SL-0009769,STR-051,CAT-01,2024-10-01,2024,10,379,223,12190.86,7168.62,157.86,5022.24
SL-0009770,STR-051,CAT-02,2024-10-01,2024,10,389,143,11789.31,9245.18,475.58,2544.13
SL-0009771,STR-051,CAT-03,2024-10-01,2024,10,405,186,15126.93,9241.34,904.31,5885.59
SL-0009772,STR-051,CAT-04,2024-10-01,2024,10,238,164,7465.54,4855.82,76.44,2609.72
SL-0009773,STR-051,CAT-05,2024-10-01,2024,10,409,247,13337.28,5949.98,565.85,7387.3
SL-0009774,STR-051,CAT-06,2024-10-01,2024,10,525,341,18117.38,14383.29,372.67,3734.09
SL-0009775,STR-051,CAT-07,2024-10-01,2024,10,702,393,15633.65,9756.2,643.32,5877.45
SL-0009776,STR-051,CAT-08,2024-10-01,2024,10,1036,500,14551.58,9411.39,520.67,5140.19
SL-0009777,STR-051,CAT-01,2024-11-01,2024,11,870,500,16361.25,9703.95,730.82,6657.3
SL-0009778,STR-051,CAT-02,2024-11-01,2024,11,912,460,27577.74,22445.3,811.58,5132.44
SL-0009779,STR-051,CAT-03,2024-11-01,2024,11,842,358,25818.47,16235.84,1209.03,9582.63
SL-0009780,STR-051,CAT-04,2024-11-01,2024,11,508,206,12750.83,8284.44,707.3,4466.39
SL-0009781,STR-051,CAT-05,2024-11-01,2024,11,1239,976,20302.49,9386.51,997.26,10915.98
SL-0009782,STR-051,CAT-06,2024-11-01,2024,11,586,261,15342.4,11725.15,252.19,3617.25
SL-0009783,STR-051,CAT-07,2024-11-01,2024,11,2362,1155,30122.49,16966.11,1139.92,13156.38
SL-0009784,STR-051,CAT-08,2024-11-01,2024,11,1229,617,13328.67,8968.03,758.14,4360.64
SL-0009785,STR-051,CAT-01,2024-12-01,2024,12,668,304,23701.87,13820.15,265.08,9881.72
SL-0009786,STR-051,CAT-02,2024-12-01,2024,12,678,303,21697.4,18072.41,808.31,3624.99
SL-0009787,STR-051,CAT-03,2024-12-01,2024,12,407,262,13657.56,8818.37,811.38,4839.19
SL-0009788,STR-051,CAT-04,2024-12-01,2024,12,823,535,10327.04,6739.01,343.13,3588.03
SL-0009789,STR-051,CAT-05,2024-12-01,2024,12,1574,926,24728.03,11432.36,1238.3,13295.67
SL-0009790,STR-051,CAT-06,2024-12-01,2024,12,406,187,12354.09,10047.35,593.03,2306.74
SL-0009791,STR-051,CAT-07,2024-12-01,2024,12,2119,1138,46876.96,28119.93,760.46,18757.03
SL-0009792,STR-051,CAT-08,2024-12-01,2024,12,947,552,18368.93,13113.12,922.24,5255.81
SL-0009793,STR-052,CAT-01,2023-01-01,2023,1,409,268,14744.38,8538.69,672.52,6205.69
SL-0009794,STR-052,CAT-02,2023-01-01,2023,1,2007,917,17393.66,13788.35,335.87,3605.31
SL-0009795,STR-052,CAT-03,2023-01-01,2023,1,1370,641,25334.83,16069.82,696.36,9265.01
SL-0009796,STR-052,CAT-04,2023-01-01,2023,1,509,269,16340.33,10569.49,552.22,5770.84
SL-0009797,STR-052,CAT-05,2023-01-01,2023,1,412,197,17644.55,7765.94,1004.26,9878.61
SL-0009798,STR-052,CAT-06,2023-01-01,2023,1,1667,843,24358.53,18971.09,823.35,5387.44
SL-0009799,STR-052,CAT-07,2023-01-01,2023,1,214,105,8501.59,5077.85,283.03,3423.74
SL-0009800,STR-052,CAT-08,2023-01-01,2023,1,681,358,15636.48,11238.45,229.98,4398.03
SL-0009801,STR-052,CAT-01,2023-02-01,2023,2,268,178,10808.96,6384.36,297.19,4424.6
SL-0009802,STR-052,CAT-02,2023-02-01,2023,2,450,318,12314.66,10023.11,247.18,2291.55
SL-0009803,STR-052,CAT-03,2023-02-01,2023,2,586,297,14942.88,9456.74,427.9,5486.14
SL-0009804,STR-052,CAT-04,2023-02-01,2023,2,308,167,14330.03,9375.96,601.84,4954.07
SL-0009805,STR-052,CAT-05,2023-02-01,2023,2,580,316,18272.62,8255.09,369.35,10017.53
SL-0009806,STR-052,CAT-06,2023-02-01,2023,2,525,231,18116.35,15192.9,517.64,2923.45
SL-0009807,STR-052,CAT-07,2023-02-01,2023,2,151,114,6757.16,3879.31,157.67,2877.85
SL-0009808,STR-052,CAT-08,2023-02-01,2023,2,1001,693,15103.7,10762.27,586.19,4341.43
SL-0009809,STR-052,CAT-01,2023-03-01,2023,3,808,437,18978.14,11266.85,207.19,7711.29
SL-0009810,STR-052,CAT-02,2023-03-01,2023,3,684,296,12914.21,10842.7,266.74,2071.51
SL-0009811,STR-052,CAT-03,2023-03-01,2023,3,1255,831,28716.48,18048.81,435.24,10667.67
SL-0009812,STR-052,CAT-04,2023-03-01,2023,3,1140,722,22160.19,14696.74,1095.0,7463.45
SL-0009813,STR-052,CAT-05,2023-03-01,2023,3,918,393,18612.48,8042.25,764.28,10570.23
SL-0009814,STR-052,CAT-06,2023-03-01,2023,3,508,293,13521.61,10552.13,139.93,2969.48
SL-0009815,STR-052,CAT-07,2023-03-01,2023,3,601,367,14560.53,8679.24,698.43,5881.29
SL-0009816,STR-052,CAT-08,2023-03-01,2023,3,627,321,20375.06,13587.72,933.03,6787.34
SL-0009817,STR-052,CAT-01,2023-04-01,2023,4,1125,670,22127.4,12709.81,882.21,9417.59
SL-0009818,STR-052,CAT-02,2023-04-01,2023,4,503,287,13526.87,11033.42,679.71,2493.45
SL-0009819,STR-052,CAT-03,2023-04-01,2023,4,809,647,18589.22,12092.47,535.59,6496.75
SL-0009820,STR-052,CAT-04,2023-04-01,2023,4,988,442,34097.42,22321.23,1931.97,11776.19
SL-0009821,STR-052,CAT-05,2023-04-01,2023,4,1237,705,28433.1,12191.93,1685.76,16241.17
SL-0009822,STR-052,CAT-06,2023-04-01,2023,4,831,467,24675.21,19351.42,1049.48,5323.79
SL-0009823,STR-052,CAT-07,2023-04-01,2023,4,609,242,21143.62,12620.47,808.99,8523.15
SL-0009824,STR-052,CAT-08,2023-04-01,2023,4,642,322,21262.21,14203.56,792.56,7058.65
SL-0009825,STR-052,CAT-01,2023-05-01,2023,5,774,519,20997.56,12126.77,327.02,8870.79
SL-0009826,STR-052,CAT-02,2023-05-01,2023,5,600,282,16832.97,13266.5,683.49,3566.47
SL-0009827,STR-052,CAT-03,2023-05-01,2023,5,665,292,23324.21,14895.13,752.58,8429.08
SL-0009828,STR-052,CAT-04,2023-05-01,2023,5,403,325,14825.22,9880.92,856.62,4944.3
SL-0009829,STR-052,CAT-05,2023-05-01,2023,5,962,514,23395.29,10415.94,1378.69,12979.35
SL-0009830,STR-052,CAT-06,2023-05-01,2023,5,993,756,22325.41,17345.53,769.22,4979.88
SL-0009831,STR-052,CAT-07,2023-05-01,2023,5,594,571,22677.64,14090.39,704.06,8587.25
SL-0009832,STR-052,CAT-08,2023-05-01,2023,5,613,239,17597.58,12800.18,964.12,4797.4
SL-0009833,STR-052,CAT-01,2023-06-01,2023,6,460,224,18900.26,11242.61,293.52,7657.65
SL-0009834,STR-052,CAT-02,2023-06-01,2023,6,1375,719,26160.84,21427.73,716.29,4733.11
SL-0009835,STR-052,CAT-03,2023-06-01,2023,6,1316,767,28104.91,18083.27,732.49,10021.64
SL-0009836,STR-052,CAT-04,2023-06-01,2023,6,1707,939,31783.45,20798.21,1474.02,10985.24
SL-0009837,STR-052,CAT-05,2023-06-01,2023,6,836,481,30473.28,13822.04,355.42,16651.24
SL-0009838,STR-052,CAT-06,2023-06-01,2023,6,710,332,18768.09,15076.98,561.18,3691.11
SL-0009839,STR-052,CAT-07,2023-06-01,2023,6,2757,1826,28153.81,17007.83,1634.29,11145.98
SL-0009840,STR-052,CAT-08,2023-06-01,2023,6,616,373,22408.59,15723.11,830.76,6685.48
SL-0009841,STR-052,CAT-01,2023-07-01,2023,7,500,265,15474.4,9124.08,501.29,6350.32
SL-0009842,STR-052,CAT-02,2023-07-01,2023,7,432,215,18793.12,15170.69,889.93,3622.43
SL-0009843,STR-052,CAT-03,2023-07-01,2023,7,540,412,13075.05,8410.97,536.01,4664.08
SL-0009844,STR-052,CAT-04,2023-07-01,2023,7,915,572,24898.76,16222.02,1159.54,8676.74
SL-0009845,STR-052,CAT-05,2023-07-01,2023,7,363,223,14281.97,6147.23,358.6,8134.74
SL-0009846,STR-052,CAT-06,2023-07-01,2023,7,1199,921,21319.45,16265.96,886.25,5053.49
SL-0009847,STR-052,CAT-07,2023-07-01,2023,7,691,467,21696.81,13265.06,852.83,8431.75
SL-0009848,STR-052,CAT-08,2023-07-01,2023,7,1230,602,25560.86,18557.22,1111.37,7003.64
SL-0009849,STR-052,CAT-01,2023-08-01,2023,8,958,539,32885.62,19541.21,1262.85,13344.41
SL-0009850,STR-052,CAT-02,2023-08-01,2023,8,798,457,22839.52,18684.83,302.57,4154.69
SL-0009851,STR-052,CAT-03,2023-08-01,2023,8,705,355,12654.8,7920.14,692.68,4734.66
SL-0009852,STR-052,CAT-04,2023-08-01,2023,8,1485,796,17636.13,11527.6,475.61,6108.53
SL-0009853,STR-052,CAT-05,2023-08-01,2023,8,2509,1167,22775.45,10168.74,1251.54,12606.71
SL-0009854,STR-052,CAT-06,2023-08-01,2023,8,614,322,21433.33,16703.99,664.55,4729.34
SL-0009855,STR-052,CAT-07,2023-08-01,2023,8,680,435,13369.75,7961.28,659.04,5408.47
SL-0009856,STR-052,CAT-08,2023-08-01,2023,8,709,486,15495.3,11194.09,346.38,4301.21
SL-0009857,STR-052,CAT-01,2023-09-01,2023,9,773,446,26105.84,15691.75,827.58,10414.09
SL-0009858,STR-052,CAT-02,2023-09-01,2023,9,585,376,23746.26,18830.71,295.53,4915.55
SL-0009859,STR-052,CAT-03,2023-09-01,2023,9,580,287,19089.98,11542.17,937.88,7547.81
SL-0009860,STR-052,CAT-04,2023-09-01,2023,9,1129,796,28913.85,18298.21,1077.62,10615.64
SL-0009861,STR-052,CAT-05,2023-09-01,2023,9,795,394,16645.43,7686.58,777.74,8958.85
SL-0009862,STR-052,CAT-06,2023-09-01,2023,9,1038,530,29054.73,21005.65,922.58,8049.08
SL-0009863,STR-052,CAT-07,2023-09-01,2023,9,792,370,25233.74,14832.04,422.19,10401.7
SL-0009864,STR-052,CAT-08,2023-09-01,2023,9,557,395,28544.96,19906.38,937.73,8638.58
SL-0009865,STR-052,CAT-01,2023-10-01,2023,10,717,383,15581.42,9235.78,538.1,6345.64
SL-0009866,STR-052,CAT-02,2023-10-01,2023,10,629,440,18963.81,15855.78,449.0,3108.03
SL-0009867,STR-052,CAT-03,2023-10-01,2023,10,312,168,11167.38,7316.5,302.94,3850.88
SL-0009868,STR-052,CAT-04,2023-10-01,2023,10,548,249,16092.08,10561.08,902.66,5531.0
SL-0009869,STR-052,CAT-05,2023-10-01,2023,10,510,233,13746.35,5967.32,690.04,7779.03
SL-0009870,STR-052,CAT-06,2023-10-01,2023,10,703,489,18131.83,13818.37,344.21,4313.46
SL-0009871,STR-052,CAT-07,2023-10-01,2023,10,1057,557,13169.84,7679.9,667.92,5489.94
SL-0009872,STR-052,CAT-08,2023-10-01,2023,10,924,480,25022.73,17697.06,1338.04,7325.67
SL-0009873,STR-052,CAT-01,2023-11-01,2023,11,986,472,32856.99,18993.03,877.03,13863.96
SL-0009874,STR-052,CAT-02,2023-11-01,2023,11,1902,1460,50346.51,39323.14,2799.71,11023.37
SL-0009875,STR-052,CAT-03,2023-11-01,2023,11,1220,658,36645.91,23405.87,753.87,13240.04
SL-0009876,STR-052,CAT-04,2023-11-01,2023,11,401,170,14589.23,9225.75,539.79,5363.48
SL-0009877,STR-052,CAT-05,2023-11-01,2023,11,738,564,23982.12,10893.25,1193.39,13088.87
SL-0009878,STR-052,CAT-06,2023-11-01,2023,11,1265,790,36037.58,28358.2,1267.69,7679.38
SL-0009879,STR-052,CAT-07,2023-11-01,2023,11,1164,611,39378.85,22903.19,2242.36,16475.66
SL-0009880,STR-052,CAT-08,2023-11-01,2023,11,593,374,19207.4,12867.86,382.34,6339.54
SL-0009881,STR-052,CAT-01,2023-12-01,2023,12,1152,471,28849.35,16838.93,1524.19,12010.42
SL-0009882,STR-052,CAT-02,2023-12-01,2023,12,3421,2308,48390.12,40801.08,2392.08,7589.04
SL-0009883,STR-052,CAT-03,2023-12-01,2023,12,883,458,30686.62,19821.91,1816.62,10864.71
SL-0009884,STR-052,CAT-04,2023-12-01,2023,12,622,361,19910.45,12520.71,1035.96,7389.74
SL-0009885,STR-052,CAT-05,2023-12-01,2023,12,920,635,29030.06,12970.94,605.96,16059.12
SL-0009886,STR-052,CAT-06,2023-12-01,2023,12,1788,889,35885.73,27600.39,686.33,8285.34
SL-0009887,STR-052,CAT-07,2023-12-01,2023,12,1403,957,64310.87,39690.91,2158.49,24619.96
SL-0009888,STR-052,CAT-08,2023-12-01,2023,12,830,538,24375.26,18006.79,1060.58,6368.47
SL-0009889,STR-052,CAT-01,2024-01-01,2024,1,973,534,17277.32,10107.08,273.15,7170.24
SL-0009890,STR-052,CAT-02,2024-01-01,2024,1,539,363,23167.54,18872.89,404.84,4294.65
SL-0009891,STR-052,CAT-03,2024-01-01,2024,1,1281,609,23076.21,13774.77,1025.04,9301.44
SL-0009892,STR-052,CAT-04,2024-01-01,2024,1,455,249,18394.02,11709.63,750.57,6684.39
SL-0009893,STR-052,CAT-05,2024-01-01,2024,1,932,424,14291.81,6458.07,503.12,7833.74
SL-0009894,STR-052,CAT-06,2024-01-01,2024,1,372,218,13582.0,10628.86,381.28,2953.14
SL-0009895,STR-052,CAT-07,2024-01-01,2024,1,321,164,14259.95,8572.29,160.62,5687.66
SL-0009896,STR-052,CAT-08,2024-01-01,2024,1,520,310,11773.23,8032.53,652.96,3740.7
SL-0009897,STR-052,CAT-01,2024-02-01,2024,2,715,347,12907.58,7253.09,604.56,5654.49
SL-0009898,STR-052,CAT-02,2024-02-01,2024,2,678,364,11294.3,9437.29,131.54,1857.01
SL-0009899,STR-052,CAT-03,2024-02-01,2024,2,602,332,18930.97,11468.41,565.48,7462.56
SL-0009900,STR-052,CAT-04,2024-02-01,2024,2,641,370,17319.53,10831.26,175.32,6488.27
SL-0009901,STR-052,CAT-05,2024-02-01,2024,2,595,296,26529.74,12188.87,1590.03,14340.87
SL-0009902,STR-052,CAT-06,2024-02-01,2024,2,545,298,19526.57,15528.97,811.69,3997.6
SL-0009903,STR-052,CAT-07,2024-02-01,2024,2,328,206,14068.7,8444.32,385.61,5624.38
SL-0009904,STR-052,CAT-08,2024-02-01,2024,2,252,176,7742.84,5445.53,214.27,2297.31
SL-0009905,STR-052,CAT-01,2024-03-01,2024,3,987,474,21924.96,12502.41,843.97,9422.55
SL-0009906,STR-052,CAT-02,2024-03-01,2024,3,322,178,9927.0,8028.57,318.27,1898.43
SL-0009907,STR-052,CAT-03,2024-03-01,2024,3,877,388,22400.47,14009.88,1179.37,8390.59
SL-0009908,STR-052,CAT-04,2024-03-01,2024,3,675,446,20314.19,12736.04,563.64,7578.15
SL-0009909,STR-052,CAT-05,2024-03-01,2024,3,2192,1229,22027.33,9869.94,836.86,12157.39
SL-0009910,STR-052,CAT-06,2024-03-01,2024,3,967,544,26581.52,20366.6,416.91,6214.92
SL-0009911,STR-052,CAT-07,2024-03-01,2024,3,268,167,10244.43,6182.96,365.23,4061.47
SL-0009912,STR-052,CAT-08,2024-03-01,2024,3,751,340,23852.27,16391.95,414.69,7460.32
SL-0009913,STR-052,CAT-01,2024-04-01,2024,4,2038,1192,23045.64,13176.15,633.54,9869.49
SL-0009914,STR-052,CAT-02,2024-04-01,2024,4,517,277,23321.75,18650.49,609.36,4671.26
SL-0009915,STR-052,CAT-03,2024-04-01,2024,4,884,589,29612.11,19328.34,1066.37,10283.77
SL-0009916,STR-052,CAT-04,2024-04-01,2024,4,1072,531,30800.99,19278.25,933.98,11522.74
SL-0009917,STR-052,CAT-05,2024-04-01,2024,4,543,500,17004.86,7888.55,960.21,9116.31
SL-0009918,STR-052,CAT-06,2024-04-01,2024,4,1283,1119,28863.2,22890.86,1068.15,5972.34
SL-0009919,STR-052,CAT-07,2024-04-01,2024,4,638,390,11796.96,7288.4,593.46,4508.56
SL-0009920,STR-052,CAT-08,2024-04-01,2024,4,614,414,23238.57,15540.37,434.82,7698.2
SL-0009921,STR-052,CAT-01,2024-05-01,2024,5,738,337,18885.4,10874.22,300.43,8011.18
SL-0009922,STR-052,CAT-02,2024-05-01,2024,5,431,238,13805.48,11309.78,769.73,2495.7
SL-0009923,STR-052,CAT-03,2024-05-01,2024,5,609,334,16414.9,10264.18,966.1,6150.72
SL-0009924,STR-052,CAT-04,2024-05-01,2024,5,1682,876,31468.45,21651.0,922.41,9817.45
SL-0009925,STR-052,CAT-05,2024-05-01,2024,5,630,360,18031.48,7933.8,313.79,10097.68
SL-0009926,STR-052,CAT-06,2024-05-01,2024,5,587,322,21076.97,16825.78,1032.54,4251.19
SL-0009927,STR-052,CAT-07,2024-05-01,2024,5,575,300,18381.22,11197.77,544.79,7183.45
SL-0009928,STR-052,CAT-08,2024-05-01,2024,5,957,650,23902.34,17483.34,349.54,6419.0
SL-0009929,STR-052,CAT-01,2024-06-01,2024,6,533,311,19466.21,10873.38,860.69,8592.83
SL-0009930,STR-052,CAT-02,2024-06-01,2024,6,626,367,16448.6,13473.08,334.01,2975.52
SL-0009931,STR-052,CAT-03,2024-06-01,2024,6,542,269,20799.86,13091.04,937.17,7708.82
SL-0009932,STR-052,CAT-04,2024-06-01,2024,6,1041,697,37478.25,24942.11,1964.24,12536.14
SL-0009933,STR-052,CAT-05,2024-06-01,2024,6,786,477,20392.46,9039.84,569.75,11352.62
SL-0009934,STR-052,CAT-06,2024-06-01,2024,6,590,308,18642.11,14694.11,620.21,3948.0
SL-0009935,STR-052,CAT-07,2024-06-01,2024,6,470,247,16637.97,10034.85,222.9,6603.12
SL-0009936,STR-052,CAT-08,2024-06-01,2024,6,454,326,15699.84,10373.41,730.26,5326.43
SL-0009937,STR-052,CAT-01,2024-07-01,2024,7,697,424,24832.88,13780.19,958.06,11052.69
SL-0009938,STR-052,CAT-02,2024-07-01,2024,7,380,239,15503.16,12429.49,700.33,3073.67
SL-0009939,STR-052,CAT-03,2024-07-01,2024,7,628,333,13194.89,8315.59,735.21,4879.3
SL-0009940,STR-052,CAT-04,2024-07-01,2024,7,498,298,18589.65,12468.53,1049.53,6121.12
SL-0009941,STR-052,CAT-05,2024-07-01,2024,7,474,245,20453.92,8788.45,330.35,11665.47
SL-0009942,STR-052,CAT-06,2024-07-01,2024,7,546,269,18114.97,14111.61,546.44,4003.36
SL-0009943,STR-052,CAT-07,2024-07-01,2024,7,760,361,21856.1,12961.44,1197.97,8894.66
SL-0009944,STR-052,CAT-08,2024-07-01,2024,7,816,420,18706.23,13148.4,277.02,5557.83
SL-0009945,STR-052,CAT-01,2024-08-01,2024,8,469,216,14977.78,8414.34,550.37,6563.44
SL-0009946,STR-052,CAT-02,2024-08-01,2024,8,566,267,21034.65,16570.05,688.95,4464.6
SL-0009947,STR-052,CAT-03,2024-08-01,2024,8,621,385,15389.43,9269.12,367.6,6120.31
SL-0009948,STR-052,CAT-04,2024-08-01,2024,8,674,472,19974.89,13231.7,421.03,6743.19
SL-0009949,STR-052,CAT-05,2024-08-01,2024,8,786,451,20019.56,9368.62,1104.74,10650.94
SL-0009950,STR-052,CAT-06,2024-08-01,2024,8,1301,857,31506.37,24346.34,894.87,7160.03
SL-0009951,STR-052,CAT-07,2024-08-01,2024,8,926,588,20029.6,11975.55,674.07,8054.05
SL-0009952,STR-052,CAT-08,2024-08-01,2024,8,1166,796,28581.38,19099.9,1340.01,9481.48
SL-0009953,STR-052,CAT-01,2024-09-01,2024,9,686,434,14748.34,8927.03,482.08,5821.31
SL-0009954,STR-052,CAT-02,2024-09-01,2024,9,671,354,22115.52,17199.59,814.51,4915.93
SL-0009955,STR-052,CAT-03,2024-09-01,2024,9,578,374,20672.47,12818.29,748.88,7854.18
SL-0009956,STR-052,CAT-04,2024-09-01,2024,9,687,557,14251.69,8929.32,638.75,5322.37
SL-0009957,STR-052,CAT-05,2024-09-01,2024,9,734,429,20599.99,9505.51,579.23,11094.48
SL-0009958,STR-052,CAT-06,2024-09-01,2024,9,636,429,15688.64,11910.8,742.65,3777.84
SL-0009959,STR-052,CAT-07,2024-09-01,2024,9,472,243,16305.74,9456.43,211.93,6849.31
SL-0009960,STR-052,CAT-08,2024-09-01,2024,9,334,223,17076.41,12170.94,210.82,4905.47
SL-0009961,STR-052,CAT-01,2024-10-01,2024,10,1134,645,15516.64,8555.07,771.69,6961.57
SL-0009962,STR-052,CAT-02,2024-10-01,2024,10,248,98,11634.11,9304.65,611.63,2329.46
SL-0009963,STR-052,CAT-03,2024-10-01,2024,10,373,224,11146.71,7147.73,278.41,3998.98
SL-0009964,STR-052,CAT-04,2024-10-01,2024,10,407,241,18521.24,11837.62,593.5,6683.62
SL-0009965,STR-052,CAT-05,2024-10-01,2024,10,1038,541,24174.1,10319.51,1074.89,13854.59
SL-0009966,STR-052,CAT-06,2024-10-01,2024,10,844,425,26901.43,21469.93,1598.71,5431.5
SL-0009967,STR-052,CAT-07,2024-10-01,2024,10,1153,507,22414.07,12743.83,658.61,9670.24
SL-0009968,STR-052,CAT-08,2024-10-01,2024,10,780,636,22597.42,16190.55,497.46,6406.87
SL-0009969,STR-052,CAT-01,2024-11-01,2024,11,554,316,15680.77,9519.17,463.28,6161.6
SL-0009970,STR-052,CAT-02,2024-11-01,2024,11,2823,1817,43207.17,35114.65,513.31,8092.52
SL-0009971,STR-052,CAT-03,2024-11-01,2024,11,662,450,21276.24,13116.49,545.31,8159.75
SL-0009972,STR-052,CAT-04,2024-11-01,2024,11,374,165,13540.23,8677.84,306.72,4862.39
SL-0009973,STR-052,CAT-05,2024-11-01,2024,11,958,601,33323.55,14142.48,1865.84,19181.07
SL-0009974,STR-052,CAT-06,2024-11-01,2024,11,1193,530,18592.51,14818.48,973.71,3774.03
SL-0009975,STR-052,CAT-07,2024-11-01,2024,11,1400,875,36670.28,22299.01,954.88,14371.27
SL-0009976,STR-052,CAT-08,2024-11-01,2024,11,1442,602,30597.86,20925.14,1724.56,9672.72
SL-0009977,STR-052,CAT-01,2024-12-01,2024,12,1082,563,40944.03,22980.26,1175.0,17963.77
SL-0009978,STR-052,CAT-02,2024-12-01,2024,12,1475,918,45229.89,38523.98,1718.62,6705.91
SL-0009979,STR-052,CAT-03,2024-12-01,2024,12,1216,664,25223.55,15454.74,732.7,9768.81
SL-0009980,STR-052,CAT-04,2024-12-01,2024,12,622,416,19726.83,12752.6,1133.91,6974.23
SL-0009981,STR-052,CAT-05,2024-12-01,2024,12,1531,759,29223.86,13066.25,1130.63,16157.61
SL-0009982,STR-052,CAT-06,2024-12-01,2024,12,674,431,26582.12,20443.03,1087.33,6139.09
SL-0009983,STR-052,CAT-07,2024-12-01,2024,12,1034,683,36179.25,21738.79,650.36,14440.46
SL-0009984,STR-052,CAT-08,2024-12-01,2024,12,1365,663,29597.78,19113.92,869.23,10483.86
SL-0009985,STR-053,CAT-01,2023-01-01,2023,1,1365,855,18326.5,11467.99,354.87,6858.51
SL-0009986,STR-053,CAT-02,2023-01-01,2023,1,676,499,20886.97,18835.18,630.96,2051.79
SL-0009987,STR-053,CAT-03,2023-01-01,2023,1,478,270,16075.17,11317.82,164.19,4757.35
SL-0009988,STR-053,CAT-04,2023-01-01,2023,1,1050,563,24909.12,17078.84,316.11,7830.28
SL-0009989,STR-053,CAT-05,2023-01-01,2023,1,650,379,20511.15,10202.71,1195.67,10308.44
SL-0009990,STR-053,CAT-06,2023-01-01,2023,1,987,664,30820.77,26893.29,998.76,3927.48
SL-0009991,STR-053,CAT-07,2023-01-01,2023,1,454,347,15656.98,9512.88,157.34,6144.1
SL-0009992,STR-053,CAT-08,2023-01-01,2023,1,761,420,19132.73,14536.3,798.25,4596.43
SL-0009993,STR-053,CAT-01,2023-02-01,2023,2,781,385,28373.37,18119.44,316.37,10253.93
SL-0009994,STR-053,CAT-02,2023-02-01,2023,2,607,406,14837.57,12806.78,777.38,2030.79
SL-0009995,STR-053,CAT-03,2023-02-01,2023,2,540,245,20064.6,13188.39,228.28,6876.21
SL-0009996,STR-053,CAT-04,2023-02-01,2023,2,932,596,30845.24,22379.07,809.72,8466.17
SL-0009997,STR-053,CAT-05,2023-02-01,2023,2,901,528,24278.45,11815.95,524.99,12462.5
SL-0009998,STR-053,CAT-06,2023-02-01,2023,2,487,237,20752.03,17421.62,638.98,3330.41
SL-0009999,STR-053,CAT-07,2023-02-01,2023,2,572,316,18680.64,12110.89,794.0,6569.75
SL-0010000,STR-053,CAT-08,2023-02-01,2023,2,2317,1286,21835.95,16424.89,607.98,5411.06
SL-0010001,STR-053,CAT-01,2023-03-01,2023,3,850,350,25704.84,15409.57,942.64,10295.27
SL-0010002,STR-053,CAT-02,2023-03-01,2023,3,1332,680,27396.96,24919.13,1347.19,2477.83
SL-0010003,STR-053,CAT-03,2023-03-01,2023,3,407,206,16815.21,10592.72,230.03,6222.49
SL-0010004,STR-053,CAT-04,2023-03-01,2023,3,840,456,26851.08,18640.49,628.76,8210.59
SL-0010005,STR-053,CAT-05,2023-03-01,2023,3,553,335,20803.65,10462.72,933.16,10340.93
SL-0010006,STR-053,CAT-06,2023-03-01,2023,3,498,241,19190.6,16306.69,192.86,2883.91
SL-0010007,STR-053,CAT-07,2023-03-01,2023,3,878,453,32404.97,21150.71,1787.38,11254.26
SL-0010008,STR-053,CAT-08,2023-03-01,2023,3,615,386,22797.86,17154.74,808.56,5643.12
SL-0010009,STR-053,CAT-01,2023-04-01,2023,4,762,407,19734.32,11839.87,549.5,7894.45
SL-0010010,STR-053,CAT-02,2023-04-01,2023,4,523,297,21220.6,19009.37,903.82,2211.23
SL-0010011,STR-053,CAT-03,2023-04-01,2023,4,1122,760,43057.91,27894.52,2203.74,15163.39
SL-0010012,STR-053,CAT-04,2023-04-01,2023,4,1535,1006,41560.43,28449.61,895.27,13110.82
SL-0010013,STR-053,CAT-05,2023-04-01,2023,4,998,604,16813.16,7946.73,435.77,8866.43
SL-0010014,STR-053,CAT-06,2023-04-01,2023,4,979,589,28237.75,23967.58,746.96,4270.17
SL-0010015,STR-053,CAT-07,2023-04-01,2023,4,967,727,29750.21,19568.98,1423.79,10181.23
SL-0010016,STR-053,CAT-08,2023-04-01,2023,4,707,340,31479.46,25669.99,1824.41,5809.47
SL-0010017,STR-053,CAT-01,2023-05-01,2023,5,1566,1154,38474.27,25160.72,1755.44,13313.55
SL-0010018,STR-053,CAT-02,2023-05-01,2023,5,934,584,23983.36,20723.4,748.96,3259.96
SL-0010019,STR-053,CAT-03,2023-05-01,2023,5,856,542,22500.06,14769.25,1086.72,7730.81
SL-0010020,STR-053,CAT-04,2023-05-01,2023,5,1122,699,21674.36,15448.77,1056.4,6225.59
SL-0010021,STR-053,CAT-05,2023-05-01,2023,5,854,568,17841.25,8666.73,562.83,9174.52
SL-0010022,STR-053,CAT-06,2023-05-01,2023,5,878,354,19993.44,15516.96,440.44,4476.48
SL-0010023,STR-053,CAT-07,2023-05-01,2023,5,804,491,22638.06,15321.57,1350.98,7316.49
SL-0010024,STR-053,CAT-08,2023-05-01,2023,5,888,447,29378.76,22636.75,648.62,6742.01
SL-0010025,STR-053,CAT-01,2023-06-01,2023,6,758,595,30741.57,18675.49,459.38,12066.08
SL-0010026,STR-053,CAT-02,2023-06-01,2023,6,1072,453,32359.55,27764.5,523.33,4595.05
SL-0010027,STR-053,CAT-03,2023-06-01,2023,6,1152,711,27580.28,18838.92,704.86,8741.36
SL-0010028,STR-053,CAT-04,2023-06-01,2023,6,1299,778,23530.97,16336.39,1221.38,7194.58
SL-0010029,STR-053,CAT-05,2023-06-01,2023,6,1107,588,24741.44,11600.6,488.21,13140.84
SL-0010030,STR-053,CAT-06,2023-06-01,2023,6,986,604,25951.43,22859.63,1390.64,3091.8
SL-0010031,STR-053,CAT-07,2023-06-01,2023,6,1466,858,33050.46,21763.48,1731.64,11286.98
SL-0010032,STR-053,CAT-08,2023-06-01,2023,6,1486,730,43577.2,34079.37,2180.94,9497.83
SL-0010033,STR-053,CAT-01,2023-07-01,2023,7,1182,581,39964.45,25085.39,1829.19,14879.06
SL-0010034,STR-053,CAT-02,2023-07-01,2023,7,1872,1292,21213.24,19048.51,595.93,2164.73
SL-0010035,STR-053,CAT-03,2023-07-01,2023,7,453,268,15034.0,9980.65,251.56,5053.35
SL-0010036,STR-053,CAT-04,2023-07-01,2023,7,812,571,32187.82,22437.35,1407.94,9750.47
SL-0010037,STR-053,CAT-05,2023-07-01,2023,7,737,326,21194.58,9981.62,1070.82,11212.96
SL-0010038,STR-053,CAT-06,2023-07-01,2023,7,787,639,28160.31,24921.25,1630.65,3239.06
SL-0010039,STR-053,CAT-07,2023-07-01,2023,7,784,533,21191.42,14349.53,816.5,6841.89
SL-0010040,STR-053,CAT-08,2023-07-01,2023,7,1061,528,30496.04,23307.35,339.31,7188.69
SL-0010041,STR-053,CAT-01,2023-08-01,2023,8,774,415,27210.63,17617.8,1158.37,9592.83
SL-0010042,STR-053,CAT-02,2023-08-01,2023,8,1281,646,13388.54,11811.83,450.01,1576.71
SL-0010043,STR-053,CAT-03,2023-08-01,2023,8,442,180,14651.32,10279.55,568.46,4371.77
SL-0010044,STR-053,CAT-04,2023-08-01,2023,8,906,482,24130.03,17297.45,1255.47,6832.58
SL-0010045,STR-053,CAT-05,2023-08-01,2023,8,467,269,14061.17,6966.62,482.46,7094.55
SL-0010046,STR-053,CAT-06,2023-08-01,2023,8,1097,705,26295.57,22537.0,1148.55,3758.57
SL-0010047,STR-053,CAT-07,2023-08-01,2023,8,1193,853,29895.15,19228.81,1501.35,10666.34
SL-0010048,STR-053,CAT-08,2023-08-01,2023,8,801,543,19357.14,14604.83,855.14,4752.31
SL-0010049,STR-053,CAT-01,2023-09-01,2023,9,1068,821,30860.89,19926.94,1315.31,10933.95
SL-0010050,STR-053,CAT-02,2023-09-01,2023,9,962,409,34370.4,30215.27,1373.33,4155.13
SL-0010051,STR-053,CAT-03,2023-09-01,2023,9,1122,505,36629.86,23956.4,1456.96,12673.46
SL-0010052,STR-053,CAT-04,2023-09-01,2023,9,1066,524,31245.34,20998.26,545.11,10247.08
SL-0010053,STR-053,CAT-05,2023-09-01,2023,9,1192,733,32085.36,15402.64,598.82,16682.72
SL-0010054,STR-053,CAT-06,2023-09-01,2023,9,595,264,23029.13,20202.87,809.01,2826.26
SL-0010055,STR-053,CAT-07,2023-09-01,2023,9,756,466,28216.02,18755.8,672.45,9460.22
SL-0010056,STR-053,CAT-08,2023-09-01,2023,9,1383,792,40532.7,30450.2,2396.28,10082.5
SL-0010057,STR-053,CAT-01,2023-10-01,2023,10,706,307,25291.1,15461.84,947.3,9829.26
SL-0010058,STR-053,CAT-02,2023-10-01,2023,10,481,353,16948.3,14940.64,801.32,2007.66
SL-0010059,STR-053,CAT-03,2023-10-01,2023,10,852,667,20235.08,13881.56,1099.34,6353.52
SL-0010060,STR-053,CAT-04,2023-10-01,2023,10,575,350,16662.48,11243.1,644.29,5419.38
SL-0010061,STR-053,CAT-05,2023-10-01,2023,10,733,370,27474.17,12844.33,600.88,14629.84
SL-0010062,STR-053,CAT-06,2023-10-01,2023,10,754,415,27575.86,23717.6,775.49,3858.26
SL-0010063,STR-053,CAT-07,2023-10-01,2023,10,1558,742,22470.08,14397.23,1058.09,8072.85
SL-0010064,STR-053,CAT-08,2023-10-01,2023,10,683,413,14379.93,10529.67,149.11,3850.26
SL-0010065,STR-053,CAT-01,2023-11-01,2023,11,980,522,24122.24,14584.54,526.6,9537.7
SL-0010066,STR-053,CAT-02,2023-11-01,2023,11,1040,566,37915.65,33675.6,1428.71,4240.05
SL-0010067,STR-053,CAT-03,2023-11-01,2023,11,433,248,16917.54,11269.83,817.05,5647.71
SL-0010068,STR-053,CAT-04,2023-11-01,2023,11,519,343,17205.72,12144.87,302.17,5060.85
SL-0010069,STR-053,CAT-05,2023-11-01,2023,11,1019,574,22407.2,10678.15,1337.39,11729.05
SL-0010070,STR-053,CAT-06,2023-11-01,2023,11,946,416,26999.26,22020.67,1184.7,4978.59
SL-0010071,STR-053,CAT-07,2023-11-01,2023,11,515,287,21853.17,14324.21,351.03,7528.96
SL-0010072,STR-053,CAT-08,2023-11-01,2023,11,456,239,16073.19,12221.22,263.21,3851.97
SL-0010073,STR-053,CAT-01,2023-12-01,2023,12,668,388,19489.88,12714.08,917.62,6775.8
SL-0010074,STR-053,CAT-02,2023-12-01,2023,12,1653,1006,45239.63,42281.78,1898.1,2957.85
SL-0010075,STR-053,CAT-03,2023-12-01,2023,12,1220,809,27885.18,19546.47,344.33,8338.71
SL-0010076,STR-053,CAT-04,2023-12-01,2023,12,1131,593,20784.43,14638.03,395.38,6146.4
SL-0010077,STR-053,CAT-05,2023-12-01,2023,12,2245,1460,39315.26,19302.2,1316.11,20013.06
SL-0010078,STR-053,CAT-06,2023-12-01,2023,12,2091,1057,40702.64,34650.23,1482.46,6052.41
SL-0010079,STR-053,CAT-07,2023-12-01,2023,12,1636,988,40144.7,26650.84,1195.87,13493.86
SL-0010080,STR-053,CAT-08,2023-12-01,2023,12,829,535,21849.18,16149.46,346.66,5699.72
SL-0010081,STR-053,CAT-01,2024-01-01,2024,1,1021,455,20078.77,12922.17,989.76,7156.6
SL-0010082,STR-053,CAT-02,2024-01-01,2024,1,983,565,26788.27,22929.97,550.83,3858.3
SL-0010083,STR-053,CAT-03,2024-01-01,2024,1,490,353,12785.12,8698.43,296.63,4086.69
SL-0010084,STR-053,CAT-04,2024-01-01,2024,1,1739,1156,24701.78,17793.35,1208.46,6908.43
SL-0010085,STR-053,CAT-05,2024-01-01,2024,1,676,428,18273.53,8630.74,614.62,9642.79
SL-0010086,STR-053,CAT-06,2024-01-01,2024,1,1666,1008,29164.46,24720.76,967.04,4443.7
SL-0010087,STR-053,CAT-07,2024-01-01,2024,1,373,202,11521.61,7830.19,201.56,3691.42
SL-0010088,STR-053,CAT-08,2024-01-01,2024,1,859,465,25159.34,20260.69,1258.09,4898.65
SL-0010089,STR-053,CAT-01,2024-02-01,2024,2,1304,707,31818.87,19247.66,1682.06,12571.21
SL-0010090,STR-053,CAT-02,2024-02-01,2024,2,1636,1241,17267.51,15652.79,816.04,1614.72
SL-0010091,STR-053,CAT-03,2024-02-01,2024,2,339,213,12888.99,8583.98,243.87,4305.01
SL-0010092,STR-053,CAT-04,2024-02-01,2024,2,1007,813,21405.88,14954.38,505.94,6451.5
SL-0010093,STR-053,CAT-05,2024-02-01,2024,2,1024,560,28771.17,13476.38,1113.58,15294.79
SL-0010094,STR-053,CAT-06,2024-02-01,2024,2,880,418,24709.87,21129.37,1025.98,3580.5
SL-0010095,STR-053,CAT-07,2024-02-01,2024,2,466,268,11830.44,7865.12,322.47,3965.32
SL-0010096,STR-053,CAT-08,2024-02-01,2024,2,907,419,28530.17,20969.51,1594.66,7560.66
SL-0010097,STR-053,CAT-01,2024-03-01,2024,3,965,535,26158.2,15972.44,803.31,10185.76
SL-0010098,STR-053,CAT-02,2024-03-01,2024,3,827,538,25405.66,22467.92,887.91,2937.74
SL-0010099,STR-053,CAT-03,2024-03-01,2024,3,801,542,30586.67,20117.43,791.56,10469.24
SL-0010100,STR-053,CAT-04,2024-03-01,2024,3,1390,1131,30226.64,21417.69,968.05,8808.95
SL-0010101,STR-053,CAT-05,2024-03-01,2024,3,611,300,22482.87,10961.19,982.56,11521.68
SL-0010102,STR-053,CAT-06,2024-03-01,2024,3,770,400,30487.39,25255.65,999.72,5231.74
SL-0010103,STR-053,CAT-07,2024-03-01,2024,3,1094,523,21887.82,13583.85,374.57,8303.97
SL-0010104,STR-053,CAT-08,2024-03-01,2024,3,974,660,32192.49,24591.09,776.38,7601.4
SL-0010105,STR-053,CAT-01,2024-04-01,2024,4,1426,847,31129.54,19409.28,1735.24,11720.26
SL-0010106,STR-053,CAT-02,2024-04-01,2024,4,990,521,25539.67,21506.55,609.99,4033.12
SL-0010107,STR-053,CAT-03,2024-04-01,2024,4,1311,838,28787.15,19890.76,1678.48,8896.39
SL-0010108,STR-053,CAT-04,2024-04-01,2024,4,584,356,18548.9,12689.5,573.38,5859.4
SL-0010109,STR-053,CAT-05,2024-04-01,2024,4,1272,720,34265.29,16361.63,504.44,17903.66
SL-0010110,STR-053,CAT-06,2024-04-01,2024,4,817,498,27914.26,23366.5,386.46,4547.76
SL-0010111,STR-053,CAT-07,2024-04-01,2024,4,1268,700,27349.1,17718.16,511.16,9630.94
SL-0010112,STR-053,CAT-08,2024-04-01,2024,4,641,314,19902.65,15384.74,833.24,4517.91
SL-0010113,STR-053,CAT-01,2024-05-01,2024,5,480,251,14248.81,9125.92,419.52,5122.89
SL-0010114,STR-053,CAT-02,2024-05-01,2024,5,723,392,16253.45,13571.18,480.18,2682.27
SL-0010115,STR-053,CAT-03,2024-05-01,2024,5,861,445,19037.71,13286.13,281.12,5751.58
SL-0010116,STR-053,CAT-04,2024-05-01,2024,5,1443,823,27653.64,18874.76,757.34,8778.88
SL-0010117,STR-053,CAT-05,2024-05-01,2024,5,696,376,14476.25,6931.66,323.12,7544.59
SL-0010118,STR-053,CAT-06,2024-05-01,2024,5,895,440,19647.12,16983.52,1177.69,2663.6
SL-0010119,STR-053,CAT-07,2024-05-01,2024,5,451,170,11336.1,6851.29,464.09,4484.81
SL-0010120,STR-053,CAT-08,2024-05-01,2024,5,428,236,10750.59,8101.07,314.5,2649.52
SL-0010121,STR-053,CAT-01,2024-06-01,2024,6,1793,935,26404.02,15727.99,1411.37,10676.03
SL-0010122,STR-053,CAT-02,2024-06-01,2024,6,1710,1466,20772.41,17581.09,302.04,3191.32
SL-0010123,STR-053,CAT-03,2024-06-01,2024,6,579,312,17405.83,11427.13,512.31,5978.7
SL-0010124,STR-053,CAT-04,2024-06-01,2024,6,1015,499,25186.04,17701.77,384.29,7484.27
SL-0010125,STR-053,CAT-05,2024-06-01,2024,6,819,434,21728.92,10827.66,1025.14,10901.26
SL-0010126,STR-053,CAT-06,2024-06-01,2024,6,1291,719,16903.57,14201.77,347.17,2701.8
SL-0010127,STR-053,CAT-07,2024-06-01,2024,6,560,322,15159.56,9982.74,467.56,5176.82
SL-0010128,STR-053,CAT-08,2024-06-01,2024,6,2247,1710,25406.1,19161.73,937.12,6244.37
SL-0010129,STR-053,CAT-01,2024-07-01,2024,7,1023,552,30970.83,18654.99,806.58,12315.84
SL-0010130,STR-053,CAT-02,2024-07-01,2024,7,587,322,13885.06,12233.2,265.92,1651.86
SL-0010131,STR-053,CAT-03,2024-07-01,2024,7,985,616,20907.38,14112.94,1013.85,6794.44
SL-0010132,STR-053,CAT-04,2024-07-01,2024,7,766,510,29621.87,20295.17,1130.46,9326.7
SL-0010133,STR-053,CAT-05,2024-07-01,2024,7,772,501,25715.62,12406.99,908.74,13308.63
SL-0010134,STR-053,CAT-06,2024-07-01,2024,7,774,441,26454.37,22699.03,401.74,3755.34
SL-0010135,STR-053,CAT-07,2024-07-01,2024,7,678,439,24790.71,15350.53,527.09,9440.18
SL-0010136,STR-053,CAT-08,2024-07-01,2024,7,575,269,14497.64,10975.69,232.51,3521.95
SL-0010137,STR-053,CAT-01,2024-08-01,2024,8,1398,889,35444.86,22204.92,982.33,13239.94
SL-0010138,STR-053,CAT-02,2024-08-01,2024,8,867,450,27808.71,24771.1,677.75,3037.61
SL-0010139,STR-053,CAT-03,2024-08-01,2024,8,496,226,15223.05,10125.53,666.58,5097.52
SL-0010140,STR-053,CAT-04,2024-08-01,2024,8,1379,641,42961.22,30296.49,804.1,12664.73
SL-0010141,STR-053,CAT-05,2024-08-01,2024,8,1635,716,24306.19,11994.37,1014.94,12311.82
SL-0010142,STR-053,CAT-06,2024-08-01,2024,8,1814,1157,31387.93,27560.26,1278.2,3827.67
SL-0010143,STR-053,CAT-07,2024-08-01,2024,8,737,500,23432.75,15428.19,856.15,8004.56
SL-0010144,STR-053,CAT-08,2024-08-01,2024,8,1218,775,31150.22,24490.71,1243.14,6659.51
SL-0010145,STR-053,CAT-01,2024-09-01,2024,9,896,519,22560.21,14566.44,921.17,7993.77
SL-0010146,STR-053,CAT-02,2024-09-01,2024,9,991,444,17883.88,16582.54,975.08,1301.34
SL-0010147,STR-053,CAT-03,2024-09-01,2024,9,835,502,30243.64,21391.53,1147.52,8852.11
SL-0010148,STR-053,CAT-04,2024-09-01,2024,9,555,323,22887.31,16096.38,345.17,6790.93
SL-0010149,STR-053,CAT-05,2024-09-01,2024,9,1301,692,24536.2,11706.0,699.11,12830.2
SL-0010150,STR-053,CAT-06,2024-09-01,2024,9,1390,610,32033.46,25688.25,1109.35,6345.21
SL-0010151,STR-053,CAT-07,2024-09-01,2024,9,1164,651,15810.12,9908.03,404.96,5902.09
SL-0010152,STR-053,CAT-08,2024-09-01,2024,9,912,576,28318.7,22207.31,341.35,6111.39
SL-0010153,STR-053,CAT-01,2024-10-01,2024,10,1578,851,32245.63,19853.53,1812.28,12392.1
SL-0010154,STR-053,CAT-02,2024-10-01,2024,10,1202,655,29200.63,25502.95,737.26,3697.68
SL-0010155,STR-053,CAT-03,2024-10-01,2024,10,1603,756,27375.73,17532.33,767.44,9843.4
SL-0010156,STR-053,CAT-04,2024-10-01,2024,10,456,279,15811.82,10930.92,310.73,4880.9
SL-0010157,STR-053,CAT-05,2024-10-01,2024,10,769,409,24357.11,11881.91,673.94,12475.2
SL-0010158,STR-053,CAT-06,2024-10-01,2024,10,1018,755,26461.1,24089.12,964.55,2371.98
SL-0010159,STR-053,CAT-07,2024-10-01,2024,10,1300,743,23425.22,15400.62,521.82,8024.6
SL-0010160,STR-053,CAT-08,2024-10-01,2024,10,1570,804,30129.51,22696.65,1721.05,7432.86
SL-0010161,STR-053,CAT-01,2024-11-01,2024,11,1801,1812,48469.29,30929.34,1058.36,17539.95
SL-0010162,STR-053,CAT-02,2024-11-01,2024,11,1657,974,62736.09,55200.82,3119.32,7535.27
SL-0010163,STR-053,CAT-03,2024-11-01,2024,11,966,510,21011.59,14207.97,1039.18,6803.62
SL-0010164,STR-053,CAT-04,2024-11-01,2024,11,818,354,27478.21,18989.18,288.83,8489.03
SL-0010165,STR-053,CAT-05,2024-11-01,2024,11,1962,1103,48048.22,22902.97,1587.61,25145.25
SL-0010166,STR-053,CAT-06,2024-11-01,2024,11,1108,586,26176.66,22076.6,1382.08,4100.06
SL-0010167,STR-053,CAT-07,2024-11-01,2024,11,1111,651,45808.55,28853.19,2486.07,16955.36
SL-0010168,STR-053,CAT-08,2024-11-01,2024,11,1078,580,26674.9,18975.52,1588.79,7699.38
SL-0010169,STR-053,CAT-01,2024-12-01,2024,12,2009,1300,47832.78,29893.14,1265.95,17939.64
SL-0010170,STR-053,CAT-02,2024-12-01,2024,12,2295,1268,70624.76,62557.98,1165.03,8066.78
SL-0010171,STR-053,CAT-03,2024-12-01,2024,12,2567,1332,50837.69,35253.6,543.71,15584.09
SL-0010172,STR-053,CAT-04,2024-12-01,2024,12,812,368,32763.23,22797.48,1344.55,9965.75
SL-0010173,STR-053,CAT-05,2024-12-01,2024,12,1266,763,47733.86,23406.88,2804.76,24326.98
SL-0010174,STR-053,CAT-06,2024-12-01,2024,12,2897,1740,52435.84,43233.8,1964.35,9202.04
SL-0010175,STR-053,CAT-07,2024-12-01,2024,12,6835,3503,64493.68,41557.77,2095.73,22935.91
SL-0010176,STR-053,CAT-08,2024-12-01,2024,12,2602,1485,45962.25,36150.35,1250.32,9811.9
SL-0010177,STR-054,CAT-01,2023-01-01,2023,1,1510,939,38172.98,23760.53,1068.19,14412.45
SL-0010178,STR-054,CAT-02,2023-01-01,2023,1,431,322,16182.8,13841.92,587.96,2340.88
SL-0010179,STR-054,CAT-03,2023-01-01,2023,1,1095,609,25736.07,16368.5,313.36,9367.57
SL-0010180,STR-054,CAT-04,2023-01-01,2023,1,648,405,20140.64,12565.27,350.13,7575.37
SL-0010181,STR-054,CAT-05,2023-01-01,2023,1,1314,773,31455.4,14524.02,349.53,16931.38
SL-0010182,STR-054,CAT-06,2023-01-01,2023,1,764,409,26818.49,20579.65,795.0,6238.84
SL-0010183,STR-054,CAT-07,2023-01-01,2023,1,372,186,18307.44,10896.76,550.23,7410.68
SL-0010184,STR-054,CAT-08,2023-01-01,2023,1,845,461,22982.53,15280.17,1351.94,7702.36
SL-0010185,STR-054,CAT-01,2023-02-01,2023,2,733,395,24919.67,14155.0,312.12,10764.67
SL-0010186,STR-054,CAT-02,2023-02-01,2023,2,830,378,29160.91,24557.06,309.03,4603.85
SL-0010187,STR-054,CAT-03,2023-02-01,2023,2,1161,595,32351.23,19936.5,1819.65,12414.73
SL-0010188,STR-054,CAT-04,2023-02-01,2023,2,756,396,30906.72,20211.93,614.74,10694.79
SL-0010189,STR-054,CAT-05,2023-02-01,2023,2,796,432,29709.38,13477.4,413.47,16231.98
SL-0010190,STR-054,CAT-06,2023-02-01,2023,2,682,415,25813.73,20538.99,735.88,5274.74
SL-0010191,STR-054,CAT-07,2023-02-01,2023,2,704,419,15750.76,9792.83,189.95,5957.93
SL-0010192,STR-054,CAT-08,2023-02-01,2023,2,789,518,27679.5,18251.35,731.78,9428.15
SL-0010193,STR-054,CAT-01,2023-03-01,2023,3,2503,1520,42274.67,25324.86,1032.94,16949.81
SL-0010194,STR-054,CAT-02,2023-03-01,2023,3,1054,550,18820.55,15061.76,641.22,3758.79
SL-0010195,STR-054,CAT-03,2023-03-01,2023,3,613,282,25572.84,15710.86,354.04,9861.98
SL-0010196,STR-054,CAT-04,2023-03-01,2023,3,1402,722,37717.25,24438.89,1480.33,13278.36
SL-0010197,STR-054,CAT-05,2023-03-01,2023,3,1536,842,44081.7,20012.96,1401.12,24068.74
SL-0010198,STR-054,CAT-06,2023-03-01,2023,3,1419,648,38228.95,29925.46,2262.35,8303.49
SL-0010199,STR-054,CAT-07,2023-03-01,2023,3,942,510,27508.59,17080.47,593.21,10428.12
SL-0010200,STR-054,CAT-08,2023-03-01,2023,3,1352,752,20296.06,15433.69,891.24,4862.37
SL-0010201,STR-054,CAT-01,2023-04-01,2023,4,2794,1702,34708.75,21200.42,1451.85,13508.33
SL-0010202,STR-054,CAT-02,2023-04-01,2023,4,1131,476,33947.35,27742.24,1046.5,6205.11
SL-0010203,STR-054,CAT-03,2023-04-01,2023,4,1430,796,27801.27,16853.17,388.11,10948.1
SL-0010204,STR-054,CAT-04,2023-04-01,2023,4,1425,797,43840.19,27969.53,2628.7,15870.66
SL-0010205,STR-054,CAT-05,2023-04-01,2023,4,731,520,24948.76,11176.64,1142.83,13772.12
SL-0010206,STR-054,CAT-06,2023-04-01,2023,4,1653,1264,47872.1,37025.95,741.96,10846.15
SL-0010207,STR-054,CAT-07,2023-04-01,2023,4,834,411,19992.9,12462.4,591.2,7530.5
SL-0010208,STR-054,CAT-08,2023-04-01,2023,4,1279,841,25844.48,17259.07,943.15,8585.41
SL-0010209,STR-054,CAT-01,2023-05-01,2023,5,807,503,28809.79,17482.75,934.32,11327.04
SL-0010210,STR-054,CAT-02,2023-05-01,2023,5,2178,1155,37707.25,30181.74,689.95,7525.51
SL-0010211,STR-054,CAT-03,2023-05-01,2023,5,1393,867,44111.88,26940.92,1841.8,17170.96
SL-0010212,STR-054,CAT-04,2023-05-01,2023,5,2015,1665,44898.44,28137.19,694.17,16761.25
SL-0010213,STR-054,CAT-05,2023-05-01,2023,5,1876,1031,56326.99,24745.7,697.46,31581.29
SL-0010214,STR-054,CAT-06,2023-05-01,2023,5,2427,1283,39622.28,31031.65,1678.54,8590.63
SL-0010215,STR-054,CAT-07,2023-05-01,2023,5,947,497,33875.67,20754.46,809.94,13121.21
SL-0010216,STR-054,CAT-08,2023-05-01,2023,5,3255,1861,51383.94,35942.46,2063.47,15441.48
SL-0010217,STR-054,CAT-01,2023-06-01,2023,6,975,468,27307.6,15481.07,1290.97,11826.53
SL-0010218,STR-054,CAT-02,2023-06-01,2023,6,1402,788,30935.38,25157.71,516.71,5777.67
SL-0010219,STR-054,CAT-03,2023-06-01,2023,6,1143,527,23087.53,14222.49,880.76,8865.04
SL-0010220,STR-054,CAT-04,2023-06-01,2023,6,1035,611,40328.64,25787.56,1533.63,14541.08
SL-0010221,STR-054,CAT-05,2023-06-01,2023,6,771,425,21171.21,9001.93,1256.05,12169.28
SL-0010222,STR-054,CAT-06,2023-06-01,2023,6,855,489,24958.4,19642.33,1373.73,5316.07
SL-0010223,STR-054,CAT-07,2023-06-01,2023,6,718,442,20197.47,11791.16,316.37,8406.31
SL-0010224,STR-054,CAT-08,2023-06-01,2023,6,3451,2292,19767.19,13287.01,324.46,6480.18
SL-0010225,STR-054,CAT-01,2023-07-01,2023,7,1469,886,58635.77,34582.14,2581.63,24053.63
SL-0010226,STR-054,CAT-02,2023-07-01,2023,7,2298,1376,43026.43,37587.33,1954.44,5439.1
SL-0010227,STR-054,CAT-03,2023-07-01,2023,7,659,476,21709.08,13611.92,766.17,8097.16
SL-0010228,STR-054,CAT-04,2023-07-01,2023,7,606,365,19580.68,12655.46,1044.76,6925.22
SL-0010229,STR-054,CAT-05,2023-07-01,2023,7,1594,874,38953.2,17307.37,1864.52,21645.83
SL-0010230,STR-054,CAT-06,2023-07-01,2023,7,1420,1039,34670.84,25298.66,1075.28,9372.18
SL-0010231,STR-054,CAT-07,2023-07-01,2023,7,834,455,31847.9,18712.92,497.95,13134.98
SL-0010232,STR-054,CAT-08,2023-07-01,2023,7,1192,586,31942.38,22244.04,1291.6,9698.34
SL-0010233,STR-054,CAT-01,2023-08-01,2023,8,928,588,44158.57,26015.4,2428.62,18143.17
SL-0010234,STR-054,CAT-02,2023-08-01,2023,8,2265,1321,25288.01,21163.41,1221.99,4124.6
SL-0010235,STR-054,CAT-03,2023-08-01,2023,8,1099,805,46006.65,28814.49,2584.97,17192.16
SL-0010236,STR-054,CAT-04,2023-08-01,2023,8,905,546,48395.18,31890.82,1930.81,16504.36
SL-0010237,STR-054,CAT-05,2023-08-01,2023,8,1778,1113,51217.93,23456.44,1406.5,27761.49
SL-0010238,STR-054,CAT-06,2023-08-01,2023,8,1534,873,53591.4,41262.69,2499.39,12328.71
SL-0010239,STR-054,CAT-07,2023-08-01,2023,8,2036,1100,36478.52,22134.02,1372.39,14344.5
SL-0010240,STR-054,CAT-08,2023-08-01,2023,8,1754,997,48467.94,31799.12,1811.5,16668.82
SL-0010241,STR-054,CAT-01,2023-09-01,2023,9,1702,836,30596.45,17774.38,1221.37,12822.07
SL-0010242,STR-054,CAT-02,2023-09-01,2023,9,1460,935,39020.77,33277.57,439.84,5743.2
SL-0010243,STR-054,CAT-03,2023-09-01,2023,9,1448,607,26241.64,16719.68,1049.56,9521.96
SL-0010244,STR-054,CAT-04,2023-09-01,2023,9,1307,625,43486.71,28519.37,625.0,14967.34
SL-0010245,STR-054,CAT-05,2023-09-01,2023,9,1512,629,50071.05,22940.71,1210.61,27130.34
SL-0010246,STR-054,CAT-06,2023-09-01,2023,9,1370,874,39114.46,31948.58,498.55,7165.88
SL-0010247,STR-054,CAT-07,2023-09-01,2023,9,1453,1117,22943.89,13421.55,996.82,9522.34
SL-0010248,STR-054,CAT-08,2023-09-01,2023,9,2450,1774,38481.49,27530.08,760.64,10951.41
SL-0010249,STR-054,CAT-01,2023-10-01,2023,10,1259,620,39367.88,22995.18,2066.96,16372.7
SL-0010250,STR-054,CAT-02,2023-10-01,2023,10,1382,729,50858.17,42600.23,2144.41,8257.94
SL-0010251,STR-054,CAT-03,2023-10-01,2023,10,1421,829,35180.87,22895.73,1771.76,12285.14
SL-0010252,STR-054,CAT-04,2023-10-01,2023,10,1685,748,43378.07,28107.37,1109.23,15270.7
SL-0010253,STR-054,CAT-05,2023-10-01,2023,10,1255,930,40419.05,19564.55,1239.98,20854.5
SL-0010254,STR-054,CAT-06,2023-10-01,2023,10,1149,646,35541.53,29137.67,666.63,6403.86
SL-0010255,STR-054,CAT-07,2023-10-01,2023,10,1076,845,40994.53,25785.7,1674.11,15208.83
SL-0010256,STR-054,CAT-08,2023-10-01,2023,10,1398,653,30100.3,21734.62,531.42,8365.68
SL-0010257,STR-054,CAT-01,2023-11-01,2023,11,1080,593,33403.17,19826.12,1641.63,13577.05
SL-0010258,STR-054,CAT-02,2023-11-01,2023,11,1316,723,52370.26,43010.92,1947.42,9359.34
SL-0010259,STR-054,CAT-03,2023-11-01,2023,11,1276,833,34653.23,21589.82,1898.33,13063.41
SL-0010260,STR-054,CAT-04,2023-11-01,2023,11,708,327,15770.45,10469.03,730.22,5301.42
SL-0010261,STR-054,CAT-05,2023-11-01,2023,11,1750,836,42821.9,19945.54,625.23,22876.36
SL-0010262,STR-054,CAT-06,2023-11-01,2023,11,541,270,18093.81,14636.98,356.46,3456.83
SL-0010263,STR-054,CAT-07,2023-11-01,2023,11,1037,522,42826.85,25262.79,1190.78,17564.06
SL-0010264,STR-054,CAT-08,2023-11-01,2023,11,617,370,26605.62,19619.06,745.23,6986.56
SL-0010265,STR-054,CAT-01,2023-12-01,2023,12,1965,1127,47230.35,28205.64,2164.82,19024.71
SL-0010266,STR-054,CAT-02,2023-12-01,2023,12,2452,1190,60453.63,48703.7,791.6,11749.93
SL-0010267,STR-054,CAT-03,2023-12-01,2023,12,763,377,24426.66,15405.44,1248.74,9021.22
SL-0010268,STR-054,CAT-04,2023-12-01,2023,12,459,266,19315.9,12266.13,434.44,7049.77
SL-0010269,STR-054,CAT-05,2023-12-01,2023,12,1121,833,44009.45,20247.44,2289.76,23762.01
SL-0010270,STR-054,CAT-06,2023-12-01,2023,12,1838,739,50860.05,38414.56,2479.53,12445.49
SL-0010271,STR-054,CAT-07,2023-12-01,2023,12,2956,1568,94885.95,57519.99,3313.1,37365.96
SL-0010272,STR-054,CAT-08,2023-12-01,2023,12,1788,1112,41904.63,29096.14,1663.62,12808.49
SL-0010273,STR-054,CAT-01,2024-01-01,2024,1,2654,1420,44565.75,26077.23,2079.44,18488.52
SL-0010274,STR-054,CAT-02,2024-01-01,2024,1,908,483,33320.74,27452.39,1590.92,5868.35
SL-0010275,STR-054,CAT-03,2024-01-01,2024,1,1139,554,27162.36,16420.76,810.33,10741.6
SL-0010276,STR-054,CAT-04,2024-01-01,2024,1,925,574,26190.97,16984.88,932.2,9206.09
SL-0010277,STR-054,CAT-05,2024-01-01,2024,1,1183,513,28672.83,12231.79,657.37,16441.04
SL-0010278,STR-054,CAT-06,2024-01-01,2024,1,677,394,26040.4,20273.49,881.91,5766.91
SL-0010279,STR-054,CAT-07,2024-01-01,2024,1,877,497,28574.93,17159.97,592.16,11414.96
SL-0010280,STR-054,CAT-08,2024-01-01,2024,1,1910,999,33504.57,23257.69,491.78,10246.88
SL-0010281,STR-054,CAT-01,2024-02-01,2024,2,580,318,26196.52,15107.91,1191.06,11088.61
SL-0010282,STR-054,CAT-02,2024-02-01,2024,2,536,269,15549.18,12446.02,680.86,3103.16
SL-0010283,STR-054,CAT-03,2024-02-01,2024,2,1005,464,27095.01,17130.11,1160.35,9964.9
SL-0010284,STR-054,CAT-04,2024-02-01,2024,2,1136,697,27249.17,17812.76,658.46,9436.41
SL-0010285,STR-054,CAT-05,2024-02-01,2024,2,1452,825,36968.83,16733.17,469.79,20235.66
SL-0010286,STR-054,CAT-06,2024-02-01,2024,2,432,253,19116.05,13977.66,1057.24,5138.39
SL-0010287,STR-054,CAT-07,2024-02-01,2024,2,948,437,17832.41,10947.61,697.06,6884.8
SL-0010288,STR-054,CAT-08,2024-02-01,2024,2,1465,951,26779.39,19602.34,621.3,7177.05
SL-0010289,STR-054,CAT-01,2024-03-01,2024,3,758,435,27676.81,15364.83,1297.36,12311.98
SL-0010290,STR-054,CAT-02,2024-03-01,2024,3,1644,943,27302.93,19699.73,578.44,7603.2
SL-0010291,STR-054,CAT-03,2024-03-01,2024,3,942,512,21698.47,13187.67,546.07,8510.8
SL-0010292,STR-054,CAT-04,2024-03-01,2024,3,978,625,25007.53,17104.64,1141.25,7902.89
SL-0010293,STR-054,CAT-05,2024-03-01,2024,3,533,388,15480.95,7132.0,367.87,8348.95
SL-0010294,STR-054,CAT-06,2024-03-01,2024,3,842,509,27094.36,20214.8,473.91,6879.56
SL-0010295,STR-054,CAT-07,2024-03-01,2024,3,1583,994,32111.05,19038.82,547.61,13072.23
SL-0010296,STR-054,CAT-08,2024-03-01,2024,3,2206,1491,33316.46,23333.33,1400.74,9983.13
SL-0010297,STR-054,CAT-01,2024-04-01,2024,4,2626,1242,52866.38,28612.7,1282.5,24253.68
SL-0010298,STR-054,CAT-02,2024-04-01,2024,4,1175,652,36151.42,29523.69,1997.82,6627.73
SL-0010299,STR-054,CAT-03,2024-04-01,2024,4,757,452,32966.34,21184.0,579.26,11782.34
SL-0010300,STR-054,CAT-04,2024-04-01,2024,4,2893,1502,55100.08,36647.53,1079.16,18452.55
SL-0010301,STR-054,CAT-05,2024-04-01,2024,4,900,510,30223.93,13671.46,1137.3,16552.47
SL-0010302,STR-054,CAT-06,2024-04-01,2024,4,1908,1283,40872.35,31144.86,1244.07,9727.49
SL-0010303,STR-054,CAT-07,2024-04-01,2024,4,1932,1093,51377.62,30832.83,2101.53,20544.79
SL-0010304,STR-054,CAT-08,2024-04-01,2024,4,3197,2053,40407.85,28214.13,2350.6,12193.72
SL-0010305,STR-054,CAT-01,2024-05-01,2024,5,1707,1001,33506.27,20144.56,567.58,13361.71
SL-0010306,STR-054,CAT-02,2024-05-01,2024,5,552,333,16508.39,13818.44,649.19,2689.95
SL-0010307,STR-054,CAT-03,2024-05-01,2024,5,1161,656,30166.95,18230.81,866.43,11936.14
SL-0010308,STR-054,CAT-04,2024-05-01,2024,5,1235,761,52531.52,35059.78,1694.16,17471.74
SL-0010309,STR-054,CAT-05,2024-05-01,2024,5,1620,925,40235.67,17584.26,1635.9,22651.41
SL-0010310,STR-054,CAT-06,2024-05-01,2024,5,1508,955,17500.22,13339.78,997.07,4160.44
SL-0010311,STR-054,CAT-07,2024-05-01,2024,5,722,311,24925.68,15031.96,1324.15,9893.72
SL-0010312,STR-054,CAT-08,2024-05-01,2024,5,928,431,18126.07,12225.23,543.24,5900.84
SL-0010313,STR-054,CAT-01,2024-06-01,2024,6,1882,1121,38666.95,22033.6,2187.68,16633.35
SL-0010314,STR-054,CAT-02,2024-06-01,2024,6,870,504,28062.99,23137.73,852.66,4925.26
SL-0010315,STR-054,CAT-03,2024-06-01,2024,6,2434,1394,51063.65,29930.63,1319.8,21133.02
SL-0010316,STR-054,CAT-04,2024-06-01,2024,6,2262,1135,44687.67,28492.03,2028.63,16195.64
SL-0010317,STR-054,CAT-05,2024-06-01,2024,6,2457,1324,40550.21,18653.34,494.77,21896.87
SL-0010318,STR-054,CAT-06,2024-06-01,2024,6,1452,1010,39766.48,31192.97,1579.45,8573.51
SL-0010319,STR-054,CAT-07,2024-06-01,2024,6,775,417,30886.95,19073.33,877.74,11813.62
SL-0010320,STR-054,CAT-08,2024-06-01,2024,6,935,511,20147.87,14119.25,927.02,6028.62
SL-0010321,STR-054,CAT-01,2024-07-01,2024,7,2434,1202,51954.74,32396.23,2138.32,19558.51
SL-0010322,STR-054,CAT-02,2024-07-01,2024,7,688,332,24625.4,20626.38,796.57,3999.02
SL-0010323,STR-054,CAT-03,2024-07-01,2024,7,1313,897,38448.22,24811.49,726.84,13636.73
SL-0010324,STR-054,CAT-04,2024-07-01,2024,7,1586,977,35450.64,22927.95,1554.16,12522.69
SL-0010325,STR-054,CAT-05,2024-07-01,2024,7,539,344,20609.8,9341.85,545.68,11267.95
SL-0010326,STR-054,CAT-06,2024-07-01,2024,7,1392,698,34014.71,27366.48,1194.53,6648.23
SL-0010327,STR-054,CAT-07,2024-07-01,2024,7,1115,606,43019.84,25440.55,2416.77,17579.29
SL-0010328,STR-054,CAT-08,2024-07-01,2024,7,436,264,21684.92,15130.83,609.5,6554.09
SL-0010329,STR-054,CAT-01,2024-08-01,2024,8,2919,1423,52369.77,29227.44,2692.38,23142.33
SL-0010330,STR-054,CAT-02,2024-08-01,2024,8,1371,608,40385.78,31872.73,1819.9,8513.05
SL-0010331,STR-054,CAT-03,2024-08-01,2024,8,1034,489,33068.78,19526.51,1725.95,13542.27
SL-0010332,STR-054,CAT-04,2024-08-01,2024,8,1622,1014,36226.14,21900.1,1325.35,14326.04
SL-0010333,STR-054,CAT-05,2024-08-01,2024,8,1329,892,36186.09,15831.01,1545.91,20355.08
SL-0010334,STR-054,CAT-06,2024-08-01,2024,8,1301,837,32799.15,25792.82,497.22,7006.33
SL-0010335,STR-054,CAT-07,2024-08-01,2024,8,1465,1045,27990.88,16785.44,1401.12,11205.44
SL-0010336,STR-054,CAT-08,2024-08-01,2024,8,1719,856,43064.49,29449.16,1165.62,13615.33
SL-0010337,STR-054,CAT-01,2024-09-01,2024,9,1560,869,40052.6,23251.71,2303.79,16800.89
SL-0010338,STR-054,CAT-02,2024-09-01,2024,9,649,284,23395.16,18133.38,550.22,5261.78
SL-0010339,STR-054,CAT-03,2024-09-01,2024,9,862,404,34634.79,21722.55,1693.01,12912.24
SL-0010340,STR-054,CAT-04,2024-09-01,2024,9,1749,972,33492.57,21970.49,835.16,11522.08
SL-0010341,STR-054,CAT-05,2024-09-01,2024,9,1175,588,42987.51,18400.59,1415.43,24586.92
SL-0010342,STR-054,CAT-06,2024-09-01,2024,9,1725,882,39778.42,30562.76,653.31,9215.66
SL-0010343,STR-054,CAT-07,2024-09-01,2024,9,2585,1290,47677.49,28397.13,880.05,19280.36
SL-0010344,STR-054,CAT-08,2024-09-01,2024,9,850,514,34465.69,23509.21,1970.34,10956.48
SL-0010345,STR-054,CAT-01,2024-10-01,2024,10,1743,1317,31871.37,19131.64,1602.13,12739.73
SL-0010346,STR-054,CAT-02,2024-10-01,2024,10,1007,563,28924.35,24009.94,301.91,4914.41
SL-0010347,STR-054,CAT-03,2024-10-01,2024,10,582,282,18332.76,11101.68,1077.63,7231.08
SL-0010348,STR-054,CAT-04,2024-10-01,2024,10,1314,657,25063.52,16818.01,1089.99,8245.51
SL-0010349,STR-054,CAT-05,2024-10-01,2024,10,701,306,21839.59,10168.43,1040.99,11671.16
SL-0010350,STR-054,CAT-06,2024-10-01,2024,10,1150,672,38587.11,32238.97,2015.61,6348.14
SL-0010351,STR-054,CAT-07,2024-10-01,2024,10,1656,1205,41882.4,26461.89,1648.01,15420.51
SL-0010352,STR-054,CAT-08,2024-10-01,2024,10,1504,757,36467.9,25341.84,1489.45,11126.06
SL-0010353,STR-054,CAT-01,2024-11-01,2024,11,2628,1484,46209.94,26049.06,1602.29,20160.88
SL-0010354,STR-054,CAT-02,2024-11-01,2024,11,2728,1895,67548.7,55143.39,1447.34,12405.31
SL-0010355,STR-054,CAT-03,2024-11-01,2024,11,1018,718,27726.61,17629.26,321.2,10097.35
SL-0010356,STR-054,CAT-04,2024-11-01,2024,11,721,460,23669.21,15098.45,1265.5,8570.76
SL-0010357,STR-054,CAT-05,2024-11-01,2024,11,1270,717,28511.85,12022.02,1074.56,16489.83
SL-0010358,STR-054,CAT-06,2024-11-01,2024,11,1384,801,47785.4,36180.27,1287.29,11605.13
SL-0010359,STR-054,CAT-07,2024-11-01,2024,11,1168,643,33643.96,19234.79,1180.41,14409.17
SL-0010360,STR-054,CAT-08,2024-11-01,2024,11,3801,2839,42612.89,29197.93,552.56,13414.96
SL-0010361,STR-054,CAT-01,2024-12-01,2024,12,2054,1201,53909.78,30773.44,2672.15,23136.34
SL-0010362,STR-054,CAT-02,2024-12-01,2024,12,2405,1128,64506.11,54921.5,2697.56,9584.61
SL-0010363,STR-054,CAT-03,2024-12-01,2024,12,2016,1383,49676.36,30669.57,920.66,19006.79
SL-0010364,STR-054,CAT-04,2024-12-01,2024,12,976,491,18193.71,11347.56,917.68,6846.15
SL-0010365,STR-054,CAT-05,2024-12-01,2024,12,1415,832,30713.77,13265.51,597.21,17448.26
SL-0010366,STR-054,CAT-06,2024-12-01,2024,12,1538,1186,58542.66,45842.3,809.64,12700.36
SL-0010367,STR-054,CAT-07,2024-12-01,2024,12,4502,2784,78144.35,46159.54,4607.71,31984.81
SL-0010368,STR-054,CAT-08,2024-12-01,2024,12,1920,1193,55624.57,40414.43,1427.86,15210.14
SL-0010369,STR-055,CAT-01,2023-01-01,2023,1,657,332,19085.07,10744.1,571.54,8340.97
SL-0010370,STR-055,CAT-02,2023-01-01,2023,1,723,352,21538.76,16987.57,449.03,4551.19
SL-0010371,STR-055,CAT-03,2023-01-01,2023,1,458,239,12930.87,7628.24,324.63,5302.63
SL-0010372,STR-055,CAT-04,2023-01-01,2023,1,1004,512,21458.55,13702.92,497.81,7755.63
SL-0010373,STR-055,CAT-05,2023-01-01,2023,1,973,513,21681.74,9788.99,717.25,11892.75
SL-0010374,STR-055,CAT-06,2023-01-01,2023,1,605,386,16277.4,12985.32,578.19,3292.08
SL-0010375,STR-055,CAT-07,2023-01-01,2023,1,562,314,10636.39,6423.45,247.49,4212.94
SL-0010376,STR-055,CAT-08,2023-01-01,2023,1,399,183,17032.1,12136.15,1017.24,4895.95
SL-0010377,STR-055,CAT-01,2023-02-01,2023,2,1551,808,25558.29,15452.55,963.48,10105.74
SL-0010378,STR-055,CAT-02,2023-02-01,2023,2,354,223,13185.65,10817.35,297.03,2368.3
SL-0010379,STR-055,CAT-03,2023-02-01,2023,2,604,300,23038.79,14129.41,540.31,8909.38
SL-0010380,STR-055,CAT-04,2023-02-01,2023,2,856,431,20048.58,13358.56,615.1,6690.02
SL-0010381,STR-055,CAT-05,2023-02-01,2023,2,501,260,19165.21,8865.01,480.99,10300.2
SL-0010382,STR-055,CAT-06,2023-02-01,2023,2,2330,1492,26442.46,19763.59,1075.84,6678.87
SL-0010383,STR-055,CAT-07,2023-02-01,2023,2,328,170,13188.01,8185.12,606.96,5002.89
SL-0010384,STR-055,CAT-08,2023-02-01,2023,2,1613,859,20143.0,13636.02,1117.32,6506.98
SL-0010385,STR-055,CAT-01,2023-03-01,2023,3,566,307,14301.78,8627.39,822.15,5674.39
SL-0010386,STR-055,CAT-02,2023-03-01,2023,3,587,311,20945.88,16909.38,836.35,4036.5
SL-0010387,STR-055,CAT-03,2023-03-01,2023,3,1588,786,22449.74,13773.54,1104.81,8676.2
SL-0010388,STR-055,CAT-04,2023-03-01,2023,3,773,427,24831.63,16391.62,1029.28,8440.01
SL-0010389,STR-055,CAT-05,2023-03-01,2023,3,566,277,17661.19,7841.63,927.56,9819.56
SL-0010390,STR-055,CAT-06,2023-03-01,2023,3,1045,550,21854.97,16238.43,802.48,5616.54
SL-0010391,STR-055,CAT-07,2023-03-01,2023,3,339,290,10846.45,6763.31,611.26,4083.14
SL-0010392,STR-055,CAT-08,2023-03-01,2023,3,801,332,31062.39,21380.38,558.89,9682.01
SL-0010393,STR-055,CAT-01,2023-04-01,2023,4,880,737,35406.01,21007.94,1769.25,14398.07
SL-0010394,STR-055,CAT-02,2023-04-01,2023,4,784,409,18859.95,15243.68,900.25,3616.27
SL-0010395,STR-055,CAT-03,2023-04-01,2023,4,863,508,24102.31,14913.38,1332.3,9188.93
SL-0010396,STR-055,CAT-04,2023-04-01,2023,4,1553,927,40146.16,25648.97,1312.6,14497.19
SL-0010397,STR-055,CAT-05,2023-04-01,2023,4,755,327,23550.51,10984.74,688.54,12565.77
SL-0010398,STR-055,CAT-06,2023-04-01,2023,4,1001,567,27402.94,21897.69,645.38,5505.25
SL-0010399,STR-055,CAT-07,2023-04-01,2023,4,670,375,21808.25,13196.23,661.32,8612.02
SL-0010400,STR-055,CAT-08,2023-04-01,2023,4,768,511,19070.52,13612.2,638.89,5458.32
SL-0010401,STR-055,CAT-01,2023-05-01,2023,5,504,401,16838.53,9811.08,437.54,7027.45
SL-0010402,STR-055,CAT-02,2023-05-01,2023,5,493,401,14289.7,11724.53,726.49,2565.17
SL-0010403,STR-055,CAT-03,2023-05-01,2023,5,523,270,17748.9,10755.81,495.6,6993.09
SL-0010404,STR-055,CAT-04,2023-05-01,2023,5,2548,1483,26376.48,16493.66,864.13,9882.82
SL-0010405,STR-055,CAT-05,2023-05-01,2023,5,563,395,18215.62,8436.14,280.37,9779.48
SL-0010406,STR-055,CAT-06,2023-05-01,2023,5,420,262,13817.53,10244.02,194.03,3573.51
SL-0010407,STR-055,CAT-07,2023-05-01,2023,5,506,310,19631.33,11161.27,758.93,8470.06
SL-0010408,STR-055,CAT-08,2023-05-01,2023,5,908,552,21304.99,14456.97,1087.69,6848.02
SL-0010409,STR-055,CAT-01,2023-06-01,2023,6,801,675,17473.64,9878.5,782.5,7595.14
SL-0010410,STR-055,CAT-02,2023-06-01,2023,6,1380,727,33388.68,27975.1,1320.04,5413.58
SL-0010411,STR-055,CAT-03,2023-06-01,2023,6,1345,771,24591.12,15010.98,474.89,9580.14
SL-0010412,STR-055,CAT-04,2023-06-01,2023,6,1095,742,26520.27,17069.99,504.86,9450.28
SL-0010413,STR-055,CAT-05,2023-06-01,2023,6,515,223,15126.58,6533.7,623.92,8592.88
SL-0010414,STR-055,CAT-06,2023-06-01,2023,6,1081,486,24690.78,20011.24,594.97,4679.54
SL-0010415,STR-055,CAT-07,2023-06-01,2023,6,1121,516,26000.52,15680.03,1556.73,10320.49
SL-0010416,STR-055,CAT-08,2023-06-01,2023,6,757,424,22243.74,15093.52,515.02,7150.22
SL-0010417,STR-055,CAT-01,2023-07-01,2023,7,2191,1169,38091.57,22552.68,933.06,15538.89
SL-0010418,STR-055,CAT-02,2023-07-01,2023,7,1449,801,20093.87,16082.52,265.97,4011.35
SL-0010419,STR-055,CAT-03,2023-07-01,2023,7,675,347,20132.89,12588.85,711.42,7544.04
SL-0010420,STR-055,CAT-04,2023-07-01,2023,7,1237,538,32989.79,21561.59,1035.14,11428.2
SL-0010421,STR-055,CAT-05,2023-07-01,2023,7,773,483,21569.51,9420.38,1062.72,12149.13
SL-0010422,STR-055,CAT-06,2023-07-01,2023,7,1083,595,28836.6,22297.61,625.89,6538.99
SL-0010423,STR-055,CAT-07,2023-07-01,2023,7,1205,620,21250.01,12071.42,1232.88,9178.59
SL-0010424,STR-055,CAT-08,2023-07-01,2023,7,1107,579,20347.83,14535.86,297.76,5811.97
SL-0010425,STR-055,CAT-01,2023-08-01,2023,8,1120,453,17610.19,10181.65,699.2,7428.54
SL-0010426,STR-055,CAT-02,2023-08-01,2023,8,942,479,25359.0,21785.69,304.78,3573.31
SL-0010427,STR-055,CAT-03,2023-08-01,2023,8,631,374,16767.45,10224.79,390.47,6542.66
SL-0010428,STR-055,CAT-04,2023-08-01,2023,8,1049,687,29275.64,18535.43,523.46,10740.21
SL-0010429,STR-055,CAT-05,2023-08-01,2023,8,1008,523,22614.63,10565.54,676.66,12049.09
SL-0010430,STR-055,CAT-06,2023-08-01,2023,8,811,479,22117.22,17167.95,699.95,4949.27
SL-0010431,STR-055,CAT-07,2023-08-01,2023,8,437,300,16500.74,9935.03,189.39,6565.71
SL-0010432,STR-055,CAT-08,2023-08-01,2023,8,663,337,19006.85,13463.16,239.41,5543.69
SL-0010433,STR-055,CAT-01,2023-09-01,2023,9,1463,955,38695.71,22939.3,510.1,15756.41
SL-0010434,STR-055,CAT-02,2023-09-01,2023,9,1599,903,13819.01,11430.68,821.4,2388.33
SL-0010435,STR-055,CAT-03,2023-09-01,2023,9,1551,763,31396.34,20165.4,1239.45,11230.94
SL-0010436,STR-055,CAT-04,2023-09-01,2023,9,870,514,26363.7,17519.44,1037.71,8844.26
SL-0010437,STR-055,CAT-05,2023-09-01,2023,9,621,377,14563.19,6020.09,208.7,8543.1
SL-0010438,STR-055,CAT-06,2023-09-01,2023,9,684,402,19415.16,13958.67,698.74,5456.49
SL-0010439,STR-055,CAT-07,2023-09-01,2023,9,613,332,14829.92,9410.85,600.28,5419.07
SL-0010440,STR-055,CAT-08,2023-09-01,2023,9,1093,544,34704.65,24129.24,376.16,10575.41
SL-0010441,STR-055,CAT-01,2023-10-01,2023,10,554,243,15325.65,9010.6,555.71,6315.05
SL-0010442,STR-055,CAT-02,2023-10-01,2023,10,975,507,19205.36,16161.51,343.81,3043.85
SL-0010443,STR-055,CAT-03,2023-10-01,2023,10,877,493,19394.4,12654.7,553.19,6739.7
SL-0010444,STR-055,CAT-04,2023-10-01,2023,10,555,309,22336.9,14414.03,812.62,7922.87
SL-0010445,STR-055,CAT-05,2023-10-01,2023,10,884,452,15309.31,6950.12,446.28,8359.19
SL-0010446,STR-055,CAT-06,2023-10-01,2023,10,1214,883,23352.7,17854.6,930.36,5498.1
SL-0010447,STR-055,CAT-07,2023-10-01,2023,10,850,493,24500.24,14666.51,902.06,9833.73
SL-0010448,STR-055,CAT-08,2023-10-01,2023,10,478,259,14718.01,10402.45,579.37,4315.56
SL-0010449,STR-055,CAT-01,2023-11-01,2023,11,1111,591,33332.85,19091.91,354.31,14240.94
SL-0010450,STR-055,CAT-02,2023-11-01,2023,11,997,529,27305.11,21536.81,1016.45,5768.3
SL-0010451,STR-055,CAT-03,2023-11-01,2023,11,678,324,27620.82,16178.45,440.58,11442.37
SL-0010452,STR-055,CAT-04,2023-11-01,2023,11,874,750,22802.63,15089.89,549.29,7712.74
SL-0010453,STR-055,CAT-05,2023-11-01,2023,11,1216,828,32498.45,14698.02,1409.37,17800.43
SL-0010454,STR-055,CAT-06,2023-11-01,2023,11,1362,553,22273.72,18602.29,601.26,3671.43
SL-0010455,STR-055,CAT-07,2023-11-01,2023,11,1730,1237,60552.26,37061.05,1872.68,23491.21
SL-0010456,STR-055,CAT-08,2023-11-01,2023,11,644,484,21803.37,15509.08,763.56,6294.29
SL-0010457,STR-055,CAT-01,2023-12-01,2023,12,1090,683,33911.63,19435.34,1170.95,14476.29
SL-0010458,STR-055,CAT-02,2023-12-01,2023,12,979,550,32795.49,26477.5,1633.7,6317.99
SL-0010459,STR-055,CAT-03,2023-12-01,2023,12,4452,2177,39943.9,24723.56,810.92,15220.34
SL-0010460,STR-055,CAT-04,2023-12-01,2023,12,625,268,20282.9,13510.81,739.77,6772.09
SL-0010461,STR-055,CAT-05,2023-12-01,2023,12,1194,767,35262.19,15509.4,664.82,19752.79
SL-0010462,STR-055,CAT-06,2023-12-01,2023,12,1160,613,32350.15,24710.84,1849.9,7639.31
SL-0010463,STR-055,CAT-07,2023-12-01,2023,12,2948,1446,37789.36,23949.52,974.06,13839.84
SL-0010464,STR-055,CAT-08,2023-12-01,2023,12,1094,669,24769.68,16452.78,537.31,8316.9
SL-0010465,STR-055,CAT-01,2024-01-01,2024,1,724,420,26653.45,15433.27,1373.14,11220.18
SL-0010466,STR-055,CAT-02,2024-01-01,2024,1,880,418,19680.19,16462.63,1000.43,3217.56
SL-0010467,STR-055,CAT-03,2024-01-01,2024,1,362,188,14091.57,8716.52,630.84,5375.05
SL-0010468,STR-055,CAT-04,2024-01-01,2024,1,585,384,9781.05,6593.6,113.68,3187.45
SL-0010469,STR-055,CAT-05,2024-01-01,2024,1,384,181,12398.52,5531.98,663.21,6866.54
SL-0010470,STR-055,CAT-06,2024-01-01,2024,1,549,244,15438.33,12316.13,694.93,3122.2
SL-0010471,STR-055,CAT-07,2024-01-01,2024,1,422,226,12654.42,7569.58,561.05,5084.84
SL-0010472,STR-055,CAT-08,2024-01-01,2024,1,492,253,18560.43,13330.62,356.28,5229.81
SL-0010473,STR-055,CAT-01,2024-02-01,2024,2,490,275,18427.73,10971.52,789.61,7456.21
SL-0010474,STR-055,CAT-02,2024-02-01,2024,2,486,289,17053.08,14285.74,857.21,2767.34
SL-0010475,STR-055,CAT-03,2024-02-01,2024,2,995,456,30089.02,18251.95,1574.61,11837.07
SL-0010476,STR-055,CAT-04,2024-02-01,2024,2,828,436,23857.45,16246.57,1151.6,7610.88
SL-0010477,STR-055,CAT-05,2024-02-01,2024,2,1175,634,16507.42,7212.9,300.09,9294.52
SL-0010478,STR-055,CAT-06,2024-02-01,2024,2,444,265,18871.4,15041.53,495.0,3829.87
SL-0010479,STR-055,CAT-07,2024-02-01,2024,2,698,279,18261.15,11417.3,711.65,6843.85
SL-0010480,STR-055,CAT-08,2024-02-01,2024,2,1437,966,25549.02,18527.04,1110.12,7021.98
SL-0010481,STR-055,CAT-01,2024-03-01,2024,3,928,523,15786.59,9404.07,368.1,6382.52
SL-0010482,STR-055,CAT-02,2024-03-01,2024,3,442,233,15671.9,12327.06,340.51,3344.84
SL-0010483,STR-055,CAT-03,2024-03-01,2024,3,579,310,13658.89,8052.6,230.22,5606.29
SL-0010484,STR-055,CAT-04,2024-03-01,2024,3,610,338,13297.76,8502.06,712.65,4795.7
SL-0010485,STR-055,CAT-05,2024-03-01,2024,3,1939,1111,12618.88,5414.97,539.86,7203.91
SL-0010486,STR-055,CAT-06,2024-03-01,2024,3,573,292,19751.63,15540.29,504.24,4211.34
SL-0010487,STR-055,CAT-07,2024-03-01,2024,3,445,247,18019.35,10902.96,1021.88,7116.39
SL-0010488,STR-055,CAT-08,2024-03-01,2024,3,534,328,17965.45,12249.53,351.99,5715.92
SL-0010489,STR-055,CAT-01,2024-04-01,2024,4,734,394,29896.15,17187.99,673.48,12708.16
SL-0010490,STR-055,CAT-02,2024-04-01,2024,4,681,518,22042.35,18066.21,234.3,3976.14
SL-0010491,STR-055,CAT-03,2024-04-01,2024,4,1029,441,18110.8,10852.9,457.92,7257.9
SL-0010492,STR-055,CAT-04,2024-04-01,2024,4,459,216,14314.41,9461.72,686.49,4852.69
SL-0010493,STR-055,CAT-05,2024-04-01,2024,4,1195,573,23814.2,10759.73,1225.74,13054.47
SL-0010494,STR-055,CAT-06,2024-04-01,2024,4,1395,1014,40623.72,31343.22,604.34,9280.5
SL-0010495,STR-055,CAT-07,2024-04-01,2024,4,837,681,18097.35,11732.6,419.64,6364.75
SL-0010496,STR-055,CAT-08,2024-04-01,2024,4,1180,939,28500.1,20489.39,1700.41,8010.71
SL-0010497,STR-055,CAT-01,2024-05-01,2024,5,1354,1146,25172.9,14849.77,275.66,10323.13
SL-0010498,STR-055,CAT-02,2024-05-01,2024,5,776,326,26943.29,20420.45,362.74,6522.84
SL-0010499,STR-055,CAT-03,2024-05-01,2024,5,1862,1215,42484.55,26172.52,1790.18,16312.03
SL-0010500,STR-055,CAT-04,2024-05-01,2024,5,2071,1016,39146.48,25859.44,694.79,13287.04
SL-0010501,STR-055,CAT-05,2024-05-01,2024,5,601,336,30726.58,13102.54,515.16,17624.04
SL-0010502,STR-055,CAT-06,2024-05-01,2024,5,960,595,23375.79,17217.22,957.44,6158.57
SL-0010503,STR-055,CAT-07,2024-05-01,2024,5,731,417,23532.64,13598.37,303.15,9934.27
SL-0010504,STR-055,CAT-08,2024-05-01,2024,5,596,346,22737.34,15644.93,1071.47,7092.41
SL-0010505,STR-055,CAT-01,2024-06-01,2024,6,681,466,22152.84,12338.03,631.79,9814.81
SL-0010506,STR-055,CAT-02,2024-06-01,2024,6,890,460,15265.21,12598.72,439.45,2666.49
SL-0010507,STR-055,CAT-03,2024-06-01,2024,6,831,403,21009.06,12921.43,674.64,8087.63
SL-0010508,STR-055,CAT-04,2024-06-01,2024,6,755,350,27464.04,17300.88,484.8,10163.16
SL-0010509,STR-055,CAT-05,2024-06-01,2024,6,736,547,21155.91,9722.74,219.67,11433.17
SL-0010510,STR-055,CAT-06,2024-06-01,2024,6,946,439,28088.84,23277.54,1390.67,4811.3
SL-0010511,STR-055,CAT-07,2024-06-01,2024,6,404,187,18667.84,11099.06,700.23,7568.78
SL-0010512,STR-055,CAT-08,2024-06-01,2024,6,842,552,30048.82,20786.29,1395.62,9262.53
SL-0010513,STR-055,CAT-01,2024-07-01,2024,7,1103,610,32540.24,19522.74,360.75,13017.5
SL-0010514,STR-055,CAT-02,2024-07-01,2024,7,656,345,21386.87,18315.51,469.26,3071.36
SL-0010515,STR-055,CAT-03,2024-07-01,2024,7,717,343,17180.03,10995.7,284.44,6184.33
SL-0010516,STR-055,CAT-04,2024-07-01,2024,7,737,266,25329.87,16108.78,750.94,9221.09
SL-0010517,STR-055,CAT-05,2024-07-01,2024,7,933,644,21067.6,9448.81,1023.74,11618.79
SL-0010518,STR-055,CAT-06,2024-07-01,2024,7,783,473,22651.05,17843.86,664.34,4807.19
SL-0010519,STR-055,CAT-07,2024-07-01,2024,7,373,277,13796.17,8613.43,775.42,5182.74
SL-0010520,STR-055,CAT-08,2024-07-01,2024,7,757,502,16138.01,11288.97,799.14,4849.04
SL-0010521,STR-055,CAT-01,2024-08-01,2024,8,560,330,15853.8,9681.79,718.42,6172.01
SL-0010522,STR-055,CAT-02,2024-08-01,2024,8,775,435,24908.13,20750.6,1113.35,4157.53
SL-0010523,STR-055,CAT-03,2024-08-01,2024,8,623,389,18072.64,11202.81,222.81,6869.83
SL-0010524,STR-055,CAT-04,2024-08-01,2024,8,1212,575,21561.01,14249.47,452.33,7311.54
SL-0010525,STR-055,CAT-05,2024-08-01,2024,8,793,405,26040.16,11882.66,712.98,14157.5
SL-0010526,STR-055,CAT-06,2024-08-01,2024,8,1203,598,23183.71,18476.41,999.82,4707.3
SL-0010527,STR-055,CAT-07,2024-08-01,2024,8,592,277,15899.18,10091.33,325.44,5807.85
SL-0010528,STR-055,CAT-08,2024-08-01,2024,8,796,390,21998.18,14753.4,1191.26,7244.78
SL-0010529,STR-055,CAT-01,2024-09-01,2024,9,641,353,24110.99,14796.39,1436.62,9314.6
SL-0010530,STR-055,CAT-02,2024-09-01,2024,9,526,337,18960.09,15847.06,1025.27,3113.03
SL-0010531,STR-055,CAT-03,2024-09-01,2024,9,583,345,16094.94,10292.66,875.46,5802.28
SL-0010532,STR-055,CAT-04,2024-09-01,2024,9,521,238,14581.4,9272.57,338.41,5308.83
SL-0010533,STR-055,CAT-05,2024-09-01,2024,9,3373,1857,28137.36,12106.98,1269.99,16030.38
SL-0010534,STR-055,CAT-06,2024-09-01,2024,9,1556,693,28053.43,22133.44,1108.84,5919.99
SL-0010535,STR-055,CAT-07,2024-09-01,2024,9,757,428,14512.81,8897.86,799.46,5614.95
SL-0010536,STR-055,CAT-08,2024-09-01,2024,9,573,315,19101.24,13032.75,454.52,6068.49
SL-0010537,STR-055,CAT-01,2024-10-01,2024,10,1875,841,20980.86,12580.38,1014.61,8400.48
SL-0010538,STR-055,CAT-02,2024-10-01,2024,10,387,217,15285.79,12749.26,355.39,2536.53
SL-0010539,STR-055,CAT-03,2024-10-01,2024,10,875,531,21627.07,13898.78,990.36,7728.29
SL-0010540,STR-055,CAT-04,2024-10-01,2024,10,801,380,26982.4,17757.54,821.34,9224.86
SL-0010541,STR-055,CAT-05,2024-10-01,2024,10,513,322,16185.89,7194.2,824.31,8991.69
SL-0010542,STR-055,CAT-06,2024-10-01,2024,10,1286,678,28981.09,21549.31,1493.41,7431.78
SL-0010543,STR-055,CAT-07,2024-10-01,2024,10,768,417,26945.84,15544.61,1560.43,11401.23
SL-0010544,STR-055,CAT-08,2024-10-01,2024,10,751,410,26718.9,19113.94,401.18,7604.96
SL-0010545,STR-055,CAT-01,2024-11-01,2024,11,620,429,17255.66,10542.73,905.95,6712.93
SL-0010546,STR-055,CAT-02,2024-11-01,2024,11,832,502,20513.69,17116.46,572.08,3397.23
SL-0010547,STR-055,CAT-03,2024-11-01,2024,11,579,365,15865.88,9696.92,723.48,6168.96
SL-0010548,STR-055,CAT-04,2024-11-01,2024,11,1281,826,13992.08,9087.82,158.85,4904.26
SL-0010549,STR-055,CAT-05,2024-11-01,2024,11,1172,684,23776.95,10354.01,350.94,13422.94
SL-0010550,STR-055,CAT-06,2024-11-01,2024,11,1254,491,17823.28,13995.88,748.5,3827.4
SL-0010551,STR-055,CAT-07,2024-11-01,2024,11,1150,477,33785.92,20170.49,1883.1,13615.43
SL-0010552,STR-055,CAT-08,2024-11-01,2024,11,717,414,24450.61,17679.98,1248.76,6770.63
SL-0010553,STR-055,CAT-01,2024-12-01,2024,12,1302,578,25688.35,14879.15,1303.0,10809.2
SL-0010554,STR-055,CAT-02,2024-12-01,2024,12,584,349,23931.08,18779.34,1349.85,5151.74
SL-0010555,STR-055,CAT-03,2024-12-01,2024,12,579,353,25934.82,16384.89,1091.56,9549.93
SL-0010556,STR-055,CAT-04,2024-12-01,2024,12,283,150,11328.77,7057.55,488.52,4271.22
SL-0010557,STR-055,CAT-05,2024-12-01,2024,12,843,417,23069.8,10098.04,982.57,12971.76
SL-0010558,STR-055,CAT-06,2024-12-01,2024,12,601,306,18177.26,13424.87,461.89,4752.39
SL-0010559,STR-055,CAT-07,2024-12-01,2024,12,1261,765,28491.03,17313.26,308.29,11177.77
SL-0010560,STR-055,CAT-08,2024-12-01,2024,12,804,438,21425.86,14597.61,443.54,6828.25
SL-0010561,STR-056,CAT-01,2023-01-01,2023,1,1057,585,22323.83,12805.66,1226.62,9518.17
SL-0010562,STR-056,CAT-02,2023-01-01,2023,1,1213,652,27533.85,22534.06,1640.14,4999.79
SL-0010563,STR-056,CAT-03,2023-01-01,2023,1,813,444,26817.45,16922.29,1553.8,9895.16
SL-0010564,STR-056,CAT-04,2023-01-01,2023,1,774,437,20114.2,12476.38,538.05,7637.82
SL-0010565,STR-056,CAT-05,2023-01-01,2023,1,938,496,26575.38,12379.38,845.47,14196.0
SL-0010566,STR-056,CAT-06,2023-01-01,2023,1,1231,624,37510.11,29282.4,1093.2,8227.71
SL-0010567,STR-056,CAT-07,2023-01-01,2023,1,779,390,12802.08,7727.16,465.39,5074.92
SL-0010568,STR-056,CAT-08,2023-01-01,2023,1,1420,771,26193.17,17831.43,1038.44,8361.74
SL-0010569,STR-056,CAT-01,2023-02-01,2023,2,612,357,25089.98,14723.53,1471.74,10366.45
SL-0010570,STR-056,CAT-02,2023-02-01,2023,2,507,260,14168.27,11391.46,405.08,2776.81
SL-0010571,STR-056,CAT-03,2023-02-01,2023,2,891,400,22964.74,14616.47,892.65,8348.27
SL-0010572,STR-056,CAT-04,2023-02-01,2023,2,1155,663,25011.75,15501.17,967.87,9510.58
SL-0010573,STR-056,CAT-05,2023-02-01,2023,2,1359,985,34942.77,16026.79,358.46,18915.98
SL-0010574,STR-056,CAT-06,2023-02-01,2023,2,757,413,28246.17,21831.34,1521.69,6414.83
SL-0010575,STR-056,CAT-07,2023-02-01,2023,2,341,209,9618.0,5928.46,412.99,3689.54
SL-0010576,STR-056,CAT-08,2023-02-01,2023,2,614,284,26142.65,18625.5,769.62,7517.15
SL-0010577,STR-056,CAT-01,2023-03-01,2023,3,908,492,18779.34,10825.2,966.47,7954.14
SL-0010578,STR-056,CAT-02,2023-03-01,2023,3,718,398,20094.55,16344.15,857.93,3750.4
SL-0010579,STR-056,CAT-03,2023-03-01,2023,3,868,434,15381.58,9223.83,787.73,6157.75
SL-0010580,STR-056,CAT-04,2023-03-01,2023,3,649,346,22215.14,14361.62,1073.37,7853.52
SL-0010581,STR-056,CAT-05,2023-03-01,2023,3,909,539,23169.4,10289.94,829.08,12879.46
SL-0010582,STR-056,CAT-06,2023-03-01,2023,3,405,180,14609.52,11684.82,312.5,2924.7
SL-0010583,STR-056,CAT-07,2023-03-01,2023,3,593,323,19047.85,11990.63,533.71,7057.22
SL-0010584,STR-056,CAT-08,2023-03-01,2023,3,781,351,19208.98,13200.67,885.4,6008.31
SL-0010585,STR-056,CAT-01,2023-04-01,2023,4,562,311,21040.53,12115.57,652.91,8924.96
SL-0010586,STR-056,CAT-02,2023-04-01,2023,4,355,243,11717.81,8992.48,144.84,2725.33
SL-0010587,STR-056,CAT-03,2023-04-01,2023,4,956,691,24327.55,15477.63,1267.52,8849.92
SL-0010588,STR-056,CAT-04,2023-04-01,2023,4,630,364,26527.24,17448.61,1531.84,9078.63
SL-0010589,STR-056,CAT-05,2023-04-01,2023,4,325,137,14648.27,6583.35,640.45,8064.92
SL-0010590,STR-056,CAT-06,2023-04-01,2023,4,399,245,12533.25,9136.57,564.97,3396.68
SL-0010591,STR-056,CAT-07,2023-04-01,2023,4,628,345,19734.2,12135.69,1072.45,7598.51
SL-0010592,STR-056,CAT-08,2023-04-01,2023,4,289,217,10541.22,6868.76,624.12,3672.46
SL-0010593,STR-056,CAT-01,2023-05-01,2023,5,654,298,22211.95,13640.07,963.64,8571.88
SL-0010594,STR-056,CAT-02,2023-05-01,2023,5,1347,598,26064.65,22285.79,776.09,3778.86
SL-0010595,STR-056,CAT-03,2023-05-01,2023,5,975,712,32455.12,20255.32,1342.39,12199.8
SL-0010596,STR-056,CAT-04,2023-05-01,2023,5,746,428,29746.11,18248.23,1147.64,11497.88
SL-0010597,STR-056,CAT-05,2023-05-01,2023,5,920,423,28975.96,12656.08,537.06,16319.88
SL-0010598,STR-056,CAT-06,2023-05-01,2023,5,1521,991,17807.66,13929.25,668.91,3878.41
SL-0010599,STR-056,CAT-07,2023-05-01,2023,5,899,490,24319.86,13813.09,1170.19,10506.77
SL-0010600,STR-056,CAT-08,2023-05-01,2023,5,1163,635,29853.44,20183.94,1409.84,9669.5
SL-0010601,STR-056,CAT-01,2023-06-01,2023,6,838,699,23181.3,13191.62,1293.32,9989.68
SL-0010602,STR-056,CAT-02,2023-06-01,2023,6,592,312,23701.07,19714.04,1193.66,3987.03
SL-0010603,STR-056,CAT-03,2023-06-01,2023,6,1862,1311,28962.8,17542.5,1320.95,11420.3
SL-0010604,STR-056,CAT-04,2023-06-01,2023,6,1456,914,27797.27,17922.87,640.76,9874.4
SL-0010605,STR-056,CAT-05,2023-06-01,2023,6,446,226,16372.6,7599.94,900.18,8772.66
SL-0010606,STR-056,CAT-06,2023-06-01,2023,6,1288,1043,35527.27,27070.47,954.74,8456.8
SL-0010607,STR-056,CAT-07,2023-06-01,2023,6,586,305,21532.98,12671.46,1209.83,8861.52
SL-0010608,STR-056,CAT-08,2023-06-01,2023,6,914,491,17832.5,12191.54,644.21,5640.96
SL-0010609,STR-056,CAT-01,2023-07-01,2023,7,960,556,26781.89,15191.22,1315.4,11590.67
SL-0010610,STR-056,CAT-02,2023-07-01,2023,7,846,505,22415.85,17676.91,308.58,4738.94
SL-0010611,STR-056,CAT-03,2023-07-01,2023,7,760,456,26623.89,16128.81,1462.21,10495.08
SL-0010612,STR-056,CAT-04,2023-07-01,2023,7,1573,1116,31695.39,19958.91,569.36,11736.48
SL-0010613,STR-056,CAT-05,2023-07-01,2023,7,881,449,22299.65,9961.39,685.43,12338.26
SL-0010614,STR-056,CAT-06,2023-07-01,2023,7,1810,1209,33128.45,27221.12,957.89,5907.33
SL-0010615,STR-056,CAT-07,2023-07-01,2023,7,846,558,27776.59,15337.86,1016.49,12438.73
SL-0010616,STR-056,CAT-08,2023-07-01,2023,7,807,379,27827.78,18749.51,553.53,9078.27
SL-0010617,STR-056,CAT-01,2023-08-01,2023,8,265,150,11950.54,7041.19,323.06,4909.35
SL-0010618,STR-056,CAT-02,2023-08-01,2023,8,875,403,19353.74,15159.82,648.95,4193.92
SL-0010619,STR-056,CAT-03,2023-08-01,2023,8,521,326,21845.87,13779.02,478.25,8066.85
SL-0010620,STR-056,CAT-04,2023-08-01,2023,8,701,489,24337.83,15195.17,618.74,9142.66
SL-0010621,STR-056,CAT-05,2023-08-01,2023,8,404,178,10601.57,4905.07,257.4,5696.5
SL-0010622,STR-056,CAT-06,2023-08-01,2023,8,326,165,14132.47,10822.0,655.07,3310.47
SL-0010623,STR-056,CAT-07,2023-08-01,2023,8,640,364,20248.36,12177.35,297.9,8071.01
SL-0010624,STR-056,CAT-08,2023-08-01,2023,8,446,191,15883.19,10881.88,782.46,5001.31
SL-0010625,STR-056,CAT-01,2023-09-01,2023,9,518,273,15138.75,9154.53,727.39,5984.22
SL-0010626,STR-056,CAT-02,2023-09-01,2023,9,571,367,17138.85,13761.94,913.87,3376.91
SL-0010627,STR-056,CAT-03,2023-09-01,2023,9,2005,1068,19725.35,12209.82,538.67,7515.53
SL-0010628,STR-056,CAT-04,2023-09-01,2023,9,851,381,24471.75,15637.49,1069.53,8834.26
SL-0010629,STR-056,CAT-05,2023-09-01,2023,9,698,392,22324.79,10035.31,236.07,12289.48
SL-0010630,STR-056,CAT-06,2023-09-01,2023,9,331,154,11216.88,8764.12,353.58,2452.76
SL-0010631,STR-056,CAT-07,2023-09-01,2023,9,451,246,15040.27,9327.76,430.79,5712.51
SL-0010632,STR-056,CAT-08,2023-09-01,2023,9,414,245,12990.12,9091.9,249.68,3898.22
SL-0010633,STR-056,CAT-01,2023-10-01,2023,10,1123,733,41146.82,24415.9,435.82,16730.92
SL-0010634,STR-056,CAT-02,2023-10-01,2023,10,1124,509,32756.19,27364.89,1753.64,5391.3
SL-0010635,STR-056,CAT-03,2023-10-01,2023,10,1062,772,26580.44,16779.29,1110.15,9801.15
SL-0010636,STR-056,CAT-04,2023-10-01,2023,10,694,464,20073.51,13330.49,845.12,6743.02
SL-0010637,STR-056,CAT-05,2023-10-01,2023,10,2026,1470,27646.75,11850.26,1274.39,15796.49
SL-0010638,STR-056,CAT-06,2023-10-01,2023,10,508,336,18302.38,13989.34,465.13,4313.04
SL-0010639,STR-056,CAT-07,2023-10-01,2023,10,938,441,22530.71,14013.48,1331.22,8517.23
SL-0010640,STR-056,CAT-08,2023-10-01,2023,10,702,331,28257.62,20303.71,1228.58,7953.91
SL-0010641,STR-056,CAT-01,2023-11-01,2023,11,1131,694,32043.88,18363.14,1879.32,13680.74
SL-0010642,STR-056,CAT-02,2023-11-01,2023,11,1623,763,50828.27,43480.47,1902.63,7347.8
SL-0010643,STR-056,CAT-03,2023-11-01,2023,11,1302,952,35339.85,21918.5,1427.73,13421.35
SL-0010644,STR-056,CAT-04,2023-11-01,2023,11,1025,651,32459.47,21891.9,1359.36,10567.57
SL-0010645,STR-056,CAT-05,2023-11-01,2023,11,1353,639,43139.78,19832.96,582.16,23306.82
SL-0010646,STR-056,CAT-06,2023-11-01,2023,11,1821,766,37816.14,29375.7,1232.6,8440.44
SL-0010647,STR-056,CAT-07,2023-11-01,2023,11,821,479,32696.51,19093.06,975.01,13603.45
SL-0010648,STR-056,CAT-08,2023-11-01,2023,11,672,380,23719.05,15769.49,619.34,7949.56
SL-0010649,STR-056,CAT-01,2023-12-01,2023,12,1517,925,31757.24,18255.7,818.29,13501.54
SL-0010650,STR-056,CAT-02,2023-12-01,2023,12,895,516,32580.17,26238.37,409.36,6341.8
SL-0010651,STR-056,CAT-03,2023-12-01,2023,12,617,390,18471.8,11343.17,592.76,7128.63
SL-0010652,STR-056,CAT-04,2023-12-01,2023,12,504,317,13289.98,8521.94,311.0,4768.04
SL-0010653,STR-056,CAT-05,2023-12-01,2023,12,477,197,16434.07,7198.71,215.27,9235.36
SL-0010654,STR-056,CAT-06,2023-12-01,2023,12,800,399,19668.26,15363.05,1132.65,4305.21
SL-0010655,STR-056,CAT-07,2023-12-01,2023,12,4097,1758,41729.39,24148.15,2177.09,17581.24
SL-0010656,STR-056,CAT-08,2023-12-01,2023,12,619,285,14688.75,10217.47,336.68,4471.28
SL-0010657,STR-056,CAT-01,2024-01-01,2024,1,575,218,19281.78,11270.48,267.81,8011.3
SL-0010658,STR-056,CAT-02,2024-01-01,2024,1,586,348,17125.23,14504.41,419.56,2620.82
SL-0010659,STR-056,CAT-03,2024-01-01,2024,1,582,315,14204.58,8741.5,465.32,5463.08
SL-0010660,STR-056,CAT-04,2024-01-01,2024,1,978,875,26683.84,18335.9,414.6,8347.94
SL-0010661,STR-056,CAT-05,2024-01-01,2024,1,602,402,13394.02,6020.11,169.19,7373.91
SL-0010662,STR-056,CAT-06,2024-01-01,2024,1,804,306,19585.3,14568.83,799.67,5016.47
SL-0010663,STR-056,CAT-07,2024-01-01,2024,1,1675,1219,20649.36,12510.33,1013.64,8139.03
SL-0010664,STR-056,CAT-08,2024-01-01,2024,1,387,244,16408.98,12375.19,491.26,4033.79
SL-0010665,STR-056,CAT-01,2024-02-01,2024,2,618,364,14046.04,8107.39,178.84,5938.65
SL-0010666,STR-056,CAT-02,2024-02-01,2024,2,761,468,19599.36,16642.91,752.93,2956.45
SL-0010667,STR-056,CAT-03,2024-02-01,2024,2,610,363,26345.16,15546.08,846.46,10799.08
SL-0010668,STR-056,CAT-04,2024-02-01,2024,2,534,321,17571.27,11485.94,411.3,6085.33
SL-0010669,STR-056,CAT-05,2024-02-01,2024,2,992,452,21096.93,9379.41,1086.49,11717.52
SL-0010670,STR-056,CAT-06,2024-02-01,2024,2,1255,840,26509.99,20355.81,846.36,6154.18
SL-0010671,STR-056,CAT-07,2024-02-01,2024,2,604,428,14768.94,8757.91,853.14,6011.03
SL-0010672,STR-056,CAT-08,2024-02-01,2024,2,847,408,25896.75,17790.38,1452.23,8106.37
SL-0010673,STR-056,CAT-01,2024-03-01,2024,3,646,333,17687.35,9908.88,338.81,7778.47
SL-0010674,STR-056,CAT-02,2024-03-01,2024,3,867,434,25401.63,21503.91,495.11,3897.72
SL-0010675,STR-056,CAT-03,2024-03-01,2024,3,536,292,24478.7,14312.14,571.81,10166.56
SL-0010676,STR-056,CAT-04,2024-03-01,2024,3,743,487,31966.02,21321.27,1575.16,10644.75
SL-0010677,STR-056,CAT-05,2024-03-01,2024,3,690,405,20733.57,9579.6,623.71,11153.97
SL-0010678,STR-056,CAT-06,2024-03-01,2024,3,1098,548,27209.55,20231.23,564.4,6978.32
SL-0010679,STR-056,CAT-07,2024-03-01,2024,3,584,322,16701.73,10143.06,790.29,6558.67
SL-0010680,STR-056,CAT-08,2024-03-01,2024,3,1068,633,30214.99,21762.34,896.89,8452.65
SL-0010681,STR-056,CAT-01,2024-04-01,2024,4,813,625,18259.52,10785.35,594.81,7474.17
SL-0010682,STR-056,CAT-02,2024-04-01,2024,4,362,201,13994.28,11813.36,450.93,2180.92
SL-0010683,STR-056,CAT-03,2024-04-01,2024,4,401,341,19345.77,11541.09,750.23,7804.68
SL-0010684,STR-056,CAT-04,2024-04-01,2024,4,309,144,15474.56,10072.51,466.0,5402.05
SL-0010685,STR-056,CAT-05,2024-04-01,2024,4,755,381,13712.83,6422.04,672.13,7290.79
SL-0010686,STR-056,CAT-06,2024-04-01,2024,4,692,354,22120.33,17375.37,440.55,4744.96
SL-0010687,STR-056,CAT-07,2024-04-01,2024,4,409,192,19388.97,11874.09,352.46,7514.88
SL-0010688,STR-056,CAT-08,2024-04-01,2024,4,1088,504,22753.79,16129.48,809.6,6624.31
SL-0010689,STR-056,CAT-01,2024-05-01,2024,5,624,382,17878.45,10031.18,1013.92,7847.27
SL-0010690,STR-056,CAT-02,2024-05-01,2024,5,498,247,20597.69,16635.41,812.69,3962.28
SL-0010691,STR-056,CAT-03,2024-05-01,2024,5,1847,1608,29135.18,16935.86,1169.3,12199.32
SL-0010692,STR-056,CAT-04,2024-05-01,2024,5,1065,594,43398.99,27586.74,1797.78,15812.25
SL-0010693,STR-056,CAT-05,2024-05-01,2024,5,1198,632,30129.48,14089.37,995.16,16040.11
SL-0010694,STR-056,CAT-06,2024-05-01,2024,5,960,688,16420.51,12464.35,503.24,3956.16
SL-0010695,STR-056,CAT-07,2024-05-01,2024,5,710,382,20801.16,12536.76,377.89,8264.4
SL-0010696,STR-056,CAT-08,2024-05-01,2024,5,554,250,23650.74,16436.26,1371.37,7214.48
SL-0010697,STR-056,CAT-01,2024-06-01,2024,6,788,401,27055.73,15384.16,450.1,11671.57
SL-0010698,STR-056,CAT-02,2024-06-01,2024,6,704,376,17745.68,14166.45,631.37,3579.23
SL-0010699,STR-056,CAT-03,2024-06-01,2024,6,1100,682,18563.12,10909.53,288.27,7653.59
SL-0010700,STR-056,CAT-04,2024-06-01,2024,6,1007,553,33618.16,22455.06,484.13,11163.1
SL-0010701,STR-056,CAT-05,2024-06-01,2024,6,883,655,24587.08,10657.96,974.57,13929.12
SL-0010702,STR-056,CAT-06,2024-06-01,2024,6,804,337,24737.43,18863.08,1398.68,5874.35
SL-0010703,STR-056,CAT-07,2024-06-01,2024,6,1094,490,13218.54,7759.03,402.97,5459.51
SL-0010704,STR-056,CAT-08,2024-06-01,2024,6,382,173,13541.86,9100.52,811.94,4441.34
SL-0010705,STR-056,CAT-01,2024-07-01,2024,7,1129,599,29549.67,17344.18,1019.57,12205.49
SL-0010706,STR-056,CAT-02,2024-07-01,2024,7,576,410,21623.13,18471.03,392.17,3152.1
SL-0010707,STR-056,CAT-03,2024-07-01,2024,7,690,730,22061.79,13851.68,796.83,8210.11
SL-0010708,STR-056,CAT-04,2024-07-01,2024,7,1561,914,27303.49,16853.6,1538.91,10449.89
SL-0010709,STR-056,CAT-05,2024-07-01,2024,7,761,431,13550.83,6112.3,600.85,7438.53
SL-0010710,STR-056,CAT-06,2024-07-01,2024,7,932,646,37774.51,30685.82,1928.45,7088.69
SL-0010711,STR-056,CAT-07,2024-07-01,2024,7,890,406,21249.33,13268.21,428.93,7981.12
SL-0010712,STR-056,CAT-08,2024-07-01,2024,7,463,207,17018.93,12051.45,627.02,4967.48
SL-0010713,STR-056,CAT-01,2024-08-01,2024,8,1313,656,31920.66,18390.17,909.07,13530.49
SL-0010714,STR-056,CAT-02,2024-08-01,2024,8,851,644,19707.37,16594.22,1001.6,3113.15
SL-0010715,STR-056,CAT-03,2024-08-01,2024,8,469,326,18411.92,11435.83,672.64,6976.09
SL-0010716,STR-056,CAT-04,2024-08-01,2024,8,702,556,16807.95,11222.21,710.98,5585.74
SL-0010717,STR-056,CAT-05,2024-08-01,2024,8,841,374,18017.89,7774.68,355.42,10243.21
SL-0010718,STR-056,CAT-06,2024-08-01,2024,8,497,291,12761.69,9800.85,222.2,2960.84
SL-0010719,STR-056,CAT-07,2024-08-01,2024,8,1019,538,20551.12,12556.31,213.61,7994.81
SL-0010720,STR-056,CAT-08,2024-08-01,2024,8,598,282,13147.62,8968.76,728.44,4178.86
SL-0010721,STR-056,CAT-01,2024-09-01,2024,9,912,585,28508.69,15776.53,532.18,12732.16
SL-0010722,STR-056,CAT-02,2024-09-01,2024,9,684,342,21010.5,18197.02,623.15,2813.48
SL-0010723,STR-056,CAT-03,2024-09-01,2024,9,747,430,18508.85,11644.01,865.16,6864.84
SL-0010724,STR-056,CAT-04,2024-09-01,2024,9,503,225,17370.6,11750.86,284.6,5619.74
SL-0010725,STR-056,CAT-05,2024-09-01,2024,9,642,472,18927.05,8632.42,328.82,10294.63
SL-0010726,STR-056,CAT-06,2024-09-01,2024,9,1790,1174,34708.36,27610.76,1080.96,7097.6
SL-0010727,STR-056,CAT-07,2024-09-01,2024,9,2215,1291,32565.63,19934.47,997.26,12631.16
SL-0010728,STR-056,CAT-08,2024-09-01,2024,9,993,486,37737.5,25376.29,1108.62,12361.21
SL-0010729,STR-056,CAT-01,2024-10-01,2024,10,485,241,13571.73,7379.64,175.55,6192.09
SL-0010730,STR-056,CAT-02,2024-10-01,2024,10,304,215,13636.66,11007.4,607.6,2629.26
SL-0010731,STR-056,CAT-03,2024-10-01,2024,10,830,432,19219.47,11883.13,893.78,7336.34
SL-0010732,STR-056,CAT-04,2024-10-01,2024,10,492,227,19968.84,13353.06,266.21,6615.78
SL-0010733,STR-056,CAT-05,2024-10-01,2024,10,741,361,15233.22,6787.5,161.51,8445.72
SL-0010734,STR-056,CAT-06,2024-10-01,2024,10,433,206,17245.52,12659.24,459.66,4586.28
SL-0010735,STR-056,CAT-07,2024-10-01,2024,10,466,248,14128.65,8724.64,652.97,5404.01
SL-0010736,STR-056,CAT-08,2024-10-01,2024,10,913,584,28641.96,19878.8,1333.82,8763.16
SL-0010737,STR-056,CAT-01,2024-11-01,2024,11,1469,907,35691.66,20096.24,547.42,15595.42
SL-0010738,STR-056,CAT-02,2024-11-01,2024,11,1303,614,46457.5,39135.38,2579.67,7322.12
SL-0010739,STR-056,CAT-03,2024-11-01,2024,11,854,445,19400.17,12126.67,519.88,7273.5
SL-0010740,STR-056,CAT-04,2024-11-01,2024,11,1427,829,22126.05,14875.65,285.06,7250.4
SL-0010741,STR-056,CAT-05,2024-11-01,2024,11,1030,599,19097.02,8949.34,611.22,10147.68
SL-0010742,STR-056,CAT-06,2024-11-01,2024,11,748,408,14885.87,11399.51,483.45,3486.36
SL-0010743,STR-056,CAT-07,2024-11-01,2024,11,2299,1277,44752.3,25981.44,1453.9,18770.86
SL-0010744,STR-056,CAT-08,2024-11-01,2024,11,437,279,18352.62,12785.84,594.79,5566.78
SL-0010745,STR-056,CAT-01,2024-12-01,2024,12,587,402,22706.85,12747.53,302.8,9959.32
SL-0010746,STR-056,CAT-02,2024-12-01,2024,12,437,213,19632.36,16218.84,529.34,3413.52
SL-0010747,STR-056,CAT-03,2024-12-01,2024,12,654,504,17253.96,10264.93,750.0,6989.03
SL-0010748,STR-056,CAT-04,2024-12-01,2024,12,596,337,15984.07,10517.52,695.91,5466.55
SL-0010749,STR-056,CAT-05,2024-12-01,2024,12,469,255,15265.18,6709.14,496.46,8556.04
SL-0010750,STR-056,CAT-06,2024-12-01,2024,12,599,336,20707.87,16274.26,518.9,4433.61
SL-0010751,STR-056,CAT-07,2024-12-01,2024,12,758,425,20831.6,12058.94,434.19,8772.66
SL-0010752,STR-056,CAT-08,2024-12-01,2024,12,856,502,26178.27,18100.15,1260.28,8078.12
SL-0010753,STR-057,CAT-01,2023-01-01,2023,1,956,609,36592.64,20612.93,530.96,15979.71
SL-0010754,STR-057,CAT-02,2023-01-01,2023,1,539,276,17132.07,13596.96,970.3,3535.11
SL-0010755,STR-057,CAT-03,2023-01-01,2023,1,867,436,21038.87,13848.66,817.72,7190.21
SL-0010756,STR-057,CAT-04,2023-01-01,2023,1,1297,972,28303.91,18463.42,1402.94,9840.49
SL-0010757,STR-057,CAT-05,2023-01-01,2023,1,1061,604,15894.07,6695.34,909.57,9198.73
SL-0010758,STR-057,CAT-06,2023-01-01,2023,1,4621,2921,41359.95,31788.09,947.67,9571.86
SL-0010759,STR-057,CAT-07,2023-01-01,2023,1,897,623,26536.32,15583.2,1421.0,10953.12
SL-0010760,STR-057,CAT-08,2023-01-01,2023,1,989,585,35890.23,25958.11,1017.66,9932.12
SL-0010761,STR-057,CAT-01,2023-02-01,2023,2,532,460,20983.65,12045.4,1154.03,8938.25
SL-0010762,STR-057,CAT-02,2023-02-01,2023,2,430,242,16455.04,13131.94,710.87,3323.1
SL-0010763,STR-057,CAT-03,2023-02-01,2023,2,1354,695,33420.82,21234.82,945.73,12186.0
SL-0010764,STR-057,CAT-04,2023-02-01,2023,2,1319,756,27206.55,17557.26,784.02,9649.29
SL-0010765,STR-057,CAT-05,2023-02-01,2023,2,1012,449,32680.55,14467.74,1108.09,18212.81
SL-0010766,STR-057,CAT-06,2023-02-01,2023,2,2377,1503,37137.57,28021.95,1947.02,9115.62
SL-0010767,STR-057,CAT-07,2023-02-01,2023,2,1313,935,18943.97,11248.14,257.67,7695.83
SL-0010768,STR-057,CAT-08,2023-02-01,2023,2,1028,522,33545.0,23620.56,1958.81,9924.44
SL-0010769,STR-057,CAT-01,2023-03-01,2023,3,820,513,26019.16,14631.95,1382.65,11387.21
SL-0010770,STR-057,CAT-02,2023-03-01,2023,3,1005,507,28257.62,24185.39,457.04,4072.23
SL-0010771,STR-057,CAT-03,2023-03-01,2023,3,689,430,23468.98,14651.75,435.31,8817.23
SL-0010772,STR-057,CAT-04,2023-03-01,2023,3,1380,532,25145.97,16194.38,682.69,8951.59
SL-0010773,STR-057,CAT-05,2023-03-01,2023,3,1065,549,35812.42,16266.52,500.53,19545.9
SL-0010774,STR-057,CAT-06,2023-03-01,2023,3,1103,621,31244.96,24837.99,1654.99,6406.97
SL-0010775,STR-057,CAT-07,2023-03-01,2023,3,1005,429,19620.7,11351.34,567.46,8269.36
SL-0010776,STR-057,CAT-08,2023-03-01,2023,3,823,425,25247.6,17872.99,824.93,7374.61
SL-0010777,STR-057,CAT-01,2023-04-01,2023,4,1442,905,36302.76,22500.77,612.04,13801.99
SL-0010778,STR-057,CAT-02,2023-04-01,2023,4,846,489,31063.98,25011.32,795.45,6052.66
SL-0010779,STR-057,CAT-03,2023-04-01,2023,4,2651,1451,58548.04,37779.65,1954.38,20768.39
SL-0010780,STR-057,CAT-04,2023-04-01,2023,4,2253,1486,57291.24,38025.79,2763.86,19265.45
SL-0010781,STR-057,CAT-05,2023-04-01,2023,4,1192,564,30820.77,14000.64,311.32,16820.13
SL-0010782,STR-057,CAT-06,2023-04-01,2023,4,643,673,29327.27,23524.02,1258.59,5803.25
SL-0010783,STR-057,CAT-07,2023-04-01,2023,4,895,432,36211.78,22232.31,1808.53,13979.47
SL-0010784,STR-057,CAT-08,2023-04-01,2023,4,539,246,26123.74,18878.57,1036.38,7245.17
SL-0010785,STR-057,CAT-01,2023-05-01,2023,5,2141,1103,63526.12,37075.06,637.9,26451.06
SL-0010786,STR-057,CAT-02,2023-05-01,2023,5,2000,899,49367.56,41859.41,1884.34,7508.15
SL-0010787,STR-057,CAT-03,2023-05-01,2023,5,1603,899,56280.59,33521.17,2271.59,22759.42
SL-0010788,STR-057,CAT-04,2023-05-01,2023,5,1737,936,55901.14,35394.54,1017.81,20506.6
SL-0010789,STR-057,CAT-05,2023-05-01,2023,5,915,410,38683.46,17388.52,1779.2,21294.94
SL-0010790,STR-057,CAT-06,2023-05-01,2023,5,1845,1068,45430.65,35239.43,2359.26,10191.22
SL-0010791,STR-057,CAT-07,2023-05-01,2023,5,1332,687,38199.31,23737.84,551.64,14461.47
SL-0010792,STR-057,CAT-08,2023-05-01,2023,5,2365,1403,41823.82,29494.69,2272.6,12329.13
SL-0010793,STR-057,CAT-01,2023-06-01,2023,6,1334,841,41729.12,23770.12,481.25,17959.0
SL-0010794,STR-057,CAT-02,2023-06-01,2023,6,1276,687,41028.37,35082.17,489.24,5946.2
SL-0010795,STR-057,CAT-03,2023-06-01,2023,6,989,577,25188.88,15277.93,736.65,9910.95
SL-0010796,STR-057,CAT-04,2023-06-01,2023,6,2225,954,64730.12,40811.85,2843.54,23918.27
SL-0010797,STR-057,CAT-05,2023-06-01,2023,6,1610,776,34534.0,15444.29,1814.27,19089.71
SL-0010798,STR-057,CAT-06,2023-06-01,2023,6,1360,775,27152.53,20765.0,1525.48,6387.53
SL-0010799,STR-057,CAT-07,2023-06-01,2023,6,1182,772,32696.51,19864.75,1259.34,12831.76
SL-0010800,STR-057,CAT-08,2023-06-01,2023,6,1246,617,35168.35,24810.31,1896.22,10358.04
SL-0010801,STR-057,CAT-01,2023-07-01,2023,7,897,546,32434.6,19266.18,609.27,13168.42
SL-0010802,STR-057,CAT-02,2023-07-01,2023,7,740,473,24157.43,20022.79,524.37,4134.64
SL-0010803,STR-057,CAT-03,2023-07-01,2023,7,869,633,26934.65,15431.37,1246.61,11503.28
SL-0010804,STR-057,CAT-04,2023-07-01,2023,7,938,489,34837.3,23156.4,1103.45,11680.9
SL-0010805,STR-057,CAT-05,2023-07-01,2023,7,1192,626,31551.08,14264.76,1348.22,17286.32
SL-0010806,STR-057,CAT-06,2023-07-01,2023,7,1504,876,37049.69,29741.25,868.73,7308.44
SL-0010807,STR-057,CAT-07,2023-07-01,2023,7,527,265,16841.75,10149.3,809.84,6692.45
SL-0010808,STR-057,CAT-08,2023-07-01,2023,7,1561,934,31212.87,22545.63,1744.61,8667.24
SL-0010809,STR-057,CAT-01,2023-08-01,2023,8,1479,1341,46519.33,28043.21,1210.53,18476.12
SL-0010810,STR-057,CAT-02,2023-08-01,2023,8,703,382,28261.17,23298.55,1300.05,4962.62
SL-0010811,STR-057,CAT-03,2023-08-01,2023,8,1273,957,36918.64,22656.21,1718.22,14262.43
SL-0010812,STR-057,CAT-04,2023-08-01,2023,8,1335,688,39346.84,25321.59,866.49,14025.25
SL-0010813,STR-057,CAT-05,2023-08-01,2023,8,950,515,28077.54,13268.23,1623.23,14809.31
SL-0010814,STR-057,CAT-06,2023-08-01,2023,8,2985,1770,41853.62,32729.92,575.44,9123.7
SL-0010815,STR-057,CAT-07,2023-08-01,2023,8,926,616,34018.24,20607.74,1199.43,13410.5
SL-0010816,STR-057,CAT-08,2023-08-01,2023,8,4360,2923,51642.74,35783.94,2452.24,15858.8
SL-0010817,STR-057,CAT-01,2023-09-01,2023,9,2001,1094,39545.57,23701.88,1573.95,15843.69
SL-0010818,STR-057,CAT-02,2023-09-01,2023,9,1241,1005,34114.88,29130.28,533.2,4984.6
SL-0010819,STR-057,CAT-03,2023-09-01,2023,9,814,436,21090.33,13062.55,276.1,8027.78
SL-0010820,STR-057,CAT-04,2023-09-01,2023,9,860,517,23155.46,15683.38,796.19,7472.08
SL-0010821,STR-057,CAT-05,2023-09-01,2023,9,1078,573,37414.72,16932.08,1047.81,20482.64
SL-0010822,STR-057,CAT-06,2023-09-01,2023,9,990,566,26723.61,21352.99,1020.96,5370.62
SL-0010823,STR-057,CAT-07,2023-09-01,2023,9,951,777,35396.23,21741.55,1091.84,13654.68
SL-0010824,STR-057,CAT-08,2023-09-01,2023,9,1341,819,37649.9,26465.6,1592.32,11184.3
SL-0010825,STR-057,CAT-01,2023-10-01,2023,10,2062,1199,37509.83,22163.6,2044.15,15346.23
SL-0010826,STR-057,CAT-02,2023-10-01,2023,10,899,481,32957.26,27183.4,1682.38,5773.86
SL-0010827,STR-057,CAT-03,2023-10-01,2023,10,864,474,35721.99,20444.81,2056.86,15277.18
SL-0010828,STR-057,CAT-04,2023-10-01,2023,10,1889,758,44587.45,30602.69,2136.18,13984.76
SL-0010829,STR-057,CAT-05,2023-10-01,2023,10,1131,762,30388.03,13594.6,1178.41,16793.43
SL-0010830,STR-057,CAT-06,2023-10-01,2023,10,675,417,22132.91,17411.44,965.74,4721.47
SL-0010831,STR-057,CAT-07,2023-10-01,2023,10,1260,754,47874.13,29438.03,1535.06,18436.1
SL-0010832,STR-057,CAT-08,2023-10-01,2023,10,1772,972,38969.24,27782.72,1872.52,11186.52
SL-0010833,STR-057,CAT-01,2023-11-01,2023,11,2186,1519,36743.97,21484.99,1269.95,15258.98
SL-0010834,STR-057,CAT-02,2023-11-01,2023,11,1491,812,43728.94,35650.65,2615.58,8078.29
SL-0010835,STR-057,CAT-03,2023-11-01,2023,11,1568,989,38970.29,24018.05,974.77,14952.24
SL-0010836,STR-057,CAT-04,2023-11-01,2023,11,886,486,27477.02,17735.21,1534.68,9741.81
SL-0010837,STR-057,CAT-05,2023-11-01,2023,11,1501,841,55003.26,24185.33,1624.01,30817.93
SL-0010838,STR-057,CAT-06,2023-11-01,2023,11,1415,592,43503.17,34552.74,500.77,8950.43
SL-0010839,STR-057,CAT-07,2023-11-01,2023,11,2130,1422,81291.04,51415.44,1523.65,29875.6
SL-0010840,STR-057,CAT-08,2023-11-01,2023,11,4129,2326,48998.27,34037.15,1268.14,14961.12
SL-0010841,STR-057,CAT-01,2023-12-01,2023,12,2436,1045,59833.66,34993.5,809.0,24840.16
SL-0010842,STR-057,CAT-02,2023-12-01,2023,12,16189,8449,75344.29,64887.43,3850.87,10456.86
SL-0010843,STR-057,CAT-03,2023-12-01,2023,12,2491,1453,58916.07,36917.6,2760.95,21998.47
SL-0010844,STR-057,CAT-04,2023-12-01,2023,12,660,390,22637.84,15620.93,1291.96,7016.91
SL-0010845,STR-057,CAT-05,2023-12-01,2023,12,2079,1058,67332.73,31424.46,1645.25,35908.27
SL-0010846,STR-057,CAT-06,2023-12-01,2023,12,1476,964,55716.57,44043.11,2802.23,11673.46
SL-0010847,STR-057,CAT-07,2023-12-01,2023,12,3663,2092,96963.58,57389.5,5513.29,39574.08
SL-0010848,STR-057,CAT-08,2023-12-01,2023,12,5429,2530,40216.87,28201.2,1967.1,12015.67
SL-0010849,STR-057,CAT-01,2024-01-01,2024,1,1197,759,33449.86,18550.13,1641.45,14899.73
SL-0010850,STR-057,CAT-02,2024-01-01,2024,1,583,325,19811.54,16338.95,830.75,3472.59
SL-0010851,STR-057,CAT-03,2024-01-01,2024,1,1278,724,37230.5,23099.24,1697.1,14131.26
SL-0010852,STR-057,CAT-04,2024-01-01,2024,1,1020,444,29395.32,17972.5,992.81,11422.82
SL-0010853,STR-057,CAT-05,2024-01-01,2024,1,882,417,37348.83,17242.9,1680.46,20105.93
SL-0010854,STR-057,CAT-06,2024-01-01,2024,1,1141,430,21928.32,16846.38,815.06,5081.94
SL-0010855,STR-057,CAT-07,2024-01-01,2024,1,974,662,20304.86,12090.74,1211.25,8214.12
SL-0010856,STR-057,CAT-08,2024-01-01,2024,1,2307,1386,45565.98,32816.71,1203.46,12749.27
SL-0010857,STR-057,CAT-01,2024-02-01,2024,2,1396,795,34754.01,20312.23,881.85,14441.78
SL-0010858,STR-057,CAT-02,2024-02-01,2024,2,861,446,22179.69,18373.42,456.22,3806.27
SL-0010859,STR-057,CAT-03,2024-02-01,2024,2,873,431,26717.84,17176.48,1305.7,9541.36
SL-0010860,STR-057,CAT-04,2024-02-01,2024,2,1295,708,26969.86,17580.09,863.12,9389.77
SL-0010861,STR-057,CAT-05,2024-02-01,2024,2,1616,905,21984.41,10215.35,1123.29,11769.06
SL-0010862,STR-057,CAT-06,2024-02-01,2024,2,646,413,18890.25,14398.91,342.71,4491.34
SL-0010863,STR-057,CAT-07,2024-02-01,2024,2,345,156,10852.53,6205.56,262.31,4646.97
SL-0010864,STR-057,CAT-08,2024-02-01,2024,2,821,499,22953.85,16320.14,408.82,6633.71
SL-0010865,STR-057,CAT-01,2024-03-01,2024,3,1685,1144,37197.85,22404.01,1657.83,14793.84
SL-0010866,STR-057,CAT-02,2024-03-01,2024,3,1002,629,29709.7,23770.43,784.72,5939.27
SL-0010867,STR-057,CAT-03,2024-03-01,2024,3,2127,1978,49445.47,29025.95,1627.74,20419.52
SL-0010868,STR-057,CAT-04,2024-03-01,2024,3,920,518,27952.87,18364.65,1651.08,9588.22
SL-0010869,STR-057,CAT-05,2024-03-01,2024,3,1155,785,45443.58,20928.8,570.45,24514.78
SL-0010870,STR-057,CAT-06,2024-03-01,2024,3,869,487,21854.13,16555.63,916.42,5298.5
SL-0010871,STR-057,CAT-07,2024-03-01,2024,3,1600,687,38462.72,23569.64,2060.54,14893.08
SL-0010872,STR-057,CAT-08,2024-03-01,2024,3,735,384,23708.79,17226.34,910.52,6482.45
SL-0010873,STR-057,CAT-01,2024-04-01,2024,4,1568,864,28206.95,15223.74,426.29,12983.21
SL-0010874,STR-057,CAT-02,2024-04-01,2024,4,934,474,32769.83,27022.82,1476.39,5747.01
SL-0010875,STR-057,CAT-03,2024-04-01,2024,4,1129,573,46785.3,30086.67,2484.33,16698.63
SL-0010876,STR-057,CAT-04,2024-04-01,2024,4,998,486,38659.04,25950.24,2147.49,12708.8
SL-0010877,STR-057,CAT-05,2024-04-01,2024,4,640,294,23046.87,10497.22,1060.38,12549.65
SL-0010878,STR-057,CAT-06,2024-04-01,2024,4,931,736,29662.03,22488.64,1423.17,7173.39
SL-0010879,STR-057,CAT-07,2024-04-01,2024,4,941,549,26075.6,14832.16,654.76,11243.44
SL-0010880,STR-057,CAT-08,2024-04-01,2024,4,1611,994,33877.68,22889.39,1768.58,10988.29
SL-0010881,STR-057,CAT-01,2024-05-01,2024,5,1150,780,35154.4,19467.17,517.72,15687.23
SL-0010882,STR-057,CAT-02,2024-05-01,2024,5,865,459,29394.55,23908.13,1434.89,5486.42
SL-0010883,STR-057,CAT-03,2024-05-01,2024,5,1325,1015,50001.09,30193.22,999.16,19807.87
SL-0010884,STR-057,CAT-04,2024-05-01,2024,5,1167,774,41688.1,27357.74,976.71,14330.36
SL-0010885,STR-057,CAT-05,2024-05-01,2024,5,1607,1108,35026.07,16097.93,514.35,18928.14
SL-0010886,STR-057,CAT-06,2024-05-01,2024,5,782,447,28343.78,21512.04,865.35,6831.74
SL-0010887,STR-057,CAT-07,2024-05-01,2024,5,1266,907,33358.47,19683.89,1887.27,13674.58
SL-0010888,STR-057,CAT-08,2024-05-01,2024,5,2744,1475,35228.8,25201.69,870.26,10027.11
SL-0010889,STR-057,CAT-01,2024-06-01,2024,6,2717,1385,39817.71,23735.22,2374.3,16082.49
SL-0010890,STR-057,CAT-02,2024-06-01,2024,6,472,197,17787.94,14020.16,477.52,3767.78
SL-0010891,STR-057,CAT-03,2024-06-01,2024,6,1661,962,45396.75,28059.86,2318.57,17336.89
SL-0010892,STR-057,CAT-04,2024-06-01,2024,6,1129,566,41121.06,25952.69,1624.18,15168.37
SL-0010893,STR-057,CAT-05,2024-06-01,2024,6,1358,662,27509.82,12637.58,1432.73,14872.24
SL-0010894,STR-057,CAT-06,2024-06-01,2024,6,1580,839,43502.01,35202.36,1804.57,8299.65
SL-0010895,STR-057,CAT-07,2024-06-01,2024,6,1953,927,31005.91,19131.03,1616.11,11874.88
SL-0010896,STR-057,CAT-08,2024-06-01,2024,6,2010,1247,35159.41,24699.52,1015.14,10459.89
SL-0010897,STR-057,CAT-01,2024-07-01,2024,7,1524,698,47089.14,27456.03,967.54,19633.11
SL-0010898,STR-057,CAT-02,2024-07-01,2024,7,1978,1129,31269.9,24862.15,1033.23,6407.75
SL-0010899,STR-057,CAT-03,2024-07-01,2024,7,1101,547,34360.23,20939.45,369.46,13420.78
SL-0010900,STR-057,CAT-04,2024-07-01,2024,7,1460,745,51867.04,34645.68,941.81,17221.36
SL-0010901,STR-057,CAT-05,2024-07-01,2024,7,1542,772,43315.89,19500.0,885.09,23815.89
SL-0010902,STR-057,CAT-06,2024-07-01,2024,7,2599,1502,62745.7,48555.86,1028.44,14189.84
SL-0010903,STR-057,CAT-07,2024-07-01,2024,7,985,637,31403.7,19177.36,1077.61,12226.34
SL-0010904,STR-057,CAT-08,2024-07-01,2024,7,2337,2044,52591.28,36675.24,2824.0,15916.04
SL-0010905,STR-057,CAT-01,2024-08-01,2024,8,1567,741,23506.25,13344.64,1270.85,10161.61
SL-0010906,STR-057,CAT-02,2024-08-01,2024,8,892,475,29123.16,23085.22,1381.3,6037.94
SL-0010907,STR-057,CAT-03,2024-08-01,2024,8,715,353,29122.19,17967.3,437.63,11154.89
SL-0010908,STR-057,CAT-04,2024-08-01,2024,8,953,438,33540.1,22122.38,1141.48,11417.72
SL-0010909,STR-057,CAT-05,2024-08-01,2024,8,1084,564,35128.15,15705.03,2035.44,19423.12
SL-0010910,STR-057,CAT-06,2024-08-01,2024,8,1697,735,23526.64,18802.09,487.85,4724.55
SL-0010911,STR-057,CAT-07,2024-08-01,2024,8,491,206,20698.59,12607.19,1020.65,8091.4
SL-0010912,STR-057,CAT-08,2024-08-01,2024,8,1517,900,37147.15,27240.15,1291.42,9907.0
SL-0010913,STR-057,CAT-01,2024-09-01,2024,9,2662,1709,36313.8,20271.23,770.37,16042.57
SL-0010914,STR-057,CAT-02,2024-09-01,2024,9,487,295,18096.84,14641.19,299.02,3455.65
SL-0010915,STR-057,CAT-03,2024-09-01,2024,9,1818,961,55037.25,32684.61,697.87,22352.64
SL-0010916,STR-057,CAT-04,2024-09-01,2024,9,896,388,22912.75,15388.03,238.46,7524.72
SL-0010917,STR-057,CAT-05,2024-09-01,2024,9,957,520,29534.97,13427.29,1352.41,16107.68
SL-0010918,STR-057,CAT-06,2024-09-01,2024,9,1092,509,40738.32,31032.98,1085.9,9705.34
SL-0010919,STR-057,CAT-07,2024-09-01,2024,9,1285,597,21465.81,13278.54,1147.22,8187.27
SL-0010920,STR-057,CAT-08,2024-09-01,2024,9,819,500,24597.59,16719.41,686.02,7878.18
SL-0010921,STR-057,CAT-01,2024-10-01,2024,10,1323,708,36024.92,21120.95,1337.46,14903.97
SL-0010922,STR-057,CAT-02,2024-10-01,2024,10,1870,1024,27531.74,22118.27,964.24,5413.47
SL-0010923,STR-057,CAT-03,2024-10-01,2024,10,1045,599,24443.7,14494.72,367.6,9948.98
SL-0010924,STR-057,CAT-04,2024-10-01,2024,10,2226,1359,20606.7,13786.82,470.67,6819.88
SL-0010925,STR-057,CAT-05,2024-10-01,2024,10,625,269,21768.85,9633.75,1231.16,12135.1
SL-0010926,STR-057,CAT-06,2024-10-01,2024,10,1000,613,25434.27,19668.76,428.07,5765.51
SL-0010927,STR-057,CAT-07,2024-10-01,2024,10,937,685,29864.01,17205.96,1523.37,12658.05
SL-0010928,STR-057,CAT-08,2024-10-01,2024,10,1102,595,36634.27,25071.51,1691.7,11562.76
SL-0010929,STR-057,CAT-01,2024-11-01,2024,11,1052,517,30935.96,16724.58,986.55,14211.38
SL-0010930,STR-057,CAT-02,2024-11-01,2024,11,811,458,34682.18,28253.79,1118.05,6428.39
SL-0010931,STR-057,CAT-03,2024-11-01,2024,11,1871,1165,34015.49,20975.48,1977.92,13040.01
SL-0010932,STR-057,CAT-04,2024-11-01,2024,11,1993,1058,22305.25,14520.56,993.64,7784.69
SL-0010933,STR-057,CAT-05,2024-11-01,2024,11,763,384,31010.75,14153.9,832.6,16856.85
SL-0010934,STR-057,CAT-06,2024-11-01,2024,11,1406,581,41687.96,30838.36,2080.13,10849.6
SL-0010935,STR-057,CAT-07,2024-11-01,2024,11,989,406,28490.98,17104.51,1443.26,11386.47
SL-0010936,STR-057,CAT-08,2024-11-01,2024,11,1389,875,40739.88,28900.64,1573.01,11839.24
SL-0010937,STR-057,CAT-01,2024-12-01,2024,12,1385,881,44340.13,25772.09,2214.61,18568.04
SL-0010938,STR-057,CAT-02,2024-12-01,2024,12,3323,1877,67441.52,56419.1,1444.41,11022.42
SL-0010939,STR-057,CAT-03,2024-12-01,2024,12,2740,1377,57532.96,37037.69,2751.2,20495.27
SL-0010940,STR-057,CAT-04,2024-12-01,2024,12,1121,524,30209.22,19948.9,1305.56,10260.32
SL-0010941,STR-057,CAT-05,2024-12-01,2024,12,7046,3841,81082.69,34153.57,3650.37,46929.12
SL-0010942,STR-057,CAT-06,2024-12-01,2024,12,1291,863,47192.97,36519.1,1272.51,10673.87
SL-0010943,STR-057,CAT-07,2024-12-01,2024,12,1792,811,77077.3,46999.92,3929.88,30077.38
SL-0010944,STR-057,CAT-08,2024-12-01,2024,12,2833,2270,70572.42,48653.73,1693.25,21918.69
SL-0010945,STR-058,CAT-01,2023-01-01,2023,1,873,694,22368.94,13136.88,801.73,9232.06
SL-0010946,STR-058,CAT-02,2023-01-01,2023,1,657,410,18955.14,14997.01,225.83,3958.13
SL-0010947,STR-058,CAT-03,2023-01-01,2023,1,569,266,18982.27,11892.97,821.61,7089.3
SL-0010948,STR-058,CAT-04,2023-01-01,2023,1,379,192,17458.06,11011.92,375.39,6446.14
SL-0010949,STR-058,CAT-05,2023-01-01,2023,1,623,353,18047.41,7769.35,381.62,10278.06
SL-0010950,STR-058,CAT-06,2023-01-01,2023,1,1637,1044,27166.24,21716.41,1358.31,5449.83
SL-0010951,STR-058,CAT-07,2023-01-01,2023,1,514,246,16243.14,9496.65,948.61,6746.49
SL-0010952,STR-058,CAT-08,2023-01-01,2023,1,3119,1717,29065.74,19795.23,786.85,9270.51
SL-0010953,STR-058,CAT-01,2023-02-01,2023,2,819,439,31076.08,17775.17,339.73,13300.91
SL-0010954,STR-058,CAT-02,2023-02-01,2023,2,529,289,15055.52,12165.68,465.77,2889.84
SL-0010955,STR-058,CAT-03,2023-02-01,2023,2,867,468,28730.85,17799.21,527.24,10931.64
SL-0010956,STR-058,CAT-04,2023-02-01,2023,2,930,497,25195.11,16765.27,1057.83,8429.84
SL-0010957,STR-058,CAT-05,2023-02-01,2023,2,574,297,19170.27,8959.08,510.6,10211.19
SL-0010958,STR-058,CAT-06,2023-02-01,2023,2,915,529,26546.45,20013.14,833.34,6533.31
SL-0010959,STR-058,CAT-07,2023-02-01,2023,2,709,480,15340.57,8826.74,608.25,6513.83
SL-0010960,STR-058,CAT-08,2023-02-01,2023,2,1131,717,29778.66,21169.96,1488.59,8608.7
SL-0010961,STR-058,CAT-01,2023-03-01,2023,3,561,325,17002.8,9453.3,1019.58,7549.5
SL-0010962,STR-058,CAT-02,2023-03-01,2023,3,804,452,14950.52,12168.95,208.11,2781.57
SL-0010963,STR-058,CAT-03,2023-03-01,2023,3,568,346,24283.4,14957.24,925.17,9326.16
SL-0010964,STR-058,CAT-04,2023-03-01,2023,3,731,344,20142.16,12802.75,587.8,7339.41
SL-0010965,STR-058,CAT-05,2023-03-01,2023,3,740,379,19033.44,8242.51,685.12,10790.93
SL-0010966,STR-058,CAT-06,2023-03-01,2023,3,582,353,13864.61,11435.7,212.49,2428.91
SL-0010967,STR-058,CAT-07,2023-03-01,2023,3,875,444,21135.1,12500.47,1032.96,8634.63
SL-0010968,STR-058,CAT-08,2023-03-01,2023,3,797,399,24635.83,17803.24,785.51,6832.59
SL-0010969,STR-058,CAT-01,2023-04-01,2023,4,472,336,15764.78,8887.91,257.26,6876.87
SL-0010970,STR-058,CAT-02,2023-04-01,2023,4,478,300,17494.14,14498.16,807.06,2995.98
SL-0010971,STR-058,CAT-03,2023-04-01,2023,4,962,490,18721.6,11834.19,509.24,6887.41
SL-0010972,STR-058,CAT-04,2023-04-01,2023,4,826,496,22827.63,14265.46,1301.52,8562.17
SL-0010973,STR-058,CAT-05,2023-04-01,2023,4,962,442,23292.78,10439.5,1136.5,12853.28
SL-0010974,STR-058,CAT-06,2023-04-01,2023,4,444,243,14442.16,11470.08,671.82,2972.08
SL-0010975,STR-058,CAT-07,2023-04-01,2023,4,323,181,10187.17,6086.1,365.51,4101.07
SL-0010976,STR-058,CAT-08,2023-04-01,2023,4,652,272,17510.74,12291.87,1048.01,5218.87
SL-0010977,STR-058,CAT-01,2023-05-01,2023,5,1145,621,38959.74,23895.33,1060.28,15064.41
SL-0010978,STR-058,CAT-02,2023-05-01,2023,5,896,531,25660.15,21290.65,1203.59,4369.5
SL-0010979,STR-058,CAT-03,2023-05-01,2023,5,1308,665,21614.59,13501.9,543.22,8112.69
SL-0010980,STR-058,CAT-04,2023-05-01,2023,5,893,538,29875.09,18873.88,1340.71,11001.21
SL-0010981,STR-058,CAT-05,2023-05-01,2023,5,938,422,37137.93,17285.85,1545.17,19852.08
SL-0010982,STR-058,CAT-06,2023-05-01,2023,5,1041,580,23073.4,17864.83,285.8,5208.57
SL-0010983,STR-058,CAT-07,2023-05-01,2023,5,770,357,20204.75,11142.67,825.55,9062.08
SL-0010984,STR-058,CAT-08,2023-05-01,2023,5,981,518,28288.1,18996.13,1572.18,9291.97
SL-0010985,STR-058,CAT-01,2023-06-01,2023,6,1930,1047,37520.75,22877.59,1302.19,14643.16
SL-0010986,STR-058,CAT-02,2023-06-01,2023,6,770,328,14477.88,11980.75,786.26,2497.13
SL-0010987,STR-058,CAT-03,2023-06-01,2023,6,613,305,20939.51,13168.91,761.63,7770.6
SL-0010988,STR-058,CAT-04,2023-06-01,2023,6,657,348,27478.07,17981.51,399.94,9496.56
SL-0010989,STR-058,CAT-05,2023-06-01,2023,6,900,374,17461.97,7568.42,772.59,9893.55
SL-0010990,STR-058,CAT-06,2023-06-01,2023,6,1090,521,29660.4,24508.82,427.69,5151.58
SL-0010991,STR-058,CAT-07,2023-06-01,2023,6,1049,670,30578.26,18580.5,1089.38,11997.76
SL-0010992,STR-058,CAT-08,2023-06-01,2023,6,1321,887,24101.34,16953.9,369.27,7147.44
SL-0010993,STR-058,CAT-01,2023-07-01,2023,7,577,260,26472.68,15666.76,1247.12,10805.92
SL-0010994,STR-058,CAT-02,2023-07-01,2023,7,551,458,21286.2,17888.44,1226.18,3397.76
SL-0010995,STR-058,CAT-03,2023-07-01,2023,7,921,417,29220.2,17684.9,1575.91,11535.3
SL-0010996,STR-058,CAT-04,2023-07-01,2023,7,1627,670,45462.19,29658.4,1926.59,15803.79
SL-0010997,STR-058,CAT-05,2023-07-01,2023,7,946,527,23799.88,10607.32,465.26,13192.56
SL-0010998,STR-058,CAT-06,2023-07-01,2023,7,1167,666,33259.79,25931.28,808.58,7328.51
SL-0010999,STR-058,CAT-07,2023-07-01,2023,7,763,436,19364.12,11256.08,215.24,8108.04
SL-0011000,STR-058,CAT-08,2023-07-01,2023,7,693,374,25116.56,17597.23,441.6,7519.33
SL-0011001,STR-058,CAT-01,2023-08-01,2023,8,1110,554,26460.9,15046.17,932.65,11414.73
SL-0011002,STR-058,CAT-02,2023-08-01,2023,8,523,341,23137.88,19088.96,328.74,4048.92
SL-0011003,STR-058,CAT-03,2023-08-01,2023,8,1081,678,20146.23,12433.56,1119.16,7712.67
SL-0011004,STR-058,CAT-04,2023-08-01,2023,8,550,452,17406.12,10928.13,329.26,6477.99
SL-0011005,STR-058,CAT-05,2023-08-01,2023,8,825,692,26893.54,11923.78,1352.5,14969.76
SL-0011006,STR-058,CAT-06,2023-08-01,2023,8,1357,800,38107.74,30390.82,907.88,7716.92
SL-0011007,STR-058,CAT-07,2023-08-01,2023,8,967,399,19990.71,11953.46,732.48,8037.25
SL-0011008,STR-058,CAT-08,2023-08-01,2023,8,589,362,27690.27,18937.19,1241.98,8753.08
SL-0011009,STR-058,CAT-01,2023-09-01,2023,9,1074,661,31403.96,17862.97,1556.94,13540.99
SL-0011010,STR-058,CAT-02,2023-09-01,2023,9,686,351,21231.38,17628.69,534.45,3602.69
SL-0011011,STR-058,CAT-03,2023-09-01,2023,9,1159,653,26551.71,16999.93,753.04,9551.78
SL-0011012,STR-058,CAT-04,2023-09-01,2023,9,1090,614,27136.09,17782.44,916.21,9353.65
SL-0011013,STR-058,CAT-05,2023-09-01,2023,9,436,177,18170.62,8241.22,403.65,9929.4
SL-0011014,STR-058,CAT-06,2023-09-01,2023,9,396,217,15600.25,12028.92,297.73,3571.33
SL-0011015,STR-058,CAT-07,2023-09-01,2023,9,482,308,17450.37,10483.35,509.38,6967.02
SL-0011016,STR-058,CAT-08,2023-09-01,2023,9,898,565,30171.34,20424.57,847.02,9746.77
SL-0011017,STR-058,CAT-01,2023-10-01,2023,10,958,470,39532.0,21202.09,1316.36,18329.91
SL-0011018,STR-058,CAT-02,2023-10-01,2023,10,844,1263,27996.62,22554.29,434.22,5442.33
SL-0011019,STR-058,CAT-03,2023-10-01,2023,10,1138,603,31191.36,19356.06,1517.8,11835.3
SL-0011020,STR-058,CAT-04,2023-10-01,2023,10,1861,1030,28329.21,18360.17,876.58,9969.04
SL-0011021,STR-058,CAT-05,2023-10-01,2023,10,833,440,32874.49,15078.82,1436.91,17795.67
SL-0011022,STR-058,CAT-06,2023-10-01,2023,10,765,620,25902.77,20274.73,837.58,5628.04
SL-0011023,STR-058,CAT-07,2023-10-01,2023,10,964,511,35642.57,22341.12,1490.02,13301.45
SL-0011024,STR-058,CAT-08,2023-10-01,2023,10,432,268,17956.33,12737.5,617.63,5218.83
SL-0011025,STR-058,CAT-01,2023-11-01,2023,11,1954,949,36212.86,21193.03,2096.93,15019.83
SL-0011026,STR-058,CAT-02,2023-11-01,2023,11,1233,617,42134.92,35694.53,1222.04,6440.39
SL-0011027,STR-058,CAT-03,2023-11-01,2023,11,980,571,26550.52,16389.92,854.73,10160.6
SL-0011028,STR-058,CAT-04,2023-11-01,2023,11,1225,566,32589.17,21788.7,1926.43,10800.47
SL-0011029,STR-058,CAT-05,2023-11-01,2023,11,1186,538,38860.97,17454.25,2107.5,21406.72
SL-0011030,STR-058,CAT-06,2023-11-01,2023,11,1770,1009,44203.54,36547.59,2617.82,7655.95
SL-0011031,STR-058,CAT-07,2023-11-01,2023,11,1748,900,51965.76,31630.38,2498.13,20335.38
SL-0011032,STR-058,CAT-08,2023-11-01,2023,11,662,393,20448.37,13240.16,366.22,7208.21
SL-0011033,STR-058,CAT-01,2023-12-01,2023,12,1143,741,35407.02,19093.77,1235.27,16313.25
SL-0011034,STR-058,CAT-02,2023-12-01,2023,12,1112,593,26687.79,21067.12,1596.63,5620.67
SL-0011035,STR-058,CAT-03,2023-12-01,2023,12,994,500,29226.12,17724.92,1525.96,11501.2
SL-0011036,STR-058,CAT-04,2023-12-01,2023,12,376,189,14915.19,9323.18,514.34,5592.01
SL-0011037,STR-058,CAT-05,2023-12-01,2023,12,1148,617,30350.39,13072.98,1345.07,17277.41
SL-0011038,STR-058,CAT-06,2023-12-01,2023,12,1430,1024,33800.25,25768.21,1600.61,8032.04
SL-0011039,STR-058,CAT-07,2023-12-01,2023,12,2052,1010,41843.01,25106.63,901.65,16736.38
SL-0011040,STR-058,CAT-08,2023-12-01,2023,12,3087,1966,25625.96,17566.31,1449.29,8059.65
SL-0011041,STR-058,CAT-01,2024-01-01,2024,1,1299,596,34747.01,20232.95,1098.42,14514.06
SL-0011042,STR-058,CAT-02,2024-01-01,2024,1,1392,587,36294.66,29795.19,1372.21,6499.47
SL-0011043,STR-058,CAT-03,2024-01-01,2024,1,983,554,22221.57,13755.5,1314.27,8466.07
SL-0011044,STR-058,CAT-04,2024-01-01,2024,1,763,339,27453.38,17868.74,818.96,9584.64
SL-0011045,STR-058,CAT-05,2024-01-01,2024,1,680,369,27773.66,11747.95,1588.27,16025.71
SL-0011046,STR-058,CAT-06,2024-01-01,2024,1,1697,849,35602.09,28365.07,1552.94,7237.02
SL-0011047,STR-058,CAT-07,2024-01-01,2024,1,363,188,14691.73,8219.59,310.67,6472.14
SL-0011048,STR-058,CAT-08,2024-01-01,2024,1,797,460,19502.72,14348.94,742.31,5153.78
SL-0011049,STR-058,CAT-01,2024-02-01,2024,2,490,309,16597.19,9800.11,740.68,6797.08
SL-0011050,STR-058,CAT-02,2024-02-01,2024,2,613,318,11349.26,8777.47,321.57,2571.79
SL-0011051,STR-058,CAT-03,2024-02-01,2024,2,630,382,21735.19,13436.43,771.07,8298.76
SL-0011052,STR-058,CAT-04,2024-02-01,2024,2,868,600,28159.93,18061.48,1098.48,10098.45
SL-0011053,STR-058,CAT-05,2024-02-01,2024,2,478,232,13798.28,5968.93,666.04,7829.35
SL-0011054,STR-058,CAT-06,2024-02-01,2024,2,1392,963,30382.85,22379.37,1547.41,8003.48
SL-0011055,STR-058,CAT-07,2024-02-01,2024,2,532,256,13361.08,7949.98,509.21,5411.1
SL-0011056,STR-058,CAT-08,2024-02-01,2024,2,338,246,11628.09,8735.89,179.02,2892.2
SL-0011057,STR-058,CAT-01,2024-03-01,2024,3,677,428,16739.85,9361.03,737.97,7378.82
SL-0011058,STR-058,CAT-02,2024-03-01,2024,3,417,214,14400.61,11983.86,380.23,2416.75
SL-0011059,STR-058,CAT-03,2024-03-01,2024,3,2503,1355,22018.22,14402.67,565.61,7615.55
SL-0011060,STR-058,CAT-04,2024-03-01,2024,3,2154,1144,12287.67,8265.53,333.92,4022.14
SL-0011061,STR-058,CAT-05,2024-03-01,2024,3,409,226,16018.14,6669.82,515.56,9348.32
SL-0011062,STR-058,CAT-06,2024-03-01,2024,3,978,592,17418.08,13023.46,414.07,4394.62
SL-0011063,STR-058,CAT-07,2024-03-01,2024,3,404,226,9337.3,5533.4,553.19,3803.9
SL-0011064,STR-058,CAT-08,2024-03-01,2024,3,331,136,11414.56,7700.32,679.9,3714.24
SL-0011065,STR-058,CAT-01,2024-04-01,2024,4,648,365,17463.43,10031.92,549.3,7431.51
SL-0011066,STR-058,CAT-02,2024-04-01,2024,4,736,337,25700.72,19234.35,727.0,6466.37
SL-0011067,STR-058,CAT-03,2024-04-01,2024,4,1148,667,26073.13,15887.17,271.69,10185.96
SL-0011068,STR-058,CAT-04,2024-04-01,2024,4,698,571,20733.49,13769.52,988.79,6963.97
SL-0011069,STR-058,CAT-05,2024-04-01,2024,4,936,558,30466.04,13937.3,928.32,16528.74
SL-0011070,STR-058,CAT-06,2024-04-01,2024,4,970,466,27146.87,21224.54,1461.8,5922.33
SL-0011071,STR-058,CAT-07,2024-04-01,2024,4,1353,1042,22818.58,13019.86,953.16,9798.72
SL-0011072,STR-058,CAT-08,2024-04-01,2024,4,508,289,16222.77,11652.01,785.52,4570.76
SL-0011073,STR-058,CAT-01,2024-05-01,2024,5,998,566,15387.64,8921.31,207.41,6466.33
SL-0011074,STR-058,CAT-02,2024-05-01,2024,5,1211,758,16353.22,13306.79,297.31,3046.43
SL-0011075,STR-058,CAT-03,2024-05-01,2024,5,1050,570,21917.04,12947.97,1291.07,8969.07
SL-0011076,STR-058,CAT-04,2024-05-01,2024,5,784,532,23864.04,15708.24,1169.22,8155.8
SL-0011077,STR-058,CAT-05,2024-05-01,2024,5,1120,499,22466.34,9926.49,818.98,12539.85
SL-0011078,STR-058,CAT-06,2024-05-01,2024,5,777,368,18217.57,14379.45,230.98,3838.12
SL-0011079,STR-058,CAT-07,2024-05-01,2024,5,578,293,21311.23,12591.6,470.05,8719.63
SL-0011080,STR-058,CAT-08,2024-05-01,2024,5,635,389,22631.41,15497.92,621.99,7133.49
SL-0011081,STR-058,CAT-01,2024-06-01,2024,6,498,246,15052.21,8491.77,642.37,6560.44
SL-0011082,STR-058,CAT-02,2024-06-01,2024,6,567,260,14966.47,12284.32,583.0,2682.15
SL-0011083,STR-058,CAT-03,2024-06-01,2024,6,499,491,13253.94,7973.74,137.84,5280.2
SL-0011084,STR-058,CAT-04,2024-06-01,2024,6,541,377,12694.89,8470.52,330.52,4224.37
SL-0011085,STR-058,CAT-05,2024-06-01,2024,6,613,429,20348.08,8837.97,708.2,11510.11
SL-0011086,STR-058,CAT-06,2024-06-01,2024,6,525,275,21150.04,16572.95,1241.51,4577.09
SL-0011087,STR-058,CAT-07,2024-06-01,2024,6,526,321,20682.37,13318.6,1100.11,7363.77
SL-0011088,STR-058,CAT-08,2024-06-01,2024,6,730,464,17807.2,12321.23,621.34,5485.97
SL-0011089,STR-058,CAT-01,2024-07-01,2024,7,1297,715,29658.55,16676.56,1620.45,12981.99
SL-0011090,STR-058,CAT-02,2024-07-01,2024,7,949,730,20971.72,16939.17,544.59,4032.55
SL-0011091,STR-058,CAT-03,2024-07-01,2024,7,591,389,17059.92,10537.06,266.57,6522.86
SL-0011092,STR-058,CAT-04,2024-07-01,2024,7,652,245,19456.92,12553.0,721.86,6903.92
SL-0011093,STR-058,CAT-05,2024-07-01,2024,7,777,533,26213.23,12140.32,857.9,14072.91
SL-0011094,STR-058,CAT-06,2024-07-01,2024,7,840,395,26930.93,20642.46,1190.26,6288.47
SL-0011095,STR-058,CAT-07,2024-07-01,2024,7,1333,585,18581.73,10712.28,403.61,7869.45
SL-0011096,STR-058,CAT-08,2024-07-01,2024,7,788,466,25199.45,17466.55,1328.15,7732.9
SL-0011097,STR-058,CAT-01,2024-08-01,2024,8,989,407,31670.51,18424.99,1116.22,13245.52
SL-0011098,STR-058,CAT-02,2024-08-01,2024,8,519,307,11997.02,9413.6,243.4,2583.42
SL-0011099,STR-058,CAT-03,2024-08-01,2024,8,573,237,18999.23,11805.02,1050.53,7194.21
SL-0011100,STR-058,CAT-04,2024-08-01,2024,8,836,484,25928.76,16796.72,1459.83,9132.04
SL-0011101,STR-058,CAT-05,2024-08-01,2024,8,827,631,23943.68,10457.81,484.77,13485.87
SL-0011102,STR-058,CAT-06,2024-08-01,2024,8,965,623,26661.03,21144.64,1261.33,5516.39
SL-0011103,STR-058,CAT-07,2024-08-01,2024,8,567,370,23736.49,13702.09,446.76,10034.4
SL-0011104,STR-058,CAT-08,2024-08-01,2024,8,670,314,26060.45,18709.94,1237.89,7350.51
SL-0011105,STR-058,CAT-01,2024-09-01,2024,9,934,421,26303.3,14705.79,813.75,11597.51
SL-0011106,STR-058,CAT-02,2024-09-01,2024,9,657,282,19819.11,15383.7,1076.24,4435.41
SL-0011107,STR-058,CAT-03,2024-09-01,2024,9,770,432,20443.09,12319.8,1107.83,8123.29
SL-0011108,STR-058,CAT-04,2024-09-01,2024,9,2185,1190,31597.72,19829.66,1209.97,11768.06
SL-0011109,STR-058,CAT-05,2024-09-01,2024,9,667,393,22872.33,9919.95,620.08,12952.38
SL-0011110,STR-058,CAT-06,2024-09-01,2024,9,813,411,15565.56,11838.91,221.81,3726.65
SL-0011111,STR-058,CAT-07,2024-09-01,2024,9,1019,558,21597.84,12714.43,582.96,8883.41
SL-0011112,STR-058,CAT-08,2024-09-01,2024,9,1207,888,33641.13,23706.57,1917.4,9934.56
SL-0011113,STR-058,CAT-01,2024-10-01,2024,10,1098,604,33280.21,20715.42,1725.5,12564.79
SL-0011114,STR-058,CAT-02,2024-10-01,2024,10,875,468,23216.51,18402.37,943.48,4814.14
SL-0011115,STR-058,CAT-03,2024-10-01,2024,10,596,315,27866.04,17117.99,1024.45,10748.05
SL-0011116,STR-058,CAT-04,2024-10-01,2024,10,1284,728,20478.74,13850.64,540.99,6628.1
SL-0011117,STR-058,CAT-05,2024-10-01,2024,10,1107,758,31839.53,13235.73,1180.0,18603.8
SL-0011118,STR-058,CAT-06,2024-10-01,2024,10,1012,575,26936.54,21020.79,1387.47,5915.75
SL-0011119,STR-058,CAT-07,2024-10-01,2024,10,4211,2260,39815.89,22012.54,750.3,17803.35
SL-0011120,STR-058,CAT-08,2024-10-01,2024,10,731,399,19811.3,13205.59,832.55,6605.71
SL-0011121,STR-058,CAT-01,2024-11-01,2024,11,1247,762,41670.44,24018.06,2054.99,17652.38
SL-0011122,STR-058,CAT-02,2024-11-01,2024,11,1212,1109,26756.15,22368.31,593.72,4387.84
SL-0011123,STR-058,CAT-03,2024-11-01,2024,11,696,311,28278.76,17734.75,368.05,10544.01
SL-0011124,STR-058,CAT-04,2024-11-01,2024,11,308,131,11641.09,7697.0,251.81,3944.09
SL-0011125,STR-058,CAT-05,2024-11-01,2024,11,724,333,19565.95,8891.36,1168.31,10674.59
SL-0011126,STR-058,CAT-06,2024-11-01,2024,11,762,379,31268.13,24365.15,612.49,6902.98
SL-0011127,STR-058,CAT-07,2024-11-01,2024,11,1249,700,38120.18,22277.31,1331.21,15842.87
SL-0011128,STR-058,CAT-08,2024-11-01,2024,11,684,370,25311.97,18539.13,1141.89,6772.84
SL-0011129,STR-058,CAT-01,2024-12-01,2024,12,920,464,22512.99,12838.47,454.97,9674.52
SL-0011130,STR-058,CAT-02,2024-12-01,2024,12,1532,677,38843.44,30893.15,1207.27,7950.29
SL-0011131,STR-058,CAT-03,2024-12-01,2024,12,1352,732,17046.36,10650.33,611.41,6396.03
SL-0011132,STR-058,CAT-04,2024-12-01,2024,12,479,214,16944.17,10898.22,933.31,6045.95
SL-0011133,STR-058,CAT-05,2024-12-01,2024,12,1245,728,36055.34,16489.01,1550.73,19566.33
SL-0011134,STR-058,CAT-06,2024-12-01,2024,12,422,248,19416.71,15546.61,758.77,3870.1
SL-0011135,STR-058,CAT-07,2024-12-01,2024,12,3187,2132,36161.85,21088.73,442.72,15073.12
SL-0011136,STR-058,CAT-08,2024-12-01,2024,12,948,405,23191.45,16597.99,849.22,6593.46
SL-0011137,STR-059,CAT-01,2023-01-01,2023,1,346,166,13322.32,8192.01,757.27,5130.31
SL-0011138,STR-059,CAT-02,2023-01-01,2023,1,494,236,12862.84,10748.09,534.72,2114.75
SL-0011139,STR-059,CAT-03,2023-01-01,2023,1,417,244,13083.03,8213.42,188.32,4869.61
SL-0011140,STR-059,CAT-04,2023-01-01,2023,1,358,249,13799.16,9076.67,705.51,4722.49
SL-0011141,STR-059,CAT-05,2023-01-01,2023,1,400,240,12869.27,5647.08,748.53,7222.19
SL-0011142,STR-059,CAT-06,2023-01-01,2023,1,399,305,15787.34,12491.17,583.78,3296.17
SL-0011143,STR-059,CAT-07,2023-01-01,2023,1,263,148,10311.02,6219.75,275.43,4091.27
SL-0011144,STR-059,CAT-08,2023-01-01,2023,1,340,164,13119.95,9258.14,453.74,3861.81
SL-0011145,STR-059,CAT-01,2023-02-01,2023,2,389,211,10466.29,5860.26,390.2,4606.03
SL-0011146,STR-059,CAT-02,2023-02-01,2023,2,259,239,10019.32,7840.53,222.51,2178.79
SL-0011147,STR-059,CAT-03,2023-02-01,2023,2,513,225,10172.18,5901.12,549.97,4271.06
SL-0011148,STR-059,CAT-04,2023-02-01,2023,2,495,326,13688.86,9293.35,397.77,4395.51
SL-0011149,STR-059,CAT-05,2023-02-01,2023,2,247,124,9510.12,4283.22,183.91,5226.9
SL-0011150,STR-059,CAT-06,2023-02-01,2023,2,681,278,16811.71,12625.69,923.37,4186.02
SL-0011151,STR-059,CAT-07,2023-02-01,2023,2,365,186,11255.55,6636.02,539.07,4619.53
SL-0011152,STR-059,CAT-08,2023-02-01,2023,2,345,203,8670.19,6193.37,500.87,2476.82
SL-0011153,STR-059,CAT-01,2023-03-01,2023,3,611,302,18335.96,10764.6,923.77,7571.36
SL-0011154,STR-059,CAT-02,2023-03-01,2023,3,355,166,9195.34,7391.74,95.19,1803.6
SL-0011155,STR-059,CAT-03,2023-03-01,2023,3,489,262,15876.32,9970.56,386.94,5905.76
SL-0011156,STR-059,CAT-04,2023-03-01,2023,3,421,205,10487.51,6900.96,365.49,3586.55
SL-0011157,STR-059,CAT-05,2023-03-01,2023,3,697,275,15286.22,7204.5,207.69,8081.72
SL-0011158,STR-059,CAT-06,2023-03-01,2023,3,420,285,14057.79,10976.23,709.36,3081.56
SL-0011159,STR-059,CAT-07,2023-03-01,2023,3,360,265,12271.31,7518.82,146.94,4752.49
SL-0011160,STR-059,CAT-08,2023-03-01,2023,3,678,401,16375.72,11033.43,780.27,5342.29
SL-0011161,STR-059,CAT-01,2023-04-01,2023,4,799,350,18305.94,10222.39,991.37,8083.55
SL-0011162,STR-059,CAT-02,2023-04-01,2023,4,502,254,13370.03,10745.43,482.91,2624.6
SL-0011163,STR-059,CAT-03,2023-04-01,2023,4,681,442,13335.52,8148.3,171.33,5187.22
SL-0011164,STR-059,CAT-04,2023-04-01,2023,4,664,440,17042.29,11483.04,532.83,5559.25
SL-0011165,STR-059,CAT-05,2023-04-01,2023,4,533,270,12726.26,5707.99,580.41,7018.27
SL-0011166,STR-059,CAT-06,2023-04-01,2023,4,602,314,13386.11,10236.02,429.56,3150.09
SL-0011167,STR-059,CAT-07,2023-04-01,2023,4,705,577,15873.34,9978.73,686.11,5894.61
SL-0011168,STR-059,CAT-08,2023-04-01,2023,4,715,376,13545.57,9217.07,433.55,4328.5
SL-0011169,STR-059,CAT-01,2023-05-01,2023,5,1159,566,24301.49,14576.92,376.77,9724.57
SL-0011170,STR-059,CAT-02,2023-05-01,2023,5,498,289,12606.78,10335.67,136.03,2271.11
SL-0011171,STR-059,CAT-03,2023-05-01,2023,5,874,543,29807.46,19493.69,949.77,10313.77
SL-0011172,STR-059,CAT-04,2023-05-01,2023,5,535,246,24640.83,15726.31,747.52,8914.52
SL-0011173,STR-059,CAT-05,2023-05-01,2023,5,1564,686,22329.52,10296.48,793.63,12033.04
SL-0011174,STR-059,CAT-06,2023-05-01,2023,5,915,670,21841.91,16878.44,666.67,4963.47
SL-0011175,STR-059,CAT-07,2023-05-01,2023,5,629,311,19244.67,11965.37,957.93,7279.3
SL-0011176,STR-059,CAT-08,2023-05-01,2023,5,498,237,17507.78,12249.77,728.36,5258.01
SL-0011177,STR-059,CAT-01,2023-06-01,2023,6,1017,569,17884.49,10437.56,1003.57,7446.93
SL-0011178,STR-059,CAT-02,2023-06-01,2023,6,446,335,11275.48,9282.24,112.95,1993.24
SL-0011179,STR-059,CAT-03,2023-06-01,2023,6,381,193,12916.08,8076.31,407.97,4839.77
SL-0011180,STR-059,CAT-04,2023-06-01,2023,6,483,358,23377.41,15384.76,368.48,7992.65
SL-0011181,STR-059,CAT-05,2023-06-01,2023,6,478,246,21175.66,9069.51,1168.88,12106.15
SL-0011182,STR-059,CAT-06,2023-06-01,2023,6,462,184,16323.54,12490.92,392.93,3832.62
SL-0011183,STR-059,CAT-07,2023-06-01,2023,6,548,432,10238.94,5653.98,106.83,4584.96
SL-0011184,STR-059,CAT-08,2023-06-01,2023,6,529,356,15162.14,10824.29,723.72,4337.85
SL-0011185,STR-059,CAT-01,2023-07-01,2023,7,290,186,10482.55,5749.83,142.57,4732.72
SL-0011186,STR-059,CAT-02,2023-07-01,2023,7,439,195,10628.48,8517.86,235.83,2110.62
SL-0011187,STR-059,CAT-03,2023-07-01,2023,7,362,157,10476.57,6530.49,125.42,3946.08
SL-0011188,STR-059,CAT-04,2023-07-01,2023,7,685,300,19308.61,12614.33,505.86,6694.28
SL-0011189,STR-059,CAT-05,2023-07-01,2023,7,678,331,12550.63,5592.49,217.48,6958.14
SL-0011190,STR-059,CAT-06,2023-07-01,2023,7,608,510,15272.51,12193.77,286.94,3078.74
SL-0011191,STR-059,CAT-07,2023-07-01,2023,7,326,269,9758.91,5715.84,514.78,4043.07
SL-0011192,STR-059,CAT-08,2023-07-01,2023,7,414,174,9279.96,6588.39,171.18,2691.57
SL-0011193,STR-059,CAT-01,2023-08-01,2023,8,547,406,11980.22,6826.02,586.18,5154.2
SL-0011194,STR-059,CAT-02,2023-08-01,2023,8,460,197,17373.48,14143.1,647.01,3230.38
SL-0011195,STR-059,CAT-03,2023-08-01,2023,8,631,322,16301.09,9883.77,696.03,6417.32
SL-0011196,STR-059,CAT-04,2023-08-01,2023,8,538,267,19834.15,13279.92,1012.64,6554.23
SL-0011197,STR-059,CAT-05,2023-08-01,2023,8,471,321,12398.13,5457.34,227.78,6940.79
SL-0011198,STR-059,CAT-06,2023-08-01,2023,8,454,248,11321.36,8863.27,352.65,2458.09
SL-0011199,STR-059,CAT-07,2023-08-01,2023,8,356,185,12510.6,7571.58,497.71,4939.02
SL-0011200,STR-059,CAT-08,2023-08-01,2023,8,558,324,13136.43,9661.39,700.06,3475.04
SL-0011201,STR-059,CAT-01,2023-09-01,2023,9,646,297,14225.49,8329.03,711.91,5896.46
SL-0011202,STR-059,CAT-02,2023-09-01,2023,9,582,330,15318.36,13025.04,716.64,2293.32
SL-0011203,STR-059,CAT-03,2023-09-01,2023,9,720,316,16480.7,10153.06,277.6,6327.64
SL-0011204,STR-059,CAT-04,2023-09-01,2023,9,544,317,19770.32,13125.11,448.11,6645.21
SL-0011205,STR-059,CAT-05,2023-09-01,2023,9,431,244,12048.23,5472.21,171.33,6576.02
SL-0011206,STR-059,CAT-06,2023-09-01,2023,9,319,196,10245.01,7918.57,339.18,2326.44
SL-0011207,STR-059,CAT-07,2023-09-01,2023,9,885,460,19236.43,11527.07,1016.95,7709.36
SL-0011208,STR-059,CAT-08,2023-09-01,2023,9,566,310,18155.29,13613.23,1013.07,4542.06
SL-0011209,STR-059,CAT-01,2023-10-01,2023,10,978,517,25363.64,14491.18,955.68,10872.46
SL-0011210,STR-059,CAT-02,2023-10-01,2023,10,723,446,17214.44,13511.66,535.58,3702.78
SL-0011211,STR-059,CAT-03,2023-10-01,2023,10,573,239,19443.31,11467.53,1079.3,7975.78
SL-0011212,STR-059,CAT-04,2023-10-01,2023,10,407,234,16708.94,10907.81,311.62,5801.13
SL-0011213,STR-059,CAT-05,2023-10-01,2023,10,546,350,10567.4,4727.99,597.03,5839.41
SL-0011214,STR-059,CAT-06,2023-10-01,2023,10,693,420,16049.79,13211.53,392.93,2838.26
SL-0011215,STR-059,CAT-07,2023-10-01,2023,10,540,352,20335.76,11900.89,1132.07,8434.87
SL-0011216,STR-059,CAT-08,2023-10-01,2023,10,426,188,10332.1,7399.82,182.5,2932.28
SL-0011217,STR-059,CAT-01,2023-11-01,2023,11,1026,497,32889.88,19286.52,1280.12,13603.36
SL-0011218,STR-059,CAT-02,2023-11-01,2023,11,1429,819,35164.11,29607.67,1772.35,5556.44
SL-0011219,STR-059,CAT-03,2023-11-01,2023,11,1175,709,28415.35,17425.12,853.31,10990.23
SL-0011220,STR-059,CAT-04,2023-11-01,2023,11,620,327,13503.46,8949.47,707.91,4553.99
SL-0011221,STR-059,CAT-05,2023-11-01,2023,11,1623,1112,29314.63,13227.99,726.18,16086.64
SL-0011222,STR-059,CAT-06,2023-11-01,2023,11,760,412,15885.97,12447.6,607.71,3438.37
SL-0011223,STR-059,CAT-07,2023-11-01,2023,11,595,348,19702.44,11586.42,683.45,8116.02
SL-0011224,STR-059,CAT-08,2023-11-01,2023,11,643,540,23912.89,17220.34,744.33,6692.55
SL-0011225,STR-059,CAT-01,2023-12-01,2023,12,445,267,13498.74,8194.82,550.61,5303.92
SL-0011226,STR-059,CAT-02,2023-12-01,2023,12,376,250,11932.09,9825.23,542.93,2106.86
SL-0011227,STR-059,CAT-03,2023-12-01,2023,12,347,166,13140.11,8565.02,493.97,4575.09
SL-0011228,STR-059,CAT-04,2023-12-01,2023,12,232,138,4811.98,3155.05,100.74,1656.93
SL-0011229,STR-059,CAT-05,2023-12-01,2023,12,409,224,15589.25,7098.48,651.21,8490.77
SL-0011230,STR-059,CAT-06,2023-12-01,2023,12,631,352,19100.8,14375.3,937.15,4725.5
SL-0011231,STR-059,CAT-07,2023-12-01,2023,12,790,368,26145.51,15400.28,1567.51,10745.23
SL-0011232,STR-059,CAT-08,2023-12-01,2023,12,454,214,11140.09,7929.91,210.5,3210.18
SL-0011233,STR-059,CAT-01,2024-01-01,2024,1,258,151,8261.3,4689.42,157.21,3571.88
SL-0011234,STR-059,CAT-02,2024-01-01,2024,1,303,152,11545.51,9840.35,200.7,1705.16
SL-0011235,STR-059,CAT-03,2024-01-01,2024,1,475,264,11968.05,7467.85,172.57,4500.2
SL-0011236,STR-059,CAT-04,2024-01-01,2024,1,598,409,9345.03,6318.62,228.44,3026.41
SL-0011237,STR-059,CAT-05,2024-01-01,2024,1,662,387,13210.97,6076.21,534.59,7134.76
SL-0011238,STR-059,CAT-06,2024-01-01,2024,1,452,264,8545.77,6097.25,353.71,2448.52
SL-0011239,STR-059,CAT-07,2024-01-01,2024,1,272,152,7781.58,4771.52,170.46,3010.06
SL-0011240,STR-059,CAT-08,2024-01-01,2024,1,265,147,9241.73,6154.66,421.96,3087.07
SL-0011241,STR-059,CAT-01,2024-02-01,2024,2,696,411,13634.28,8254.94,491.3,5379.34
SL-0011242,STR-059,CAT-02,2024-02-01,2024,2,278,127,8844.76,7536.09,289.82,1308.67
SL-0011243,STR-059,CAT-03,2024-02-01,2024,2,339,247,12467.64,7875.2,704.86,4592.44
SL-0011244,STR-059,CAT-04,2024-02-01,2024,2,618,288,12827.79,8258.03,757.95,4569.76
SL-0011245,STR-059,CAT-05,2024-02-01,2024,2,574,263,14278.36,6519.63,148.66,7758.73
SL-0011246,STR-059,CAT-06,2024-02-01,2024,2,330,224,7793.14,5985.34,330.37,1807.8
SL-0011247,STR-059,CAT-07,2024-02-01,2024,2,564,406,7940.31,4757.22,385.58,3183.09
SL-0011248,STR-059,CAT-08,2024-02-01,2024,2,327,161,11905.77,8329.95,168.18,3575.82
SL-0011249,STR-059,CAT-01,2024-03-01,2024,3,286,182,8294.75,4867.99,450.47,3426.76
SL-0011250,STR-059,CAT-02,2024-03-01,2024,3,161,82,4087.77,3282.66,61.17,805.11
SL-0011251,STR-059,CAT-03,2024-03-01,2024,3,190,105,7539.22,4697.13,282.64,2842.09
SL-0011252,STR-059,CAT-04,2024-03-01,2024,3,156,96,7792.37,5008.77,263.72,2783.6
SL-0011253,STR-059,CAT-05,2024-03-01,2024,3,342,143,9224.86,4163.76,183.46,5061.1
SL-0011254,STR-059,CAT-06,2024-03-01,2024,3,436,248,9201.4,6535.77,285.64,2665.63
SL-0011255,STR-059,CAT-07,2024-03-01,2024,3,143,72,4154.27,2581.7,97.68,1572.57
SL-0011256,STR-059,CAT-08,2024-03-01,2024,3,279,139,11638.02,8022.81,288.94,3615.21
SL-0011257,STR-059,CAT-01,2024-04-01,2024,4,441,295,11296.71,6686.07,649.88,4610.64
SL-0011258,STR-059,CAT-02,2024-04-01,2024,4,604,330,15027.52,11802.24,446.27,3225.28
SL-0011259,STR-059,CAT-03,2024-04-01,2024,4,425,302,12803.94,8242.1,131.35,4561.84
SL-0011260,STR-059,CAT-04,2024-04-01,2024,4,362,204,12634.68,8893.9,304.88,3740.78
SL-0011261,STR-059,CAT-05,2024-04-01,2024,4,741,508,11617.56,5276.96,507.18,6340.6
SL-0011262,STR-059,CAT-06,2024-04-01,2024,4,452,289,15959.88,12337.61,806.63,3622.27
SL-0011263,STR-059,CAT-07,2024-04-01,2024,4,265,165,8118.73,4967.61,123.28,3151.12
SL-0011264,STR-059,CAT-08,2024-04-01,2024,4,395,191,9275.05,6475.64,148.47,2799.41
SL-0011265,STR-059,CAT-01,2024-05-01,2024,5,528,315,11716.24,6722.26,338.48,4993.98
SL-0011266,STR-059,CAT-02,2024-05-01,2024,5,300,151,10174.64,8310.55,203.98,1864.09
SL-0011267,STR-059,CAT-03,2024-05-01,2024,5,800,392,20081.6,12804.74,990.31,7276.86
SL-0011268,STR-059,CAT-04,2024-05-01,2024,5,771,561,28066.72,18500.0,1680.91,9566.72
SL-0011269,STR-059,CAT-05,2024-05-01,2024,5,579,236,19315.68,8679.17,418.56,10636.51
SL-0011270,STR-059,CAT-06,2024-05-01,2024,5,828,619,14397.25,10494.42,195.87,3902.83
SL-0011271,STR-059,CAT-07,2024-05-01,2024,5,236,84,9045.48,5404.76,137.49,3640.72
SL-0011272,STR-059,CAT-08,2024-05-01,2024,5,346,150,10357.04,7612.78,227.99,2744.26
SL-0011273,STR-059,CAT-01,2024-06-01,2024,6,542,315,11492.04,6684.24,393.28,4807.8
SL-0011274,STR-059,CAT-02,2024-06-01,2024,6,559,246,17260.71,13581.33,661.72,3679.38
SL-0011275,STR-059,CAT-03,2024-06-01,2024,6,283,139,13057.46,8451.99,149.67,4605.47
SL-0011276,STR-059,CAT-04,2024-06-01,2024,6,397,233,13832.44,9245.5,634.15,4586.94
SL-0011277,STR-059,CAT-05,2024-06-01,2024,6,490,270,13838.36,6448.89,622.16,7389.47
SL-0011278,STR-059,CAT-06,2024-06-01,2024,6,1434,1170,25469.11,20889.68,276.46,4579.43
SL-0011279,STR-059,CAT-07,2024-06-01,2024,6,579,286,19119.71,10809.4,547.14,8310.31
SL-0011280,STR-059,CAT-08,2024-06-01,2024,6,1001,562,12592.69,8795.28,239.77,3797.41
SL-0011281,STR-059,CAT-01,2024-07-01,2024,7,664,421,14492.01,8947.35,614.35,5544.66
SL-0011282,STR-059,CAT-02,2024-07-01,2024,7,345,188,13328.23,11550.28,260.21,1777.95
SL-0011283,STR-059,CAT-03,2024-07-01,2024,7,805,648,15481.6,9263.37,235.03,6218.23
SL-0011284,STR-059,CAT-04,2024-07-01,2024,7,352,227,12296.75,8103.94,252.25,4192.81
SL-0011285,STR-059,CAT-05,2024-07-01,2024,7,290,155,9222.31,3846.66,256.83,5375.65
SL-0011286,STR-059,CAT-06,2024-07-01,2024,7,581,373,18238.02,14262.73,451.81,3975.29
SL-0011287,STR-059,CAT-07,2024-07-01,2024,7,290,132,8938.95,5407.62,242.0,3531.33
SL-0011288,STR-059,CAT-08,2024-07-01,2024,7,260,146,9933.31,7034.49,203.77,2898.82
SL-0011289,STR-059,CAT-01,2024-08-01,2024,8,629,287,14624.88,8237.32,706.96,6387.56
SL-0011290,STR-059,CAT-02,2024-08-01,2024,8,411,156,11299.68,9211.65,319.24,2088.03
SL-0011291,STR-059,CAT-03,2024-08-01,2024,8,384,257,10170.77,6320.32,603.13,3850.45
SL-0011292,STR-059,CAT-04,2024-08-01,2024,8,388,197,12745.51,7826.14,500.59,4919.37
SL-0011293,STR-059,CAT-05,2024-08-01,2024,8,605,346,19247.05,8059.43,491.11,11187.62
SL-0011294,STR-059,CAT-06,2024-08-01,2024,8,524,275,17151.78,13528.77,803.59,3623.01
SL-0011295,STR-059,CAT-07,2024-08-01,2024,8,343,211,11121.42,6575.58,253.57,4545.84
SL-0011296,STR-059,CAT-08,2024-08-01,2024,8,825,589,17777.46,12596.42,790.79,5181.04
SL-0011297,STR-059,CAT-01,2024-09-01,2024,9,1297,688,22581.32,12633.43,771.84,9947.89
SL-0011298,STR-059,CAT-02,2024-09-01,2024,9,557,366,13611.17,11022.29,249.03,2588.88
SL-0011299,STR-059,CAT-03,2024-09-01,2024,9,523,263,16862.12,10934.75,608.28,5927.37
SL-0011300,STR-059,CAT-04,2024-09-01,2024,9,599,315,13865.53,8929.59,352.82,4935.94
SL-0011301,STR-059,CAT-05,2024-09-01,2024,9,314,216,10236.72,4728.07,549.19,5508.65
SL-0011302,STR-059,CAT-06,2024-09-01,2024,9,691,341,17294.77,13825.97,970.9,3468.8
SL-0011303,STR-059,CAT-07,2024-09-01,2024,9,641,412,11831.95,7405.85,187.44,4426.1
SL-0011304,STR-059,CAT-08,2024-09-01,2024,9,693,430,18062.84,12736.41,689.68,5326.43
SL-0011305,STR-059,CAT-01,2024-10-01,2024,10,6073,3483,22694.38,13140.51,788.36,9553.87
SL-0011306,STR-059,CAT-02,2024-10-01,2024,10,1039,628,21918.81,17867.97,1311.33,4050.84
SL-0011307,STR-059,CAT-03,2024-10-01,2024,10,639,325,15018.29,9807.33,406.94,5210.96
SL-0011308,STR-059,CAT-04,2024-10-01,2024,10,419,299,14416.37,9469.0,781.96,4947.37
SL-0011309,STR-059,CAT-05,2024-10-01,2024,10,823,414,8966.1,4123.35,306.53,4842.75
SL-0011310,STR-059,CAT-06,2024-10-01,2024,10,361,204,13164.4,10609.51,513.74,2554.89
SL-0011311,STR-059,CAT-07,2024-10-01,2024,10,620,350,15677.43,9285.83,311.67,6391.6
SL-0011312,STR-059,CAT-08,2024-10-01,2024,10,391,187,11051.25,7723.7,277.85,3327.55
SL-0011313,STR-059,CAT-01,2024-11-01,2024,11,412,272,11236.57,6431.32,190.83,4805.25
SL-0011314,STR-059,CAT-02,2024-11-01,2024,11,371,138,13841.84,11502.03,558.53,2339.81
SL-0011315,STR-059,CAT-03,2024-11-01,2024,11,415,179,15833.44,9748.31,377.48,6085.13
SL-0011316,STR-059,CAT-04,2024-11-01,2024,11,329,175,7182.48,4755.72,417.91,2426.76
SL-0011317,STR-059,CAT-05,2024-11-01,2024,11,673,358,19577.0,9111.2,1113.19,10465.8
SL-0011318,STR-059,CAT-06,2024-11-01,2024,11,359,221,10328.25,7777.44,168.35,2550.81
SL-0011319,STR-059,CAT-07,2024-11-01,2024,11,612,339,24462.21,14010.9,475.41,10451.31
SL-0011320,STR-059,CAT-08,2024-11-01,2024,11,387,228,14522.29,10280.35,447.9,4241.94
SL-0011321,STR-059,CAT-01,2024-12-01,2024,12,295,189,10986.7,6218.66,537.7,4768.04
SL-0011322,STR-059,CAT-02,2024-12-01,2024,12,1544,957,29673.43,24299.25,409.71,5374.18
SL-0011323,STR-059,CAT-03,2024-12-01,2024,12,343,214,12341.28,7901.38,392.52,4439.9
SL-0011324,STR-059,CAT-04,2024-12-01,2024,12,479,216,6600.12,4239.26,360.61,2360.86
SL-0011325,STR-059,CAT-05,2024-12-01,2024,12,876,732,22253.71,9843.22,766.07,12410.49
SL-0011326,STR-059,CAT-06,2024-12-01,2024,12,464,256,13837.78,10513.2,646.98,3324.58
SL-0011327,STR-059,CAT-07,2024-12-01,2024,12,1954,1333,34174.13,19279.83,1021.52,14894.3
SL-0011328,STR-059,CAT-08,2024-12-01,2024,12,476,325,15812.4,11169.19,859.74,4643.21
SL-0011329,STR-060,CAT-01,2023-01-01,2023,1,391,211,12984.67,7615.49,166.5,5369.18
SL-0011330,STR-060,CAT-02,2023-01-01,2023,1,273,141,6945.97,5453.04,149.55,1492.93
SL-0011331,STR-060,CAT-03,2023-01-01,2023,1,410,240,9792.75,5948.44,470.35,3844.31
SL-0011332,STR-060,CAT-04,2023-01-01,2023,1,406,312,12690.46,7622.94,159.28,5067.52
SL-0011333,STR-060,CAT-05,2023-01-01,2023,1,467,228,16016.65,7053.36,254.81,8963.29
SL-0011334,STR-060,CAT-06,2023-01-01,2023,1,371,225,12195.66,8619.69,673.59,3575.97
SL-0011335,STR-060,CAT-07,2023-01-01,2023,1,325,158,8657.47,5024.47,375.11,3633.0
SL-0011336,STR-060,CAT-08,2023-01-01,2023,1,339,205,8891.67,6491.33,282.15,2400.34
SL-0011337,STR-060,CAT-01,2023-02-01,2023,2,569,300,20767.72,11343.66,356.3,9424.06
SL-0011338,STR-060,CAT-02,2023-02-01,2023,2,463,213,9731.78,7903.8,227.73,1827.98
SL-0011339,STR-060,CAT-03,2023-02-01,2023,2,515,323,19653.99,11983.66,389.08,7670.33
SL-0011340,STR-060,CAT-04,2023-02-01,2023,2,537,300,18867.04,12254.56,800.3,6612.48
SL-0011341,STR-060,CAT-05,2023-02-01,2023,2,968,426,22369.72,9985.97,302.14,12383.75
SL-0011342,STR-060,CAT-06,2023-02-01,2023,2,527,234,16198.43,12505.7,250.61,3692.73
SL-0011343,STR-060,CAT-07,2023-02-01,2023,2,585,329,14122.22,8062.01,152.93,6060.21
SL-0011344,STR-060,CAT-08,2023-02-01,2023,2,452,224,11444.41,7927.89,369.28,3516.52
SL-0011345,STR-060,CAT-01,2023-03-01,2023,3,410,252,13417.14,7863.28,541.37,5553.86
SL-0011346,STR-060,CAT-02,2023-03-01,2023,3,655,385,9050.73,7196.8,506.93,1853.93
SL-0011347,STR-060,CAT-03,2023-03-01,2023,3,653,368,15904.51,9767.58,502.59,6136.93
SL-0011348,STR-060,CAT-04,2023-03-01,2023,3,619,329,24675.79,15733.78,1410.12,8942.01
SL-0011349,STR-060,CAT-05,2023-03-01,2023,3,345,180,10066.16,4318.68,552.86,5747.48
SL-0011350,STR-060,CAT-06,2023-03-01,2023,3,534,355,16835.28,12928.17,799.82,3907.11
SL-0011351,STR-060,CAT-07,2023-03-01,2023,3,263,113,8331.05,5018.26,274.36,3312.79
SL-0011352,STR-060,CAT-08,2023-03-01,2023,3,735,453,14551.72,10076.35,658.72,4475.37
SL-0011353,STR-060,CAT-01,2023-04-01,2023,4,810,560,17855.85,9531.99,253.76,8323.86
SL-0011354,STR-060,CAT-02,2023-04-01,2023,4,252,116,9286.56,7392.96,390.3,1893.6
SL-0011355,STR-060,CAT-03,2023-04-01,2023,4,238,149,7594.67,4723.59,272.87,2871.08
SL-0011356,STR-060,CAT-04,2023-04-01,2023,4,362,286,10404.76,6787.12,563.13,3617.64
SL-0011357,STR-060,CAT-05,2023-04-01,2023,4,313,201,10062.85,4484.47,273.23,5578.38
SL-0011358,STR-060,CAT-06,2023-04-01,2023,4,412,273,11308.15,8543.69,295.95,2764.46
SL-0011359,STR-060,CAT-07,2023-04-01,2023,4,296,252,7654.32,4544.93,123.96,3109.39
SL-0011360,STR-060,CAT-08,2023-04-01,2023,4,587,453,15877.99,10961.62,620.75,4916.37
SL-0011361,STR-060,CAT-01,2023-05-01,2023,5,391,216,20765.86,12126.86,616.6,8639.0
SL-0011362,STR-060,CAT-02,2023-05-01,2023,5,326,168,11303.01,9006.25,470.18,2296.76
SL-0011363,STR-060,CAT-03,2023-05-01,2023,5,683,373,20290.94,13089.19,1182.24,7201.75
SL-0011364,STR-060,CAT-04,2023-05-01,2023,5,2024,1298,27688.16,18052.86,501.47,9635.3
SL-0011365,STR-060,CAT-05,2023-05-01,2023,5,485,240,19189.96,8674.41,496.7,10515.55
SL-0011366,STR-060,CAT-06,2023-05-01,2023,5,736,452,15188.89,12196.64,431.91,2992.25
SL-0011367,STR-060,CAT-07,2023-05-01,2023,5,372,196,9943.72,6012.55,114.75,3931.17
SL-0011368,STR-060,CAT-08,2023-05-01,2023,5,405,214,12837.87,9137.58,502.55,3700.29
SL-0011369,STR-060,CAT-01,2023-06-01,2023,6,333,206,12316.67,7151.32,139.38,5165.35
SL-0011370,STR-060,CAT-02,2023-06-01,2023,6,685,345,10104.7,8334.05,418.67,1770.65
SL-0011371,STR-060,CAT-03,2023-06-01,2023,6,363,320,10641.97,6442.66,220.69,4199.31
SL-0011372,STR-060,CAT-04,2023-06-01,2023,6,520,292,17190.66,11533.32,250.06,5657.34
SL-0011373,STR-060,CAT-05,2023-06-01,2023,6,1620,1002,18566.61,8345.85,988.45,10220.76
SL-0011374,STR-060,CAT-06,2023-06-01,2023,6,360,257,12414.8,9619.28,247.82,2795.52
SL-0011375,STR-060,CAT-07,2023-06-01,2023,6,293,142,10858.29,6530.48,559.17,4327.81
SL-0011376,STR-060,CAT-08,2023-06-01,2023,6,504,350,14332.27,10539.52,147.57,3792.75
SL-0011377,STR-060,CAT-01,2023-07-01,2023,7,465,212,9897.14,5566.79,504.9,4330.35
SL-0011378,STR-060,CAT-02,2023-07-01,2023,7,280,136,7812.67,5995.67,430.88,1817.0
SL-0011379,STR-060,CAT-03,2023-07-01,2023,7,210,116,8411.74,5233.98,479.85,3177.76
SL-0011380,STR-060,CAT-04,2023-07-01,2023,7,342,166,8321.81,5152.77,145.98,3169.04
SL-0011381,STR-060,CAT-05,2023-07-01,2023,7,187,106,7889.76,3574.22,215.24,4315.54
SL-0011382,STR-060,CAT-06,2023-07-01,2023,7,348,207,13943.86,10928.52,653.39,3015.34
SL-0011383,STR-060,CAT-07,2023-07-01,2023,7,164,72,7206.09,4319.29,295.12,2886.8
SL-0011384,STR-060,CAT-08,2023-07-01,2023,7,369,191,7838.54,5344.7,264.74,2493.84
SL-0011385,STR-060,CAT-01,2023-08-01,2023,8,1071,586,17749.23,9982.24,1013.95,7766.99
SL-0011386,STR-060,CAT-02,2023-08-01,2023,8,535,326,11964.96,9686.41,326.11,2278.55
SL-0011387,STR-060,CAT-03,2023-08-01,2023,8,896,640,15781.67,9275.56,274.81,6506.11
SL-0011388,STR-060,CAT-04,2023-08-01,2023,8,292,179,9844.83,6422.92,486.79,3421.91
SL-0011389,STR-060,CAT-05,2023-08-01,2023,8,589,354,21174.73,9590.26,1268.55,11584.47
SL-0011390,STR-060,CAT-06,2023-08-01,2023,8,869,450,16306.2,12136.53,370.51,4169.67
SL-0011391,STR-060,CAT-07,2023-08-01,2023,8,1179,1002,14243.86,8859.63,628.13,5384.23
SL-0011392,STR-060,CAT-08,2023-08-01,2023,8,551,211,16133.17,11798.9,243.07,4334.27
SL-0011393,STR-060,CAT-01,2023-09-01,2023,9,356,205,8737.96,5083.18,456.53,3654.78
SL-0011394,STR-060,CAT-02,2023-09-01,2023,9,282,122,10448.74,8860.63,554.25,1588.11
SL-0011395,STR-060,CAT-03,2023-09-01,2023,9,2280,1003,18874.11,11570.43,1052.6,7303.68
SL-0011396,STR-060,CAT-04,2023-09-01,2023,9,481,233,10817.1,6845.3,416.59,3971.8
SL-0011397,STR-060,CAT-05,2023-09-01,2023,9,656,326,13124.3,5821.07,762.49,7303.23
SL-0011398,STR-060,CAT-06,2023-09-01,2023,9,590,268,12958.45,9923.43,241.68,3035.02
SL-0011399,STR-060,CAT-07,2023-09-01,2023,9,528,391,19348.85,11289.39,329.93,8059.46
SL-0011400,STR-060,CAT-08,2023-09-01,2023,9,624,333,18852.7,13089.31,597.28,5763.39
SL-0011401,STR-060,CAT-01,2023-10-01,2023,10,596,550,19245.64,11213.97,721.4,8031.67
SL-0011402,STR-060,CAT-02,2023-10-01,2023,10,1241,652,22110.72,18119.01,423.96,3991.71
SL-0011403,STR-060,CAT-03,2023-10-01,2023,10,438,268,13014.79,8090.13,438.92,4924.66
SL-0011404,STR-060,CAT-04,2023-10-01,2023,10,329,241,14017.59,9250.87,724.04,4766.72
SL-0011405,STR-060,CAT-05,2023-10-01,2023,10,216,124,10107.29,4442.03,568.33,5665.26
SL-0011406,STR-060,CAT-06,2023-10-01,2023,10,750,395,21065.46,15991.94,749.9,5073.52
SL-0011407,STR-060,CAT-07,2023-10-01,2023,10,1806,983,19878.91,12380.49,349.58,7498.42
SL-0011408,STR-060,CAT-08,2023-10-01,2023,10,566,331,12809.98,8634.09,135.0,4175.89
SL-0011409,STR-060,CAT-01,2023-11-01,2023,11,1000,511,21545.69,12766.44,872.5,8779.25
SL-0011410,STR-060,CAT-02,2023-11-01,2023,11,721,429,16587.95,13267.92,580.86,3320.03
SL-0011411,STR-060,CAT-03,2023-11-01,2023,11,788,399,21945.46,13766.32,1160.67,8179.14
SL-0011412,STR-060,CAT-04,2023-11-01,2023,11,677,288,14706.52,9543.14,628.49,5163.38
SL-0011413,STR-060,CAT-05,2023-11-01,2023,11,632,318,20650.75,8774.93,1064.36,11875.82
SL-0011414,STR-060,CAT-06,2023-11-01,2023,11,764,401,18479.23,14815.02,362.23,3664.21
SL-0011415,STR-060,CAT-07,2023-11-01,2023,11,801,482,20118.65,11942.66,795.52,8175.99
SL-0011416,STR-060,CAT-08,2023-11-01,2023,11,503,335,16420.03,11310.87,235.35,5109.16
SL-0011417,STR-060,CAT-01,2023-12-01,2023,12,785,376,23733.76,13359.66,459.16,10374.1
SL-0011418,STR-060,CAT-02,2023-12-01,2023,12,1407,683,20960.98,17952.39,813.14,3008.59
SL-0011419,STR-060,CAT-03,2023-12-01,2023,12,325,161,14955.83,9319.89,647.78,5635.94
SL-0011420,STR-060,CAT-04,2023-12-01,2023,12,648,400,12378.15,8168.4,257.94,4209.75
SL-0011421,STR-060,CAT-05,2023-12-01,2023,12,598,273,12802.69,5898.04,255.46,6904.65
SL-0011422,STR-060,CAT-06,2023-12-01,2023,12,752,382,21557.11,16117.86,899.85,5439.25
SL-0011423,STR-060,CAT-07,2023-12-01,2023,12,1288,546,24866.09,15192.43,1279.71,9673.66
SL-0011424,STR-060,CAT-08,2023-12-01,2023,12,912,601,16256.22,11756.58,850.52,4499.64
SL-0011425,STR-060,CAT-01,2024-01-01,2024,1,439,275,14688.2,8859.21,335.94,5828.99
SL-0011426,STR-060,CAT-02,2024-01-01,2024,1,485,253,12661.59,10128.47,136.05,2533.12
SL-0011427,STR-060,CAT-03,2024-01-01,2024,1,286,157,10450.85,6558.25,180.9,3892.6
SL-0011428,STR-060,CAT-04,2024-01-01,2024,1,595,288,10939.37,6849.92,522.64,4089.45
SL-0011429,STR-060,CAT-05,2024-01-01,2024,1,861,433,13001.62,6111.44,266.59,6890.18
SL-0011430,STR-060,CAT-06,2024-01-01,2024,1,875,489,19835.1,15230.93,654.61,4604.17
SL-0011431,STR-060,CAT-07,2024-01-01,2024,1,1016,580,10662.51,6187.04,630.08,4475.47
SL-0011432,STR-060,CAT-08,2024-01-01,2024,1,395,274,10165.4,7009.12,551.56,3156.28
SL-0011433,STR-060,CAT-01,2024-02-01,2024,2,516,285,15052.15,8738.15,736.98,6314.0
SL-0011434,STR-060,CAT-02,2024-02-01,2024,2,265,119,6684.54,5301.77,314.48,1382.77
SL-0011435,STR-060,CAT-03,2024-02-01,2024,2,810,425,15968.83,10151.81,588.55,5817.02
SL-0011436,STR-060,CAT-04,2024-02-01,2024,2,976,675,19144.63,12559.74,390.41,6584.89
SL-0011437,STR-060,CAT-05,2024-02-01,2024,2,634,407,14371.0,6533.17,367.54,7837.83
SL-0011438,STR-060,CAT-06,2024-02-01,2024,2,643,361,15739.39,11510.55,206.88,4228.84
SL-0011439,STR-060,CAT-07,2024-02-01,2024,2,391,269,11325.97,6542.84,393.33,4783.13
SL-0011440,STR-060,CAT-08,2024-02-01,2024,2,542,291,11550.67,7992.35,148.46,3558.32
SL-0011441,STR-060,CAT-01,2024-03-01,2024,3,319,210,11094.36,6784.83,455.25,4309.53
SL-0011442,STR-060,CAT-02,2024-03-01,2024,3,579,320,9568.09,7984.97,311.08,1583.12
SL-0011443,STR-060,CAT-03,2024-03-01,2024,3,309,232,8708.25,5342.56,155.25,3365.69
SL-0011444,STR-060,CAT-04,2024-03-01,2024,3,727,431,10525.78,6763.06,593.88,3762.72
SL-0011445,STR-060,CAT-05,2024-03-01,2024,3,1338,711,14126.97,6231.29,253.31,7895.68
SL-0011446,STR-060,CAT-06,2024-03-01,2024,3,487,275,17688.15,13922.22,373.11,3765.93
SL-0011447,STR-060,CAT-07,2024-03-01,2024,3,231,129,9603.3,5915.5,490.12,3687.8
SL-0011448,STR-060,CAT-08,2024-03-01,2024,3,362,205,12793.02,9025.02,456.24,3768.0
SL-0011449,STR-060,CAT-01,2024-04-01,2024,4,515,351,10476.85,6101.03,212.47,4375.82
SL-0011450,STR-060,CAT-02,2024-04-01,2024,4,521,284,10551.96,8417.57,178.96,2134.39
SL-0011451,STR-060,CAT-03,2024-04-01,2024,4,221,138,10325.29,6325.34,311.21,3999.95
SL-0011452,STR-060,CAT-04,2024-04-01,2024,4,510,286,11087.4,7339.23,527.13,3748.17
SL-0011453,STR-060,CAT-05,2024-04-01,2024,4,348,216,11847.42,5068.38,255.91,6779.04
SL-0011454,STR-060,CAT-06,2024-04-01,2024,4,253,133,12855.69,9698.3,724.87,3157.39
SL-0011455,STR-060,CAT-07,2024-04-01,2024,4,277,138,9834.74,5980.29,331.84,3854.45
SL-0011456,STR-060,CAT-08,2024-04-01,2024,4,314,166,6931.04,4830.71,173.4,2100.33
SL-0011457,STR-060,CAT-01,2024-05-01,2024,5,410,216,9853.24,5732.77,186.57,4120.47
SL-0011458,STR-060,CAT-02,2024-05-01,2024,5,389,245,9318.36,7595.28,145.36,1723.08
SL-0011459,STR-060,CAT-03,2024-05-01,2024,5,827,372,24556.8,14604.7,1451.14,9952.1
SL-0011460,STR-060,CAT-04,2024-05-01,2024,5,922,582,24273.78,15547.2,438.44,8726.58
SL-0011461,STR-060,CAT-05,2024-05-01,2024,5,694,292,16302.63,7482.79,427.89,8819.84
SL-0011462,STR-060,CAT-06,2024-05-01,2024,5,378,236,9780.96,7305.73,207.92,2475.23
SL-0011463,STR-060,CAT-07,2024-05-01,2024,5,481,347,11797.95,7066.45,424.57,4731.5
SL-0011464,STR-060,CAT-08,2024-05-01,2024,5,541,314,14506.32,10069.8,430.16,4436.52
SL-0011465,STR-060,CAT-01,2024-06-01,2024,6,404,239,14419.39,8239.4,323.5,6179.99
SL-0011466,STR-060,CAT-02,2024-06-01,2024,6,485,217,16309.92,13681.3,710.28,2628.62
SL-0011467,STR-060,CAT-03,2024-06-01,2024,6,348,223,10146.72,6139.83,424.26,4006.89
SL-0011468,STR-060,CAT-04,2024-06-01,2024,6,715,346,17350.75,11055.92,735.23,6294.83
SL-0011469,STR-060,CAT-05,2024-06-01,2024,6,758,404,15510.97,6713.94,797.35,8797.03
SL-0011470,STR-060,CAT-06,2024-06-01,2024,6,668,388,21864.72,16593.69,864.24,5271.03
SL-0011471,STR-060,CAT-07,2024-06-01,2024,6,648,289,13323.24,8242.31,751.57,5080.93
SL-0011472,STR-060,CAT-08,2024-06-01,2024,6,420,197,14107.25,9392.89,629.04,4714.36
SL-0011473,STR-060,CAT-01,2024-07-01,2024,7,457,215,13380.71,7912.34,463.09,5468.37
SL-0011474,STR-060,CAT-02,2024-07-01,2024,7,368,180,12521.77,10502.49,443.06,2019.28
SL-0011475,STR-060,CAT-03,2024-07-01,2024,7,347,197,9750.56,6352.56,450.37,3398.0
SL-0011476,STR-060,CAT-04,2024-07-01,2024,7,900,642,22169.81,14590.95,1109.22,7578.86
SL-0011477,STR-060,CAT-05,2024-07-01,2024,7,438,219,12670.17,5539.26,646.66,7130.91
SL-0011478,STR-060,CAT-06,2024-07-01,2024,7,701,308,21417.64,15845.3,251.93,5572.34
SL-0011479,STR-060,CAT-07,2024-07-01,2024,7,287,172,9059.84,5567.13,504.57,3492.71
SL-0011480,STR-060,CAT-08,2024-07-01,2024,7,524,347,11200.79,7827.6,214.9,3373.19
SL-0011481,STR-060,CAT-01,2024-08-01,2024,8,353,236,15863.1,9410.41,725.12,6452.69
SL-0011482,STR-060,CAT-02,2024-08-01,2024,8,557,268,8500.07,7073.16,427.88,1426.91
SL-0011483,STR-060,CAT-03,2024-08-01,2024,8,368,200,9985.35,6249.75,102.32,3735.6
SL-0011484,STR-060,CAT-04,2024-08-01,2024,8,377,238,9586.35,6362.42,255.22,3223.93
SL-0011485,STR-060,CAT-05,2024-08-01,2024,8,690,444,18803.15,8515.86,334.61,10287.29
SL-0011486,STR-060,CAT-06,2024-08-01,2024,8,358,209,11302.56,8948.18,132.43,2354.38
SL-0011487,STR-060,CAT-07,2024-08-01,2024,8,459,211,14611.95,8715.86,320.58,5896.09
SL-0011488,STR-060,CAT-08,2024-08-01,2024,8,369,179,12236.61,9163.01,633.78,3073.6
SL-0011489,STR-060,CAT-01,2024-09-01,2024,9,331,301,13580.75,8006.8,618.39,5573.95
SL-0011490,STR-060,CAT-02,2024-09-01,2024,9,260,123,7636.43,5903.36,159.21,1733.07
SL-0011491,STR-060,CAT-03,2024-09-01,2024,9,174,86,7964.1,5068.04,393.97,2896.06
SL-0011492,STR-060,CAT-04,2024-09-01,2024,9,1374,851,13922.07,8696.67,579.38,5225.4
SL-0011493,STR-060,CAT-05,2024-09-01,2024,9,353,216,10455.16,4526.19,165.25,5928.97
SL-0011494,STR-060,CAT-06,2024-09-01,2024,9,340,160,9524.18,7155.28,283.98,2368.9
SL-0011495,STR-060,CAT-07,2024-09-01,2024,9,1066,605,17947.59,10699.5,254.31,7248.09
SL-0011496,STR-060,CAT-08,2024-09-01,2024,9,395,181,9595.58,7184.68,215.56,2410.9
SL-0011497,STR-060,CAT-01,2024-10-01,2024,10,626,389,15260.65,8773.52,486.26,6487.13
SL-0011498,STR-060,CAT-02,2024-10-01,2024,10,976,759,19069.12,15484.94,226.83,3584.18
SL-0011499,STR-060,CAT-03,2024-10-01,2024,10,292,217,10071.12,6246.52,187.68,3824.6
SL-0011500,STR-060,CAT-04,2024-10-01,2024,10,406,207,7972.43,4980.95,137.42,2991.48
SL-0011501,STR-060,CAT-05,2024-10-01,2024,10,279,146,8992.27,3872.1,340.03,5120.17
SL-0011502,STR-060,CAT-06,2024-10-01,2024,10,449,215,12235.54,9704.27,418.48,2531.27
SL-0011503,STR-060,CAT-07,2024-10-01,2024,10,518,231,14095.36,8948.7,291.04,5146.66
SL-0011504,STR-060,CAT-08,2024-10-01,2024,10,355,302,10160.16,7063.8,448.24,3096.36
SL-0011505,STR-060,CAT-01,2024-11-01,2024,11,753,652,18501.92,10835.62,273.94,7666.3
SL-0011506,STR-060,CAT-02,2024-11-01,2024,11,1035,524,21268.66,17205.77,553.79,4062.89
SL-0011507,STR-060,CAT-03,2024-11-01,2024,11,1049,431,21477.34,13355.55,286.57,8121.79
SL-0011508,STR-060,CAT-04,2024-11-01,2024,11,556,337,15971.49,10014.77,239.42,5956.72
SL-0011509,STR-060,CAT-05,2024-11-01,2024,11,1001,558,19058.64,9097.85,676.16,9960.79
SL-0011510,STR-060,CAT-06,2024-11-01,2024,11,403,208,15688.93,12000.71,224.05,3688.22
SL-0011511,STR-060,CAT-07,2024-11-01,2024,11,947,588,27566.86,16478.43,1144.95,11088.43
SL-0011512,STR-060,CAT-08,2024-11-01,2024,11,1016,447,18162.8,13125.26,696.18,5037.54
SL-0011513,STR-060,CAT-01,2024-12-01,2024,12,789,458,19016.05,11240.13,402.97,7775.92
SL-0011514,STR-060,CAT-02,2024-12-01,2024,12,2201,1464,16617.97,14367.83,797.21,2250.14
SL-0011515,STR-060,CAT-03,2024-12-01,2024,12,326,163,10935.84,6835.55,646.4,4100.29
SL-0011516,STR-060,CAT-04,2024-12-01,2024,12,466,246,8908.1,5623.44,515.17,3284.66
SL-0011517,STR-060,CAT-05,2024-12-01,2024,12,514,248,17052.51,7323.71,911.7,9728.8
SL-0011518,STR-060,CAT-06,2024-12-01,2024,12,851,514,19844.06,15529.65,442.35,4314.41
SL-0011519,STR-060,CAT-07,2024-12-01,2024,12,1380,1070,33958.25,20307.62,1666.04,13650.63
SL-0011520,STR-060,CAT-08,2024-12-01,2024,12,218,103,10584.31,7314.06,464.06,3270.25
